ROW|GrossOutput
ABW_A01|30067.744000000002
ABW_A02|20819.893000000004
ABW_A03|101257.62500000003
ABW_A04|101780.364
ABW_A05|34129.596
ABW_A06|102351.96500000001
ABW_A07|725805.908
ABW_A08|54903.475
ABW_A09|103079.03099999999
ABW_A10|65110.132
ABW_A11|53228.439999999995
ABW_A12|28113.909
ABW_A13|245240.90799999994
ABW_A14|376508.17799999996
ABW_A15|47329.508
ABW_A16|330037.436
ABW_A17|271419.441
ABW_A18|678821.138
ABW_A19|321807.31600000005
ABW_A20|201193.67200000002
ABW_A21|1035736.9749999999
ABW_A22|421465.20200000005
ABW_A23|572452.9
ABW_A24|37222.28200000001
ABW_A25|29782.111999999997
ABW_A26|26376.316000000003
AFG_A01|4188533.090999999
AFG_A02|208474.14000000004
AFG_A03|213251.453
AFG_A04|1240496.592
AFG_A05|261580.17200000002
AFG_A06|735244.3969999998
AFG_A07|1897637.6330000001
AFG_A08|778813.347
AFG_A09|2084524.7969999998
AFG_A10|946938.892
AFG_A11|310082.39700000006
AFG_A12|76019.78900000002
AFG_A13|685614.092
AFG_A14|3267490.230000001
AFG_A15|73215.38600000001
AFG_A16|1676866.0020000003
AFG_A17|1509868.1229999997
AFG_A18|1071232.08
AFG_A19|2802022.1549999993
AFG_A20|3276519.751
AFG_A21|7351935.068999999
AFG_A22|1900526.042
AFG_A23|2813029.8079999997
AFG_A24|45521.13000000001
AFG_A25|94449.89799999999
AFG_A26|9592.518
AGO_A01|12212768.824000001
AGO_A02|1878452.096
AGO_A03|30562080.586999997
AGO_A04|2893227.0039999997
AGO_A05|518294.231
AGO_A06|1551210.926
AGO_A07|4412841.308
AGO_A08|1619105.846
AGO_A09|4789554.547
AGO_A10|2168864.5229999996
AGO_A11|712274.0279999999
AGO_A12|77505.31900000005
AGO_A13|9633743.929999998
AGO_A14|18123180.155
AGO_A15|568147.2270000001
AGO_A16|13843693.303999998
AGO_A17|11149775.693
AGO_A18|9705192.320999999
AGO_A19|5240967.472999999
AGO_A20|4040485.283
AGO_A21|19766577.742
AGO_A22|7707874.102999998
AGO_A23|7560018.108
AGO_A24|135249.20999999996
AGO_A25|440667.023
AGO_A26|22532.512999999995
ALB_A01|2875914.324
ALB_A02|141041.787
ALB_A03|343187.849
ALB_A04|673069.7609999999
ALB_A05|460641.436
ALB_A06|427517.708
ALB_A07|1033430.213
ALB_A08|460747.66899999994
ALB_A09|1139348.098
ALB_A10|421191.39699999994
ALB_A11|231415.103
ALB_A12|31619.71999999999
ALB_A13|922523.3049999999
ALB_A14|4142282.886000001
ALB_A15|81224.15599999999
ALB_A16|1339919.0159999998
ALB_A17|1096219.085
ALB_A18|735928.4629999998
ALB_A19|892432.0970000001
ALB_A20|703927.202
ALB_A21|3252127.26
ALB_A22|1390013.385
ALB_A23|1705633.0949999997
ALB_A24|53279.598
ALB_A25|87677.691
ALB_A26|36320.126000000004
AND_A01|80993.47000000002
AND_A02|7626.381999999999
AND_A03|43790.90400000001
AND_A04|178586.363
AND_A05|54387.668999999994
AND_A06|133355.28
AND_A07|321095.606
AND_A08|151498.751
AND_A09|432611.998
AND_A10|180678.70200000002
AND_A11|54963.15199999999
AND_A12|18592.141000000003
AND_A13|107475.359
AND_A14|353331.907
AND_A15|33463.442
AND_A16|376127.048
AND_A17|308735.763
AND_A18|208110.83800000002
AND_A19|210265.60700000002
AND_A20|231110.272
AND_A21|1544155.6700000002
AND_A22|444394.835
AND_A23|596159.623
AND_A24|23876.697
AND_A25|29396.884999999995
AND_A26|13026.454000000002
ANT_A01|46708.595
ANT_A02|6771.872
ANT_A03|17954.504999999976
ANT_A04|44107.95099999999
ANT_A05|89410.71100000002
ANT_A06|22404.904000000006
ANT_A07|121421.242
ANT_A08|60521.319
ANT_A09|113079.523
ANT_A10|12365.962999999989
ANT_A11|21378.543999999998
ANT_A12|7964.56
ANT_A13|304865.48300000007
ANT_A14|433359.69399999996
ANT_A15|9387.52
ANT_A16|120994.76199999999
ANT_A17|269108.915
ANT_A18|466371.847
ANT_A19|699843.2219999998
ANT_A20|132621.02499999994
ANT_A21|1153084.9130000002
ANT_A22|8011.952
ANT_A23|619667.898
ANT_A24|4304.132
ANT_A25|171747.03400000004
ANT_A26|121.898
ARE_A01|7281990.257999999
ARE_A02|432627.88100000005
ARE_A03|85598011.554
ARE_A04|22612335.784999996
ARE_A05|9893138.768000001
ARE_A06|14348866.308999998
ARE_A07|72840083.198
ARE_A08|25745713.309
ARE_A09|55358900.015
ARE_A10|22060522.939000003
ARE_A11|9828767.754999999
ARE_A12|3199953.54
ARE_A13|45914759.509
ARE_A14|85047212.643
ARE_A15|1557775.0580000002
ARE_A16|40205839.746
ARE_A17|29502594.729999997
ARE_A18|32221659.841999996
ARE_A19|58000530.023
ARE_A20|33601106.364999995
ARE_A21|110523534.481
ARE_A22|40411824.532
ARE_A23|44497558.66500001
ARE_A24|634446.2059999999
ARE_A25|2023311.6549999998
ARE_A26|38953.422000000006
ARG_A01|52757014.34199999
ARG_A02|1409805.1190000002
ARG_A03|31537350.647999994
ARG_A04|63303103.381
ARG_A05|19606512.97
ARG_A06|14754697.949
ARG_A07|48263749.084
ARG_A08|15238814.061999999
ARG_A09|12562500.169
ARG_A10|13390943.253
ARG_A11|4636630.365999999
ARG_A12|275584.527
ARG_A13|24500704.146
ARG_A14|42808466.429000005
ARG_A15|1560682.684
ARG_A16|22008304.834999997
ARG_A17|43536707.17599999
ARG_A18|21158153.985999998
ARG_A19|35733013.857999995
ARG_A20|15698121.401
ARG_A21|100947281.698
ARG_A22|41883464.600000024
ARG_A23|98423610.125
ARG_A24|25356.013000000003
ARG_A25|7277180.8790000025
ARG_A26|3851.6300000000006
ARM_A01|2337679.107
ARM_A02|68373.625
ARM_A03|373423.70199999993
ARM_A04|992155.3100000003
ARM_A05|157278.811
ARM_A06|280531.464
ARM_A07|731340.2349999999
ARM_A08|544629.5819999999
ARM_A09|952898.6429999999
ARM_A10|320847.993
ARM_A11|153595.03999999998
ARM_A12|87366.964
ARM_A13|775652.8230000001
ARM_A14|2041788.7099999995
ARM_A15|68655.77200000001
ARM_A16|957149.0719999999
ARM_A17|984764.721
ARM_A18|320133.452
ARM_A19|627934.2760000001
ARM_A20|610646.3410000001
ARM_A21|2933670.692
ARM_A22|967253.623
ARM_A23|1583603.8300000003
ARM_A24|33614.38399999999
ARM_A25|53022.993
ARM_A26|32273.489999999998
ATG_A01|55292.295
ATG_A02|14300.337
ATG_A03|36862.46400000001
ATG_A04|98224.025
ATG_A05|29193.861000000004
ATG_A06|60775.407
ATG_A07|140157.919
ATG_A08|66478.02100000001
ATG_A09|137913.647
ATG_A10|84880.327
ATG_A11|31607.706000000002
ATG_A12|14882.585000000001
ATG_A13|81977.033
ATG_A14|263541.83400000003
ATG_A15|27365.436999999998
ATG_A16|182785.00400000002
ATG_A17|171427.061
ATG_A18|121198.85800000002
ATG_A19|127705.971
ATG_A20|130300.12399999998
ATG_A21|580562.443
ATG_A22|203929.75499999998
ATG_A23|300785.934
ATG_A24|19409.3
ATG_A25|20421.159
ATG_A26|13514.645
AUS_A01|59495606.98
AUS_A02|3800367.179
AUS_A03|112510914.651
AUS_A04|95032294.65600002
AUS_A05|19869877.007
AUS_A06|49980884.212000005
AUS_A07|94258615.71200001
AUS_A08|98568583.048
AUS_A09|56179080.683000006
AUS_A10|55528645.25299999
AUS_A11|16713935.276
AUS_A12|753290.1280000003
AUS_A13|48187278.739999995
AUS_A14|189120290.879
AUS_A15|4336815.483999999
AUS_A16|128896085.92099999
AUS_A17|77933069.06899999
AUS_A18|74130368.78299999
AUS_A19|151764743.319
AUS_A20|75925919.557
AUS_A21|744831809.8390001
AUS_A22|123763928.31199998
AUS_A23|319770762.06000006
AUS_A24|2540791.797
AUS_A25|5380372.051
AUS_A26|632697.995
AUT_A01|14822318.797999999
AUT_A02|41281.397000000004
AUT_A03|3856481.186
AUT_A04|26476793.559000004
AUT_A05|11094377.376000002
AUT_A06|37170378.269
AUT_A07|45266583.463
AUT_A08|40172636.759
AUT_A09|62732229.374
AUT_A10|24096698.207999997
AUT_A11|10132783.678
AUT_A12|827336.961
AUT_A13|22610223.290000003
AUT_A14|55628585.536
AUT_A15|13531190.329
AUT_A16|47512347.598
AUT_A17|29731109.257999994
AUT_A18|29990862.247
AUT_A19|51851380.40599999
AUT_A20|20235738.329000004
AUT_A21|165484955.515
AUT_A22|33946253.47299999
AUT_A23|82089585.132
AUT_A24|744503.054
AUT_A25|3000009.596000001
AUT_A26|17067345.82
AZE_A01|4832237.2809999995
AZE_A02|128557.33800000002
AZE_A03|11807592.253000002
AZE_A04|2366813.061
AZE_A05|526328.55
AZE_A06|1291412.4179999998
AZE_A07|4323838.889
AZE_A08|1544911.852
AZE_A09|3468515.76
AZE_A10|1379477.922
AZE_A11|587032.8910000001
AZE_A12|104428.54000000001
AZE_A13|8228393.479
AZE_A14|7710862.148
AZE_A15|208113.668
AZE_A16|4077427.709
AZE_A17|3461409.9240000006
AZE_A18|2366574.358
AZE_A19|3378923.266
AZE_A20|3101657.4359999998
AZE_A21|10464803.600999998
AZE_A22|3394167.6239999994
AZE_A23|4388230.639
AZE_A24|104581.66699999999
AZE_A25|214670.64599999998
AZE_A26|34053.647000000004
BDI_A01|1122639.154
BDI_A02|152405.14599999998
BDI_A03|49313.918000000005
BDI_A04|364765.50299999997
BDI_A05|62010.38399999999
BDI_A06|144816.47900000002
BDI_A07|239088.58900000004
BDI_A08|115261.04599999999
BDI_A09|230577.862
BDI_A10|127433.95599999999
BDI_A11|64809.306
BDI_A12|33946.854
BDI_A13|78169.01999999999
BDI_A14|251996.235
BDI_A15|36384.292
BDI_A16|191310.277
BDI_A17|182738.936
BDI_A18|196365.06900000002
BDI_A19|135377.026
BDI_A20|138303.477
BDI_A21|690684.142
BDI_A22|336176.067
BDI_A23|441083.93799999997
BDI_A24|33276.138
BDI_A25|39326.081
BDI_A26|29349.212999999996
BEL_A01|16009154.246999998
BEL_A02|263856.882
BEL_A03|3265637.455
BEL_A04|58582812.867
BEL_A05|20368343.941
BEL_A06|28445767.136
BEL_A07|112962998.757
BEL_A08|51216753.842
BEL_A09|50154496.53400001
BEL_A10|38615296.558
BEL_A11|9134114.711000001
BEL_A12|418603.983
BEL_A13|21712136.832000002
BEL_A14|79516963.182
BEL_A15|18898197.472000003
BEL_A16|82366429.08999997
BEL_A17|30695977.585999995
BEL_A18|21340966.889
BEL_A19|75241929.575
BEL_A20|24537575.03
BEL_A21|236084725.303
BEL_A22|50733655.28999999
BEL_A23|104237764.029
BEL_A24|1717306.7199999997
BEL_A25|3228419.1340000005
BEL_A26|121830635.268
BEN_A01|2694668.824
BEN_A02|155452.283
BEN_A03|78757.971
BEN_A04|1012143.306
BEN_A05|160870.356
BEN_A06|409129.2629999999
BEN_A07|846909.054
BEN_A08|346718.59800000006
BEN_A09|959693.511
BEN_A10|427053.47800000006
BEN_A11|156357.128
BEN_A12|59249.049999999996
BEN_A13|215962.21099999995
BEN_A14|1767474.8189999997
BEN_A15|80029.65
BEN_A16|1153326.2879999997
BEN_A17|937360.2339999999
BEN_A18|988282.878
BEN_A19|944651.0160000001
BEN_A20|870508.148
BEN_A21|2016480.8250000002
BEN_A22|915479.3889999999
BEN_A23|1048612.085
BEN_A24|85267.81700000001
BEN_A25|67846.728
BEN_A26|23151.041
BFA_A01|3895976.17
BFA_A02|196892.787
BFA_A03|365091.25299999997
BFA_A04|850063.5110000002
BFA_A05|210198.09999999998
BFA_A06|412869.66800000006
BFA_A07|1100303.934
BFA_A08|459217.65900000004
BFA_A09|1289346.9130000002
BFA_A10|601970.343
BFA_A11|180065.191
BFA_A12|53984.81100000001
BFA_A13|1597131.4160000002
BFA_A14|1246683.9279999998
BFA_A15|72204.47700000001
BFA_A16|1176434.1609999996
BFA_A17|1029176.8160000001
BFA_A18|750368.4029999999
BFA_A19|448122.0890000002
BFA_A20|614374.8380000001
BFA_A21|3332615.7879999997
BFA_A22|1580952.791
BFA_A23|1696167.986
BFA_A24|46423.557999999975
BFA_A25|62666.779999999984
BFA_A26|29349.468999999997
BGD_A01|45346130.06300001
BGD_A02|3566532.490000001
BGD_A03|2296501.4740000004
BGD_A04|22007791.697000004
BGD_A05|19118352.651
BGD_A06|8988087.962000001
BGD_A07|24571285.185000002
BGD_A08|10059832.789
BGD_A09|28910139.777000003
BGD_A10|12005877.574000001
BGD_A11|3976500.483
BGD_A12|609410.3389999998
BGD_A13|8758314.494999997
BGD_A14|50722802.73600002
BGD_A15|904778.121
BGD_A16|20139529.733
BGD_A17|19975611.521999996
BGD_A18|14281415.593999999
BGD_A19|16605393.782000003
BGD_A20|17946595.254
BGD_A21|60019545.837
BGD_A22|18123030.950000003
BGD_A23|28984511.233999994
BGD_A24|495110.73600000003
BGD_A25|775117.5199999999
BGD_A26|17186.965999999993
BGR_A01|7015033.672
BGR_A02|184803.83099999998
BGR_A03|1496980.79
BGR_A04|6113457.595999999
BGR_A05|4605243.692
BGR_A06|3698685.234
BGR_A07|12746773.076000001
BGR_A08|7110811.088
BGR_A09|12139018.348000001
BGR_A10|3797537.595
BGR_A11|1427207.8540000003
BGR_A12|388203.75899999996
BGR_A13|9635339.603
BGR_A14|9456381.288
BGR_A15|296853.24199999997
BGR_A16|8411660.452000001
BGR_A17|4039386.8670000006
BGR_A18|5463807.269000001
BGR_A19|11513057.590999998
BGR_A20|6313984.3999999985
BGR_A21|18565911.806999996
BGR_A22|7180647.203000001
BGR_A23|9395489.787999999
BGR_A24|157933.262
BGR_A25|493791.294
BGR_A26|33063.941
BHR_A01|317175.075
BHR_A02|64955.602000000006
BHR_A03|3399231.712
BHR_A04|2438649.5760000004
BHR_A05|1211158.417
BHR_A06|1936357.5190000003
BHR_A07|9392459.112
BHR_A08|6222552.251
BHR_A09|5130528.427
BHR_A10|2155961.9960000003
BHR_A11|649210.317
BHR_A12|252982.78699999998
BHR_A13|4124263.061
BHR_A14|6444836.283
BHR_A15|164877.99300000002
BHR_A16|2567347.027
BHR_A17|1743814.07
BHR_A18|1796807.883
BHR_A19|4041846.9499999997
BHR_A20|2099356.77
BHR_A21|11185680.293
BHR_A22|4112961.3809999996
BHR_A23|5135833.2069999995
BHR_A24|135896.483
BHR_A25|226922.269
BHR_A26|69351.07699999999
BHS_A01|198554.85700000008
BHS_A02|38075.003999999986
BHS_A03|196903.94400000002
BHS_A04|1006213.5279999999
BHS_A05|59454.359000000004
BHS_A06|151654.97400000002
BHS_A07|675406.719
BHS_A08|157115.821
BHS_A09|493058.99499999994
BHS_A10|242029.653
BHS_A11|99226.356
BHS_A12|26091.693999999996
BHS_A13|753106.506
BHS_A14|1266340.3529999997
BHS_A15|72713.91799999999
BHS_A16|1728012.517
BHS_A17|1178996.261
BHS_A18|956079.746
BHS_A19|767108.646
BHS_A20|703319.5339999999
BHS_A21|4325942.503
BHS_A22|1266314.419
BHS_A23|1839168.0680000002
BHS_A24|37081.932
BHS_A25|49324.83500000001
BHS_A26|9309.073
BIH_A01|2308423.877
BIH_A02|103178.58600000001
BIH_A03|603951.572
BIH_A04|1303462.7430000002
BIH_A05|1097349.7999999998
BIH_A06|1093873.161
BIH_A07|2221523.267
BIH_A08|1158944.699
BIH_A09|2566205.4710000004
BIH_A10|1034444.6359999999
BIH_A11|418724.7860000001
BIH_A12|124485.962
BIH_A13|1608401.067
BIH_A14|2034044.8080000002
BIH_A15|128799.088
BIH_A16|2029913.801
BIH_A17|1592963.405
BIH_A18|1165426.844
BIH_A19|1246629.889
BIH_A20|1188070.6349999998
BIH_A21|5141324.183
BIH_A22|2335173.1610000003
BIH_A23|2721248.5360000003
BIH_A24|77054.385
BIH_A25|105987.93199999999
BIH_A26|29597.268999999997
BLR_A01|3567737.146
BLR_A02|282180.162
BLR_A03|1191300.897
BLR_A04|1655140.6099999999
BLR_A05|1424226.758
BLR_A06|1226606.4919999999
BLR_A07|5500897.42
BLR_A08|2050836.7740000002
BLR_A09|4662379.262999999
BLR_A10|294597.143
BLR_A11|302390.08499999996
BLR_A12|137872.46099999998
BLR_A13|1412271.0059999996
BLR_A14|3186838.419
BLR_A15|201685.70400000003
BLR_A16|2710721.9790000003
BLR_A17|3001123.862
BLR_A18|500013.03099999996
BLR_A19|5130024.648
BLR_A20|1280552.025
BLR_A21|5913488.579000001
BLR_A22|2313008.1259999997
BLR_A23|4744642.328
BLR_A24|253515.28100000002
BLR_A25|1224077.731
BLR_A26|2380933.165
BLZ_A01|241182.313
BLZ_A02|24980.773
BLZ_A03|33212.912
BLZ_A04|181012.13799999998
BLZ_A05|22245.52
BLZ_A06|42704.329
BLZ_A07|80353.12400000001
BLZ_A08|39916.205
BLZ_A09|96029.86300000001
BLZ_A10|51584.94
BLZ_A11|23202.661
BLZ_A12|10631.315
BLZ_A13|89388.73499999999
BLZ_A14|217831.10400000005
BLZ_A15|28750.811
BLZ_A16|230201.663
BLZ_A17|189024.69499999998
BLZ_A18|147195.09599999996
BLZ_A19|108704.357
BLZ_A20|118445.38199999998
BLZ_A21|369379.48400000005
BLZ_A22|221845.01299999998
BLZ_A23|261202.16800000003
BLZ_A24|15418.401000000002
BLZ_A25|14360.995
BLZ_A26|10877.463
BMU_A01|71993.708
BMU_A02|24059.162
BMU_A03|59544.56100000001
BMU_A04|110802.507
BMU_A05|29128.72
BMU_A06|41702.736999999994
BMU_A07|117906.35
BMU_A08|44735.653999999995
BMU_A09|125788.714
BMU_A10|96995.97099999999
BMU_A11|42042.806
BMU_A12|26702.803999999996
BMU_A13|712567.7909999999
BMU_A14|441474.67199999996
BMU_A15|52106.848
BMU_A16|343885.661
BMU_A17|338908.29000000004
BMU_A18|617168.2170000001
BMU_A19|580420.8549999999
BMU_A20|163533.661
BMU_A21|2993206.478
BMU_A22|1198768.4389999998
BMU_A23|1510650.227
BMU_A24|131236.064
BMU_A25|100997.20800000001
BMU_A26|26516.793
BOL_A01|3637725.117
BOL_A02|115143.066
BOL_A03|2283715.7299999995
BOL_A04|4265262.213
BOL_A05|881662.0489999999
BOL_A06|779812.2159999998
BOL_A07|2090850.738
BOL_A08|466584.24600000004
BOL_A09|516698.448
BOL_A10|56506.40700000001
BOL_A11|131495.18899999998
BOL_A12|48988.42999999999
BOL_A13|618801.766
BOL_A14|1836962.54
BOL_A15|57140.317
BOL_A16|736475.4290000001
BOL_A17|1638023.142
BOL_A18|1465813.992
BOL_A19|2348934.0879999995
BOL_A20|806850.317
BOL_A21|2951969.2249999996
BOL_A22|2657409.028
BOL_A23|975955.3480000001
BOL_A24|90366.35200000001
BOL_A25|1016249.918
BOL_A26|90645.75
BRA_A01|107544083.79699999
BRA_A02|19182388.737
BRA_A03|80489126.268
BRA_A04|181746088.347
BRA_A05|68041477.92100002
BRA_A06|57871785.48000001
BRA_A07|291393233.92899996
BRA_A08|97690305.56899999
BRA_A09|149308343.09600002
BRA_A10|111267341.88899998
BRA_A11|22027405.453
BRA_A12|8196213.693999999
BRA_A13|75948615.76399998
BRA_A14|133010399.64400001
BRA_A15|3792721.135
BRA_A16|48883930.553
BRA_A17|108724635.40999998
BRA_A18|81314834.312
BRA_A19|105360555.65799999
BRA_A20|95572200.86299998
BRA_A21|398715579.246
BRA_A22|217575977.763
BRA_A23|202219270.38900003
BRA_A24|236126.83799999545
BRA_A25|62416738.379999995
BRA_A26|1960349.417
BRB_A01|155895.005
BRB_A02|22139.760000000002
BRB_A03|96778.85900000003
BRB_A04|427145.9469999999
BRB_A05|77704.95200000002
BRB_A06|193832.44
BRB_A07|478027.3929999999
BRB_A08|196559.012
BRB_A09|507826.0690000001
BRB_A10|204381.745
BRB_A11|85230.11799999999
BRB_A12|29363.378
BRB_A13|188879.629
BRB_A14|528256.505
BRB_A15|50403.272
BRB_A16|554406.286
BRB_A17|498681.2680000001
BRB_A18|347654.171
BRB_A19|431149.69299999997
BRB_A20|410687.93200000003
BRB_A21|1974668.5020000003
BRB_A22|564589.402
BRB_A23|873989.7139999999
BRB_A24|33947.046
BRB_A25|40942.349
BRB_A26|17025.355
BRN_A01|245336.39900000003
BRN_A02|32174.087
BRN_A03|5569593.149
BRN_A04|500270.15299999993
BRN_A05|246889.341
BRN_A06|492766.23900000006
BRN_A07|1288751.597
BRN_A08|613483.351
BRN_A09|1727072.5329999998
BRN_A10|706757.1150000001
BRN_A11|238716.01300000004
BRN_A12|39974.66499999999
BRN_A13|2434122.543
BRN_A14|2220545.691
BRN_A15|46221.37300000001
BRN_A16|935046.6049999999
BRN_A17|671786.18
BRN_A18|610022.845
BRN_A19|885712.142
BRN_A20|684685.9730000001
BRN_A21|2936837.6689999998
BRN_A22|2003904.2769999995
BRN_A23|1636635.0950000002
BRN_A24|31826.541999999998
BRN_A25|70972.286
BRN_A26|17657.231
BTN_A01|394521.33499999996
BTN_A02|68602.44399999999
BTN_A03|80133.64699999998
BTN_A04|312601.1669999999
BTN_A05|33801.623999999996
BTN_A06|58367.96799999999
BTN_A07|112809.23999999999
BTN_A08|110944.10199999998
BTN_A09|113894.245
BTN_A10|49476.687999999995
BTN_A11|28995.515
BTN_A12|18547.019999999997
BTN_A13|463639.81699999986
BTN_A14|913346.862
BTN_A15|29718.43
BTN_A16|146011.83700000003
BTN_A17|153897.741
BTN_A18|144478.08
BTN_A19|267331.298
BTN_A20|170270.309
BTN_A21|215266.91000000003
BTN_A22|289992.81799999997
BTN_A23|232141.892
BTN_A24|33926.028
BTN_A25|22751.196000000004
BTN_A26|25543.047
BWA_A01|434613.54599999986
BWA_A02|46603.81999999999
BWA_A03|1992240.738
BWA_A04|668606.482
BWA_A05|265775.02800000005
BWA_A06|519914.71
BWA_A07|1324932.845
BWA_A08|536346.0850000001
BWA_A09|1269367.423
BWA_A10|589749.233
BWA_A11|554382.7079999999
BWA_A12|79186.49699999999
BWA_A13|2549262.6719999993
BWA_A14|3287109.4400000004
BWA_A15|162390.342
BWA_A16|1975313.0869999998
BWA_A17|1403712.002
BWA_A18|1614898.631
BWA_A19|973970.896
BWA_A20|844680.4339999999
BWA_A21|6329052.568999999
BWA_A22|2728814.0130000003
BWA_A23|2814927.0590000004
BWA_A24|85326.136
BWA_A25|134853.473
BWA_A26|28796.730000000003
CAF_A01|604151.6309999999
CAF_A02|65820.38200000001
CAF_A03|40413.825
CAF_A04|175802.17700000003
CAF_A05|36845.98299999999
CAF_A06|98912.867
CAF_A07|205069.087
CAF_A08|91166.39699999998
CAF_A09|235674.808
CAF_A10|104967.11699999998
CAF_A11|45341.695999999996
CAF_A12|16399.024000000005
CAF_A13|84657.737
CAF_A14|225602.35800000004
CAF_A15|20735.881
CAF_A16|216769.77200000003
CAF_A17|199278.902
CAF_A18|143952.95
CAF_A19|114191.952
CAF_A20|115229.465
CAF_A21|664733.013
CAF_A22|202031.378
CAF_A23|321048.79000000004
CAF_A24|15277.907
CAF_A25|18325.034999999996
CAF_A26|12597.166
CAN_A01|84886608.485
CAN_A02|12420639.645
CAN_A03|132711630.521
CAN_A04|121614031.619
CAN_A05|24600903.889
CAN_A06|134158945.505
CAN_A07|177374674.73399997
CAN_A08|97080516.14799997
CAN_A09|143704998.389
CAN_A10|140103937.438
CAN_A11|38915571.22500001
CAN_A12|12684727.183000002
CAN_A13|37769740.94
CAN_A14|226039884.72700006
CAN_A15|6246249.6219999995
CAN_A16|80507273.17499998
CAN_A17|179059118.541
CAN_A18|77735961.02899998
CAN_A19|258095271.79899997
CAN_A20|46378992.72
CAN_A21|597220059.924
CAN_A22|215142003.46499997
CAN_A23|243061490.40499997
CAN_A24|8986.178
CAN_A25|2579063.4649999994
CAN_A26|28798035.651
CHE_A01|15497845.667000001
CHE_A02|2246897.891
CHE_A03|5848825.013
CHE_A04|43186194.557
CHE_A05|16854765.469
CHE_A06|34635684.958000004
CHE_A07|109570107.74700001
CHE_A08|49762735.251
CHE_A09|189794304.03399998
CHE_A10|21879085.887999993
CHE_A11|13750284.202000001
CHE_A12|818588.2239999999
CHE_A13|32309423.342
CHE_A14|58036567.94500001
CHE_A15|5815211.252
CHE_A16|34672782.216
CHE_A17|77117169.345
CHE_A18|37134088.510000005
CHE_A19|56952044.140999995
CHE_A20|27835031.222
CHE_A21|248532056.68300003
CHE_A22|40728003.375999995
CHE_A23|122510427.74899998
CHE_A24|2057033.8619999997
CHE_A25|5476758.403999999
CHE_A26|98773.38199999975
CHL_A01|16604270.244
CHL_A02|5538630.763
CHL_A03|50720193.78
CHL_A04|38161867.388000004
CHL_A05|9941634.445000004
CHL_A06|14113121.078999998
CHL_A07|34005161.143
CHL_A08|12714943.152
CHL_A09|3986537.1950000003
CHL_A10|1428228.4290000002
CHL_A11|2734887.5470000003
CHL_A12|134774.613
CHL_A13|21202944.252000004
CHL_A14|35627009.27599999
CHL_A15|1153833.663
CHL_A16|14871613.301
CHL_A17|33076538.386000004
CHL_A18|12613000.987000002
CHL_A19|36600710.135000005
CHL_A20|10097231.667000001
CHL_A21|68776864.023
CHL_A22|20709414.246000003
CHL_A23|44079161.738
CHL_A24|13920.479999999996
CHL_A25|3976557.925
CHL_A26|1248326.8180000002
CHN_A01|1574925101.98
CHN_A02|171690040.27000004
CHN_A03|934812325.429
CHN_A04|1603454206.25
CHN_A05|1382644790.3470001
CHN_A06|697831087.1770002
CHN_A07|3668738089.2490005
CHN_A08|2602951059.1939993
CHN_A09|4303639039.703
CHN_A10|1283313897.151
CHN_A11|396904957.421
CHN_A12|119201334.61
CHN_A13|1052146332.3479999
CHN_A14|2991999925.2599998
CHN_A15|36363982.932
CHN_A16|468690675.97
CHN_A17|1042432760.604
CHN_A18|645652232.823
CHN_A19|1313725780.7120001
CHN_A20|394249897.995
CHN_A21|2501374875.1260004
CHN_A22|96045578.18099998
CHN_A23|1666205880.409
CHN_A24|7394245.489
CHN_A25|861408260.6370001
CHN_A26|43694.412000000004
CIV_A01|10305682.849
CIV_A02|276105.0360000001
CIV_A03|856552.0820000003
CIV_A04|3217076.5119999996
CIV_A05|551091.733
CIV_A06|1785256.984
CIV_A07|3690290.3389999997
CIV_A08|1329755.2170000002
CIV_A09|4003034.81
CIV_A10|1779922.247
CIV_A11|563610.422
CIV_A12|99719.34
CIV_A13|3089757.0489999996
CIV_A14|4069342.6270000003
CIV_A15|171275.56200000003
CIV_A16|3232278.37
CIV_A17|2888849.8000000003
CIV_A18|2044181.0629999998
CIV_A19|2642877.581
CIV_A20|2571762.761
CIV_A21|10736298.571999999
CIV_A22|3826462.0760000004
CIV_A23|4640002.206
CIV_A24|89655.241
CIV_A25|162072.523
CIV_A26|13208.422999999999
CMR_A01|5497687.249
CMR_A02|285069.972
CMR_A03|1415004.756
CMR_A04|2191714.0640000002
CMR_A05|479138.914
CMR_A06|1729395.9980000001
CMR_A07|3160070.404
CMR_A08|1387788.5929999996
CMR_A09|3828701.872
CMR_A10|1680938.5159999998
CMR_A11|586704.048
CMR_A12|145660.12800000003
CMR_A13|1825182.781
CMR_A14|4119269.1969999997
CMR_A15|205997.076
CMR_A16|3786518.5990000004
CMR_A17|3607362.659
CMR_A18|2466080.8910000003
CMR_A19|2440286.208
CMR_A20|2488349.4570000004
CMR_A21|12101264.004999999
CMR_A22|3118187.6750000003
CMR_A23|4738138.842
CMR_A24|88031.402
CMR_A25|162841.33500000002
CMR_A26|26852.08
COD_A01|8768667.842999998
COD_A02|595623.578
COD_A03|6924325.504000001
COD_A04|3586261.034
COD_A05|752560.6290000002
COD_A06|2193002.9349999996
COD_A07|5302679.086999999
COD_A08|2392197.8299999996
COD_A09|5881397.256
COD_A10|2530871.596
COD_A11|949415.7219999998
COD_A12|213994.144
COD_A13|5868521.797
COD_A14|3803428.327
COD_A15|225206.332
COD_A16|3996548.5349999997
COD_A17|3424251.417
COD_A18|2707478.1049999995
COD_A19|3996200.3570000003
COD_A20|3774324.847
COD_A21|16068500.321
COD_A22|2913939.78
COD_A23|5118001.069000001
COD_A24|127261.74300000002
COD_A25|233748.58000000002
COD_A26|58159.725999999995
COG_A01|1246812.724
COG_A02|160770.31399999998
COG_A03|4016959.635
COG_A04|742475.229
COG_A05|190983.37099999998
COG_A06|571896.353
COG_A07|1328307.4120000002
COG_A08|679834.639
COG_A09|1602232.156
COG_A10|688263.2750000001
COG_A11|244605.20899999997
COG_A12|72566.243
COG_A13|1116391.7030000002
COG_A14|1845631.92
COG_A15|90297.506
COG_A16|1421361.2910000002
COG_A17|895047.314
COG_A18|756450.072
COG_A19|1353859.397
COG_A20|1199053.097
COG_A21|4955288.095000001
COG_A22|1281572.4300000002
COG_A23|1809287.8739999998
COG_A24|52861.882000000005
COG_A25|97230.79999999999
COG_A26|34306.202999999994
COL_A01|28855578.052
COL_A02|745612.0420000002
COL_A03|30625225.600999996
COL_A04|37890831.543
COL_A05|10478889.664
COL_A06|7530367.224
COL_A07|67475659.37799999
COL_A08|16784382.277
COL_A09|9067370.501999998
COL_A10|4049223.792
COL_A11|4296793.720000001
COL_A12|549919.0320000004
COL_A13|21927498.587999996
COL_A14|47801899.96600001
COL_A15|1631057.949
COL_A16|21022518.786
COL_A17|46756993.655
COL_A18|6461249.493999992
COL_A19|29261709.623000003
COL_A20|21397319.004
COL_A21|19436703.03100001
COL_A22|82465047.25100002
COL_A23|32956116.51900001
COL_A24|1384853.9430000004
COL_A25|5533194.027000001
COL_A26|9586.733000000004
CPV_A01|123268.36800000002
CPV_A02|32293.359000000004
CPV_A03|50789.257000000005
CPV_A04|152729.142
CPV_A05|55665.79
CPV_A06|107296.06300000001
CPV_A07|222527.15300000002
CPV_A08|111075.52500000001
CPV_A09|275950.103
CPV_A10|121917.17199999999
CPV_A11|53194.270000000004
CPV_A12|25760.109
CPV_A13|103279.42800000001
CPV_A14|335130.88600000006
CPV_A15|37199.824
CPV_A16|237394.71499999997
CPV_A17|191122.275
CPV_A18|149000.404
CPV_A19|194051.254
CPV_A20|211550.99299999996
CPV_A21|809002.896
CPV_A22|303046.649
CPV_A23|375654.73800000007
CPV_A24|31836.476000000002
CPV_A25|33496.48
CPV_A26|24831.355
CRI_A01|4929079.142999999
CRI_A02|283305.725
CRI_A03|565605.306
CRI_A04|4253757.385
CRI_A05|1849847.0029999998
CRI_A06|2185058.989
CRI_A07|6265826.510000001
CRI_A08|2585018.6419999995
CRI_A09|8232684.01
CRI_A10|2353739.6259999997
CRI_A11|883988.629
CRI_A12|195647.622
CRI_A13|2005254.4240000003
CRI_A14|5264147.631
CRI_A15|228230.52
CRI_A16|5910645.441
CRI_A17|3987598.882999999
CRI_A18|3127611.211
CRI_A19|4171425.42
CRI_A20|3954454.604
CRI_A21|19341196.397
CRI_A22|6395071.64
CRI_A23|9354323.493
CRI_A24|140714.684
CRI_A25|312526.36
CRI_A26|17958.453999999998
CUB_A01|4279318.319999999
CUB_A02|462292.4940000001
CUB_A03|1152864.207
CUB_A04|6867445.1959999995
CUB_A05|652241.333
CUB_A06|1780850.2580000001
CUB_A07|4603883.493000001
CUB_A08|2680001.3819999998
CUB_A09|4926476.606000001
CUB_A10|2340953.14
CUB_A11|846360.0179999999
CUB_A12|293532.507
CUB_A13|2243483.982
CUB_A14|10820349.227
CUB_A15|530768.2559999999
CUB_A16|10440153.776999999
CUB_A17|9761938.685
CUB_A18|6773427.011999999
CUB_A19|5173898.381999999
CUB_A20|4703181.926
CUB_A21|21010428.799999997
CUB_A22|15229938.699
CUB_A23|18205824.924
CUB_A24|203158.28700000004
CUB_A25|329354.3609999999
CUB_A26|31065.362999999998
CYM_A01|80591.411
CYM_A02|20608.894999999997
CYM_A03|76733.90899999999
CYM_A04|179202.059
CYM_A05|43444.621
CYM_A06|75871.46599999999
CYM_A07|214357.393
CYM_A08|83753.02000000002
CYM_A09|270625.35699999996
CYM_A10|359942.028
CYM_A11|62660.564
CYM_A12|24370.448
CYM_A13|222521.86
CYM_A14|445217.21699999995
CYM_A15|48078.96100000001
CYM_A16|574649.833
CYM_A17|329582.30999999994
CYM_A18|440861.024
CYM_A19|563920.226
CYM_A20|327086.167
CYM_A21|2777734.6039999994
CYM_A22|780475.9639999999
CYM_A23|1119154.2130000002
CYM_A24|41183.69099999999
CYM_A25|49185.214
CYM_A26|36295.2
CYP_A01|385316.228
CYP_A02|14376.199999999997
CYP_A03|104391.154
CYP_A04|680707.727
CYP_A05|137550.22499999998
CYP_A06|476424.265
CYP_A07|1169135.53
CYP_A08|465504.1930000001
CYP_A09|1176445.4079999998
CYP_A10|503684.14800000004
CYP_A11|201831.48499999996
CYP_A12|28331.494999999988
CYP_A13|656056.7609999999
CYP_A14|1227369.1199999999
CYP_A15|28351.630000000016
CYP_A16|1870892.3020000004
CYP_A17|581817.827
CYP_A18|920506.719
CYP_A19|768782.4950000001
CYP_A20|743651.8280000002
CYP_A21|2619574.855
CYP_A22|526877.8250000001
CYP_A23|1275545.6169999999
CYP_A24|14888.928999999996
CYP_A25|59851.49600000001
CYP_A26|2686.587000000001
CZE_A01|11766663.068999998
CZE_A02|79679.09599999999
CZE_A03|4809071.756999999
CZE_A04|23126712.130999997
CZE_A05|9774430.912
CZE_A06|13282363.556
CZE_A07|28657572.785999995
CZE_A08|23203449.408000004
CZE_A09|36075993.364999995
CZE_A10|23364110.494
CZE_A11|5836679.046
CZE_A12|1241470.5879999995
CZE_A13|21458328.056
CZE_A14|35951374.728
CZE_A15|5656080.936999999
CZE_A16|19536358.788999997
CZE_A17|7720608.009
CZE_A18|7318742.161
CZE_A19|23457363.929
CZE_A20|8985903.91
CZE_A21|60478804.927999996
CZE_A22|7207574.986000001
CZE_A23|19779563.197
CZE_A24|14781.006000000001
CZE_A25|1266894.626
CZE_A26|21466.796000000006
DEU_A01|77057604.09799999
DEU_A02|607196.1119999998
DEU_A03|25419689.22
DEU_A04|205424128.98799998
DEU_A05|48402078.237
DEU_A06|159901996.446
DEU_A07|516974517.1539999
DEU_A08|413932787.421
DEU_A09|661467386.8640001
DEU_A10|548196105.4780002
DEU_A11|54166458.30200001
DEU_A12|9044799.697999997
DEU_A13|173100122.065
DEU_A14|357675472.3420001
DEU_A15|9287180.421999998
DEU_A16|261162749.76299998
DEU_A17|176338353.37800005
DEU_A18|107413586.21499997
DEU_A19|479674903.97200006
DEU_A20|153674157.84199998
DEU_A21|1543627023.4969997
DEU_A22|292288018.443
DEU_A23|922993490.9720002
DEU_A24|41751.765999999996
DEU_A25|11982784.293000003
DEU_A26|270066693.57199997
DJI_A01|173372.456
DJI_A02|77481.30600000001
DJI_A03|136888.544
DJI_A04|223979.64800000002
DJI_A05|136671.32499999998
DJI_A06|145916.527
DJI_A07|351317.529
DJI_A08|196162.929
DJI_A09|338243.716
DJI_A10|200885.96000000002
DJI_A11|114382.457
DJI_A12|92746.727
DJI_A13|187638.357
DJI_A14|386898.859
DJI_A15|145576.196
DJI_A16|514206.191
DJI_A17|454128.29
DJI_A18|334581.387
DJI_A19|484345.24400000006
DJI_A20|533883.229
DJI_A21|894224.45
DJI_A22|550110.0079999999
DJI_A23|609991.553
DJI_A24|122352.106
DJI_A25|81795.151
DJI_A26|112319.517
DNK_A01|14429576.236000001
DNK_A02|1088962.9600000002
DNK_A03|7893974.305
DNK_A04|33526520.973
DNK_A05|5120064.934
DNK_A06|16458981.557
DNK_A07|32421395.98
DNK_A08|15405123.691000002
DNK_A09|47116851.661
DNK_A10|6578173.3040000005
DNK_A11|7516250.526000001
DNK_A12|571616.0220000001
DNK_A13|9618203.716999998
DNK_A14|47972658.662
DNK_A15|5846942.92
DNK_A16|40701324.605000004
DNK_A17|12582529.145999998
DNK_A18|12357509.478
DNK_A19|55793657.842999995
DNK_A20|24860173.385999996
DNK_A21|134275461.074
DNK_A22|48782218.86799999
DNK_A23|61797921.84899999
DNK_A24|346343.00700000004
DNK_A25|1152440.693
DNK_A26|32814846.358
DOM_A01|4816851.509000001
DOM_A02|240150.616
DOM_A03|1658336.048
DOM_A04|4539580.43
DOM_A05|4107898.8939999994
DOM_A06|2102420.96
DOM_A07|6048149.195
DOM_A08|2731406.066
DOM_A09|8554437.666
DOM_A10|2514457.8700000006
DOM_A11|1284582.068
DOM_A12|364003.904
DOM_A13|3509139.527
DOM_A14|11799079.795
DOM_A15|384842.37
DOM_A16|8675962.894
DOM_A17|6760149.464999999
DOM_A18|5014237.922000002
DOM_A19|5674502.223
DOM_A20|5500384.395
DOM_A21|21898376.420999996
DOM_A22|6090723.003
DOM_A23|9470470.996
DOM_A24|172579.118
DOM_A25|340597.1020000001
DOM_A26|26553.767
DZA_A01|22923382.461
DZA_A02|1115890.46
DZA_A03|32538344.472
DZA_A04|5789158.446999999
DZA_A05|848866.025
DZA_A06|2968934.882
DZA_A07|6896932.672999999
DZA_A08|2882364.313
DZA_A09|9616658.648000002
DZA_A10|4478439.191999999
DZA_A11|1368620.0299999998
DZA_A12|477770.9
DZA_A13|14881820.728999998
DZA_A14|35477684.20900001
DZA_A15|503165.80900000007
DZA_A16|12849851.273999998
DZA_A17|11341155.930000002
DZA_A18|6922003.065999999
DZA_A19|11202845.375
DZA_A20|14045564.213
DZA_A21|22684972.148000002
DZA_A22|15759232.716999998
DZA_A23|13223281.411000004
DZA_A24|193652.607
DZA_A25|448732.32700000005
DZA_A26|8993.488000000001
ECU_A01|12083475.12
ECU_A02|2293492.856
ECU_A03|14760706.160999998
ECU_A04|13373392.840000002
ECU_A05|3187631.307
ECU_A06|5287448.254
ECU_A07|17372015.777999997
ECU_A08|3403208.0780000007
ECU_A09|3216024.352
ECU_A10|2719653.325
ECU_A11|137872.23000000027
ECU_A12|51364.10400000002
ECU_A13|3206680.239
ECU_A14|18499880.217
ECU_A15|211872.858
ECU_A16|2730809.9859999996
ECU_A17|6073691.198
ECU_A18|9567392.59
ECU_A19|9522754.408
ECU_A20|2683127.7139999997
ECU_A21|13011684.466
ECU_A22|8464456.245
ECU_A23|12715375.710000003
ECU_A24|442186.3100000001
ECU_A25|885214.0549999999
ECU_A26|7980.105
EGY_A01|33433438.244999997
EGY_A02|1541334.6770000001
EGY_A03|12531429.785
EGY_A04|22397479.664
EGY_A05|7911952.717
EGY_A06|8738299.113
EGY_A07|26794028.125
EGY_A08|9547779.575
EGY_A09|25785761.195
EGY_A10|11130184.848
EGY_A11|4303349.177
EGY_A12|1142719.7470000002
EGY_A13|26811361.039999995
EGY_A14|25023962.802999996
EGY_A15|1019417.2769999999
EGY_A16|23322594.607
EGY_A17|22330803.794000003
EGY_A18|15479456.931000002
EGY_A19|15508485.433000002
EGY_A20|16425262.919999998
EGY_A21|59908939.56000001
EGY_A22|16287155.635000004
EGY_A23|25538706.605000004
EGY_A24|446571.23
EGY_A25|1081895.433
EGY_A26|38993.545
ERI_A01|1079063.7399999998
ERI_A02|109757.406
ERI_A03|87380.929
ERI_A04|345775.52
ERI_A05|70458.176
ERI_A06|161344.97
ERI_A07|346304.35599999997
ERI_A08|141015.84
ERI_A09|368674.36
ERI_A10|185217.233
ERI_A11|70508.712
ERI_A12|31115.568999999996
ERI_A13|174033.039
ERI_A14|1144131.1549999998
ERI_A15|53336.111
ERI_A16|600795.788
ERI_A17|611778.9120000001
ERI_A18|390966.2150000001
ERI_A19|445357.769
ERI_A20|552697.3169999999
ERI_A21|1778290.7060000002
ERI_A22|753502.8970000002
ERI_A23|1003913.7550000001
ERI_A24|33261.08700000001
ERI_A25|35900.13999999999
ERI_A26|19084.235
ESP_A01|65099688.808
ESP_A02|4909683.561999999
ESP_A03|13062239.132
ESP_A04|131811503.73799998
ESP_A05|49332172.942
ESP_A06|68432082.924
ESP_A07|219208229.167
ESP_A08|116970306.503
ESP_A09|118343388.339
ESP_A10|130155112.879
ESP_A11|25042493.588999994
ESP_A12|7086558.162999999
ESP_A13|60109893.569000006
ESP_A14|306685250.03999996
ESP_A15|3337509.548999995
ESP_A16|79457408.487
ESP_A17|71731139.95400003
ESP_A18|133552284.259
ESP_A19|127048786.374
ESP_A20|57345327.10499999
ESP_A21|375934367.3970001
ESP_A22|106245323.78099997
ESP_A23|230528667.828
ESP_A24|10047326.666000001
ESP_A25|9891.289999999955
ESP_A26|29173.954999999958
EST_A01|2507470.434
EST_A02|159860.533
EST_A03|523105.2189999999
EST_A04|3236926.0069999993
EST_A05|2427053.92
EST_A06|3362201.3039999995
EST_A07|2248026.853
EST_A08|1463735.503
EST_A09|3598493.6789999995
EST_A10|832254.65
EST_A11|1103274.513
EST_A12|49074.347
EST_A13|2098508.65
EST_A14|3983272.5190000003
EST_A15|928265.9309999999
EST_A16|3187852.3689999995
EST_A17|2019606.0280000004
EST_A18|994740.822
EST_A19|8187496.67
EST_A20|1802011.7110000001
EST_A21|8620179.3
EST_A22|2592992.287
EST_A23|4690488.415000001
EST_A24|19101.102
EST_A25|165141.282
EST_A26|741829.36
ETH_A01|18260562.655
ETH_A02|9089838.978000002
ETH_A03|402947.265
ETH_A04|770097.5469999999
ETH_A05|800003.1440000002
ETH_A06|514059.07300000003
ETH_A07|466294.12200000003
ETH_A08|513702.1980000001
ETH_A09|441237.967
ETH_A10|488349.576
ETH_A11|557741.315
ETH_A12|630948.59
ETH_A13|354803.07099999994
ETH_A14|17934355.358999997
ETH_A15|3191865.6840000004
ETH_A16|3070296.747
ETH_A17|3338844.2920000004
ETH_A18|3440455.4089999995
ETH_A19|1761050.6909999996
ETH_A20|1512781.581
ETH_A21|2939250.177
ETH_A22|3011004.5670000007
ETH_A23|3087975.3130000005
ETH_A24|3193079.088
ETH_A25|3332275.6369999996
ETH_A26|115462.51899999999
FIN_A01|14477041.805999998
FIN_A02|231743.272
FIN_A03|2285644.809
FIN_A04|16937955.032
FIN_A05|2762528.057
FIN_A06|47440643.675999984
FIN_A07|28426223.257000003
FIN_A08|23744028.165
FIN_A09|64447722.058000006
FIN_A10|6668919.465
FIN_A11|2839201.0550000006
FIN_A12|323594.558
FIN_A13|9771365.346999997
FIN_A14|37300242.28699999
FIN_A15|6049247.395
FIN_A16|23306263.516000003
FIN_A17|10598150.150999999
FIN_A18|9410016.482999997
FIN_A19|30194224.71
FIN_A20|11459813.970999999
FIN_A21|74646816.25599998
FIN_A22|19558658.200999994
FIN_A23|55653002.16200001
FIN_A24|115188.24399999999
FIN_A25|1169886.3490000002
FIN_A26|4850154.648
FJI_A01|417624.82800000004
FJI_A02|211978.852
FJI_A03|73345.92500000002
FJI_A04|467891.36600000004
FJI_A05|154138.51900000003
FJI_A06|293534.12299999996
FJI_A07|471983.0719999999
FJI_A08|235225.692
FJI_A09|499776.635
FJI_A10|239666.43199999997
FJI_A11|113554.703
FJI_A12|42186.603
FJI_A13|198195.428
FJI_A14|498936.85300000006
FJI_A15|49339.263000000006
FJI_A16|486268.19800000003
FJI_A17|405446.29600000003
FJI_A18|277220.755
FJI_A19|386753.82899999997
FJI_A20|414348.625
FJI_A21|1675006.7100000002
FJI_A22|643913.561
FJI_A23|918384.1640000001
FJI_A24|35310.005
FJI_A25|40867.827
FJI_A26|24025.728000000003
FRA_A01|125876058.57300001
FRA_A02|3644923.9849999994
FRA_A03|16817634.183000002
FRA_A04|211634800.757
FRA_A05|55772080.81400001
FRA_A06|111822945.276
FRA_A07|339010693.898
FRA_A08|171759203.984
FRA_A09|276121854.75699997
FRA_A10|219103714.822
FRA_A11|32217668.047000006
FRA_A12|1858895.7840000002
FRA_A13|101392311.245
FRA_A14|295864954.5020001
FRA_A15|56966555.301
FRA_A16|217133216.204
FRA_A17|155306455.713
FRA_A18|118760873.349
FRA_A19|287582328.33
FRA_A20|101289261.00600001
FRA_A21|1167603627.025
FRA_A22|247935058.162
FRA_A23|516877900.4369999
FRA_A24|11495079.011999998
FRA_A25|15815046.744
FRA_A26|54232685.307000004
GAB_A01|1231853.094
GAB_A02|81073.472
GAB_A03|6217074.0770000005
GAB_A04|952656.605
GAB_A05|247347.25300000003
GAB_A06|824398.762
GAB_A07|1954257.445
GAB_A08|930153.615
GAB_A09|2088436.6680000003
GAB_A10|908947.81
GAB_A11|309276.105
GAB_A12|89477.42300000001
GAB_A13|1792674.03
GAB_A14|2361350.867
GAB_A15|71695.043
GAB_A16|1480478.2719999999
GAB_A17|845464.0020000001
GAB_A18|728742.198
GAB_A19|1634280.2989999996
GAB_A20|1342730.286
GAB_A21|8757315.389
GAB_A22|1697130.9649999999
GAB_A23|2390373.676
GAB_A24|52299.238000000005
GAB_A25|114843.02300000002
GAB_A26|16131.517
GBR_A01|45274024.11
GBR_A02|2050636.387
GBR_A03|74331973.686
GBR_A04|159927438.422
GBR_A05|42782580.21
GBR_A06|94975074.79
GBR_A07|255883849.14100003
GBR_A08|118855505.319
GBR_A09|276518485.78499997
GBR_A10|128971514.49200001
GBR_A11|40549616.61
GBR_A12|5435149.924000001
GBR_A13|130852581.80199999
GBR_A14|340923695.105
GBR_A15|57600675.716000006
GBR_A16|221194501.13799995
GBR_A17|187030358.06300002
GBR_A18|119492057.029
GBR_A19|323718492.83599997
GBR_A20|132910397.13100001
GBR_A21|1114656950.428
GBR_A22|211794908.80300003
GBR_A23|635422881.442
GBR_A24|9947677.157
GBR_A25|16586350.152000003
GBR_A26|50055330.799
GEO_A01|1899283.8569999998
GEO_A02|7484.537000000003
GEO_A03|383247.1989999999
GEO_A04|1382097.466
GEO_A05|467517.265
GEO_A06|117179.69
GEO_A07|1245540.1239999998
GEO_A08|811274.641
GEO_A09|724989.4060000002
GEO_A10|79604.97000000003
GEO_A11|136838.39399999997
GEO_A12|50979.03699999999
GEO_A13|691408.997
GEO_A14|2038222.3299999996
GEO_A15|66709.75200000001
GEO_A16|877998.69
GEO_A17|1900791.8969999999
GEO_A18|562879.827
GEO_A19|2065952.0990000002
GEO_A20|776089.3190000001
GEO_A21|2035685.889
GEO_A22|1699008.7899999996
GEO_A23|1638045.2230000002
GEO_A24|1181548.4889999998
GEO_A25|554571.5960000001
GEO_A26|448.400999999998
GHA_A01|13233263.263999999
GHA_A02|384004.16299999994
GHA_A03|2840673.994
GHA_A04|3711761.6649999996
GHA_A05|610431.6379999998
GHA_A06|2564397.505
GHA_A07|3516222.5880000005
GHA_A08|1333217.9649999999
GHA_A09|4177498.0080000004
GHA_A10|1982658.171
GHA_A11|725935.7509999999
GHA_A12|245895.07400000002
GHA_A13|8890965.004
GHA_A14|6668799.683000001
GHA_A15|373820.01300000004
GHA_A16|8091489.339999999
GHA_A17|6144245.601000001
GHA_A18|4637107.751999999
GHA_A19|3913123.0649999995
GHA_A20|3899206.2520000003
GHA_A21|10709351.82
GHA_A22|4506771.864000002
GHA_A23|4974936.432999998
GHA_A24|155814.144
GHA_A25|220157.29499999998
GHA_A26|59159.251
GIN_A01|1910384.0929999996
GIN_A02|199096.46000000002
GIN_A03|1643082.897
GIN_A04|608166.716
GIN_A05|144872.371
GIN_A06|282310.34200000006
GIN_A07|635275.065
GIN_A08|291488.22900000005
GIN_A09|876193.182
GIN_A10|400213.60900000005
GIN_A11|177893.52300000002
GIN_A12|67550.315
GIN_A13|703098.4980000001
GIN_A14|1237691.1380000005
GIN_A15|114898.60999999999
GIN_A16|1165148.2599999998
GIN_A17|1100804.472
GIN_A18|786587.8229999999
GIN_A19|656336.815
GIN_A20|537943.709
GIN_A21|2409716.3589999997
GIN_A22|1119365.534
GIN_A23|1300041.91
GIN_A24|43969.202
GIN_A25|75012.51999999999
GIN_A26|47811.652
GMB_A01|327752.449
GMB_A02|35065.86
GMB_A03|25133.854000000003
GMB_A04|127418.82199999999
GMB_A05|23897.364999999998
GMB_A06|66396.314
GMB_A07|134037.186
GMB_A08|55321.159999999996
GMB_A09|149930.794
GMB_A10|66576.47700000001
GMB_A11|24315.879999999997
GMB_A12|8580.738999999998
GMB_A13|62998.038
GMB_A14|239640.73999999996
GMB_A15|18819.497
GMB_A16|282545.252
GMB_A17|263068.007
GMB_A18|179307.729
GMB_A19|107591.522
GMB_A20|117066.82300000002
GMB_A21|532952.972
GMB_A22|172308.78299999997
GMB_A23|230827.17800000007
GMB_A24|8833.061999999998
GMB_A25|8902.756
GMB_A26|6722.734999999999
GRC_A01|18064548.350999996
GRC_A02|1311784.0779999997
GRC_A03|2272122.036000001
GRC_A04|26206859.037
GRC_A05|8177602.004
GRC_A06|5599815.035999999
GRC_A07|23592145.329
GRC_A08|9075977.069
GRC_A09|5978046.006
GRC_A10|1590455.677
GRC_A11|2210559.554
GRC_A12|53685.171999999984
GRC_A13|8373547.268999998
GRC_A14|23709338.025
GRC_A15|6363981.740999999
GRC_A16|17841996.176
GRC_A17|14099800.628999997
GRC_A18|20387855.226999998
GRC_A19|26043685.012999997
GRC_A20|8814968.51
GRC_A21|59370007.28300001
GRC_A22|26199986.688
GRC_A23|30562855.698000003
GRC_A24|926149.2019999999
GRC_A25|2774215.8920000005
GRC_A26|5354947.32
GRL_A01|149487.71800000002
GRL_A02|409899.616
GRL_A03|23453.305999999986
GRL_A04|392742.32899999997
GRL_A05|54031.937999999995
GRL_A06|30521.929999999997
GRL_A07|29710.893999999993
GRL_A08|6885.740999999999
GRL_A09|12876.452999999998
GRL_A10|1408.1860000000001
GRL_A11|2434.468
GRL_A12|906.978
GRL_A13|160297.521
GRL_A14|523485.4439999999
GRL_A15|9246.351999999999
GRL_A16|234111.334
GRL_A17|192024.28399999999
GRL_A18|109654.181
GRL_A19|609406.3609999999
GRL_A20|230973.14200000002
GRL_A21|515453.05000000005
GRL_A22|846236.013
GRL_A23|757914.182
GRL_A24|412.024
GRL_A25|118270.42199999999
GRL_A26|87820.15
GTM_A01|9068161.858
GTM_A02|418035.314
GTM_A03|827708.7669999999
GTM_A04|6888778.793999999
GTM_A05|2996161.0239999997
GTM_A06|2401485.289
GTM_A07|6827115.002
GTM_A08|2410383.7970000003
GTM_A09|6719320.706000002
GTM_A10|3107157.595
GTM_A11|1277592.56
GTM_A12|393386.198
GTM_A13|2857611.562
GTM_A14|6653635.684999999
GTM_A15|485639.765
GTM_A16|11311597.384999998
GTM_A17|10062454.245
GTM_A18|7427575.159999999
GTM_A19|4392651.629000001
GTM_A20|4050059.164
GTM_A21|15276350.893999998
GTM_A22|4907204.360000001
GTM_A23|7657102.174000001
GTM_A24|119213.20800000001
GTM_A25|254619.38600000003
GTM_A26|11664.197
GUY_A01|5538637.665000001
GUY_A02|108640.01400000008
GUY_A03|3006602.860000001
GUY_A04|7302224.143999998
GUY_A05|2356573.7210000004
GUY_A06|9149023.121
GUY_A07|22727836.112
GUY_A08|10229855.507999998
GUY_A09|20742221.426
GUY_A10|9249977.159
GUY_A11|3121584.3230000003
GUY_A12|807547.9999999999
GUY_A13|6610228.313999999
GUY_A14|18400709.153000005
GUY_A15|243882.1859999999
GUY_A16|14566860.637
GUY_A17|4783631.76
GUY_A18|5829109.728
GUY_A19|12006729.309
GUY_A20|10581611.744
GUY_A21|82913391.196
GUY_A22|10711483.769000001
GUY_A23|10911291.202000003
GUY_A24|178632.619
GUY_A25|873724.8799999997
GUY_A26|-19824.352999999992
HKG_A01|1484823.04
HKG_A02|327984.414
HKG_A03|6716818.14
HKG_A04|13885155.978999998
HKG_A05|143103357.319
HKG_A06|17609514.441999998
HKG_A07|35492340.13999999
HKG_A08|26682256.024
HKG_A09|209561840.74800003
HKG_A10|5663226.778999999
HKG_A11|37880942.465
HKG_A12|14112506.945
HKG_A13|7991523.874999999
HKG_A14|39006957.266
HKG_A15|4402524.619
HKG_A16|56743628.172000006
HKG_A17|126205704.69100001
HKG_A18|5870031.125
HKG_A19|36198517.019999996
HKG_A20|1190381.2869999998
HKG_A21|37845665.603
HKG_A22|10994900.063
HKG_A23|17212338.816
HKG_A24|85027.06999999998
HKG_A25|24402827.837
HKG_A26|117723.747
HND_A01|4071187.733
HND_A02|370895.16200000007
HND_A03|398329.09
HND_A04|2581935.859
HND_A05|2535887.968
HND_A06|1388665.403
HND_A07|3516549.5649999995
HND_A08|1458186.9249999998
HND_A09|3715391.408
HND_A10|1591224.8980000003
HND_A11|653582.612
HND_A12|149487.46399999998
HND_A13|1619313.2950000004
HND_A14|2891167.4750000006
HND_A15|134764.06399999998
HND_A16|3092309.432
HND_A17|2301220.658
HND_A18|1766751.042
HND_A19|1893975.906
HND_A20|1493481.615
HND_A21|6151977.603
HND_A22|2211998.4489999996
HND_A23|3032853.1369999996
HND_A24|56864.60700000002
HND_A25|183221.952
HND_A26|36818.505
HRV_A01|2836546.982
HRV_A02|188719.527
HRV_A03|899306.2319999998
HRV_A04|3457316.085000001
HRV_A05|2803678.2849999997
HRV_A06|3174457.524
HRV_A07|9797368.831999999
HRV_A08|3131390.4590000003
HRV_A09|8617757.473000001
HRV_A10|2955703.882
HRV_A11|1282130.227
HRV_A12|223151.50799999997
HRV_A13|3785318.681000001
HRV_A14|8162057.228000001
HRV_A15|273214.517
HRV_A16|7180350.703
HRV_A17|4342281.595999999
HRV_A18|3282990.745
HRV_A19|3442004.417
HRV_A20|3512090.2060000002
HRV_A21|15262756.509
HRV_A22|7551138.768999999
HRV_A23|8899652.055000002
HRV_A24|119852.94799999999
HRV_A25|294933.592
HRV_A26|25197.523
HTI_A01|1391993.151
HTI_A02|157447.577
HTI_A03|136477.10400000002
HTI_A04|576649.847
HTI_A05|482791.63300000003
HTI_A06|339817.02
HTI_A07|854780.991
HTI_A08|343401.635
HTI_A09|803075.1360000002
HTI_A10|399187.749
HTI_A11|157274.04499999998
HTI_A12|57994.899000000005
HTI_A13|294818.315
HTI_A14|2135104.7970000003
HTI_A15|91154.234
HTI_A16|1200103.615
HTI_A17|1144172.6449999998
HTI_A18|789846.7980000001
HTI_A19|804774.2019999999
HTI_A20|835559.093
HTI_A21|2734724.941
HTI_A22|770594.66
HTI_A23|1103793.654
HTI_A24|47295.801
HTI_A25|65904.94400000002
HTI_A26|33294.841
HUN_A01|15829027.004
HUN_A02|47489.568999999996
HUN_A03|840315.324
HUN_A04|21504325.537
HUN_A05|7645413.187
HUN_A06|8378920.351
HUN_A07|24476811.334
HUN_A08|11579224.557
HUN_A09|40493910.498
HUN_A10|16128499.344999999
HUN_A11|1921513.462
HUN_A12|241380.61799999993
HUN_A13|9790875.094999999
HUN_A14|14645925.754999999
HUN_A15|4379461.788
HUN_A16|13739789.076
HUN_A17|11348805.257
HUN_A18|6223120.525
HUN_A19|17424759.012
HUN_A20|8513823.966
HUN_A21|45852377.584
HUN_A22|13038394.150999997
HUN_A23|24956556.305999994
HUN_A24|7095.967
HUN_A25|1723962.133
HUN_A26|3684925.403
IDN_A01|157126928.40899998
IDN_A02|19322338.788000003
IDN_A03|119776566.27700001
IDN_A04|208311031.264
IDN_A05|58056401.146
IDN_A06|56166399.633999996
IDN_A07|126147187.71699998
IDN_A08|39887756.57700001
IDN_A09|58074656.069000006
IDN_A10|56091096.57300001
IDN_A11|7916390.057000001
IDN_A12|1357962.174
IDN_A13|27428916.063
IDN_A14|252689775.16599992
IDN_A15|4009868.1960000005
IDN_A16|51682670.44499999
IDN_A17|114949262.33600001
IDN_A18|72651316.363
IDN_A19|185321540.02100003
IDN_A20|11569280.155
IDN_A21|146340425.991
IDN_A22|633291.6040000002
IDN_A23|65049919.791999996
IDN_A24|194257.424
IDN_A25|55751963.06299999
IDN_A26|3305.329999999987
IND_A01|552056601.4380002
IND_A02|20409623.079000004
IND_A03|104459313.622
IND_A04|284255171.5079999
IND_A05|105260021.15600002
IND_A06|54008172.407000005
IND_A07|476174375.021
IND_A08|254353976.74100003
IND_A09|278169196.07500005
IND_A10|81470995.866
IND_A11|54752556.36799999
IND_A12|36743664.289
IND_A13|144581877.92700002
IND_A14|388130798.0259999
IND_A15|7471722.491
IND_A16|96302220.35999998
IND_A17|214189527.59800002
IND_A18|95042548.66799998
IND_A19|469181718.725
IND_A20|56869186.67099999
IND_A21|482397441.374
IND_A22|129658552.65400001
IND_A23|125743376.937
IND_A24|196693.97799999997
IND_A25|56451200.56200001
IND_A26|25700.835
IRL_A01|20403852.872
IRL_A02|1164781.498
IRL_A03|2762132.335
IRL_A04|51264979.02599999
IRL_A05|3900668.4279999994
IRL_A06|35764833.575
IRL_A07|99186005.838
IRL_A08|8812895.242
IRL_A09|111110273.258
IRL_A10|4851702.054
IRL_A11|2379748.3449999997
IRL_A12|316782.948
IRL_A13|8532710.467
IRL_A14|53428140.307
IRL_A15|4716799.38
IRL_A16|17829180.748000003
IRL_A17|16740040.799999999
IRL_A18|20872727.309999995
IRL_A19|49117405.39199999
IRL_A20|21479425.657
IRL_A21|121612882.62200002
IRL_A22|25018898.552999992
IRL_A23|54569993.113
IRL_A24|315666.655
IRL_A25|1832231.4980000001
IRL_A26|37477263.837
IRN_A01|77990463.988
IRN_A02|2446497.022
IRN_A03|64883533.818
IRN_A04|31281913.121
IRN_A05|20383327.705999997
IRN_A06|15612735.679000001
IRN_A07|25634482.180000015
IRN_A08|42001163.203
IRN_A09|29095702.393999998
IRN_A10|14484265.997999998
IRN_A11|4956145.069
IRN_A12|1105412.167
IRN_A13|28415202.139000006
IRN_A14|27390201.863999993
IRN_A15|897242.1690000001
IRN_A16|11564453.998999998
IRN_A17|25720908.364
IRN_A18|35798884.907
IRN_A19|69058665.11400001
IRN_A20|12991593.271
IRN_A21|62696694.922000006
IRN_A22|38281826.223000005
IRN_A23|76744012.01900001
IRN_A24|6664.118999999999
IRN_A25|1912628.981
IRN_A26|20042.923
IRQ_A01|8204018.232
IRQ_A02|404747.75299999997
IRQ_A03|77641252.44299999
IRQ_A04|1837393.1709999999
IRQ_A05|759993.997
IRQ_A06|1701989.814
IRQ_A07|5341466.74
IRQ_A08|1733041.144
IRQ_A09|5755044.5770000005
IRQ_A10|3647724.5709999995
IRQ_A11|1018187.5029999999
IRQ_A12|507030.9769999999
IRQ_A13|26038929.444
IRQ_A14|21238037.7
IRQ_A15|685789.9569999999
IRQ_A16|10081643.685999999
IRQ_A17|10332520.169
IRQ_A18|8133385.286
IRQ_A19|14505993.347000003
IRQ_A20|16688933.073000003
IRQ_A21|34339166.25700001
IRQ_A22|18701296.204999987
IRQ_A23|24249878.498000007
IRQ_A24|383312.877
IRQ_A25|594466.5380000001
IRQ_A26|142200.842
ISL_A01|1283504.622
ISL_A02|428787.684
ISL_A03|187199.30999999988
ISL_A04|4349698.822000001
ISL_A05|254848.984
ISL_A06|676653.1640000001
ISL_A07|1785660.713
ISL_A08|1114760.665
ISL_A09|2376433.6210000003
ISL_A10|641775.673
ISL_A11|263230.23000000004
ISL_A12|91977.39499999999
ISL_A13|2320184.6410000003
ISL_A14|2382849.967
ISL_A15|93810.964
ISL_A16|1782390.225
ISL_A17|1127482.092
ISL_A18|1628643.212
ISL_A19|3638182.746
ISL_A20|1826864.5729999999
ISL_A21|5269614.311000001
ISL_A22|3560734.9419999993
ISL_A23|5465952.768999999
ISL_A24|78788.91100000001
ISL_A25|122838.573
ISL_A26|21081.960999999996
ISR_A01|9752924.269000001
ISR_A02|277463.979
ISR_A03|4300504.636000001
ISR_A04|33549358.423
ISR_A05|5678832.628
ISR_A06|5016933.095999999
ISR_A07|33074951.915
ISR_A08|12943195.556
ISR_A09|39496225.371999994
ISR_A10|6500053.542000001
ISR_A11|25682498.456000004
ISR_A12|10914869.963999998
ISR_A13|7379721.8440000005
ISR_A14|31080083.854999997
ISR_A15|865346.0470000003
ISR_A16|11153357.222
ISR_A17|24806585.231
ISR_A18|10989233.252000002
ISR_A19|42591054.303
ISR_A20|11353865.864
ISR_A21|98609313.90699998
ISR_A22|36265404.51999998
ISR_A23|65837473.906
ISR_A24|9467.316000000003
ISR_A25|2717143.1889999993
ISR_A26|75782.656
ITA_A01|63184724.496999994
ITA_A02|2899815.908
ITA_A03|15889837.536000002
ITA_A04|157544129.731
ITA_A05|154016452.769
ITA_A06|89082969.651
ITA_A07|242635554.64
ITA_A08|164354265.662
ITA_A09|264491825.987
ITA_A10|90508589.57
ITA_A11|53381687.772
ITA_A12|6013708.597
ITA_A13|80594751.98500001
ITA_A14|186469738.61899996
ITA_A15|71390859.491
ITA_A16|200441670.22900003
ITA_A17|157864473.154
ITA_A18|132312409.826
ITA_A19|249467498.232
ITA_A20|64354529.22900001
ITA_A21|635188636.454
ITA_A22|132944868.378
ITA_A23|324888438.696
ITA_A24|9270053.896999998
ITA_A25|18673577.341999996
ITA_A26|8555854.058
JAM_A01|1532635.72
JAM_A02|73989.52199999998
JAM_A03|713122.6820000001
JAM_A04|1581601.9330000002
JAM_A05|284278.83
JAM_A06|418819.045
JAM_A07|1082438.7519999999
JAM_A08|731273.148
JAM_A09|1136833.7820000001
JAM_A10|499270.186
JAM_A11|202931.10199999996
JAM_A12|83150.18800000001
JAM_A13|1210502.472
JAM_A14|2203893.1740000006
JAM_A15|100304.85800000002
JAM_A16|3295605.7530000005
JAM_A17|1353544.5799999998
JAM_A18|1534668.325
JAM_A19|1269470.5280000002
JAM_A20|1089330.406
JAM_A21|4786700.129
JAM_A22|1468872.5989999997
JAM_A23|2098072.9110000003
JAM_A24|6280.242999999944
JAM_A25|63754.547000000035
JAM_A26|3877.027999999995
JOR_A01|3287376.3109999998
JOR_A02|103394.01699999998
JOR_A03|1971040.173
JOR_A04|3113828.5439999998
JOR_A05|968054.679
JOR_A06|2033660.4790000003
JOR_A07|7398504.401
JOR_A08|2303354.1750000003
JOR_A09|5632693.396
JOR_A10|2416743.635
JOR_A11|795465.172
JOR_A12|296874.50200000004
JOR_A13|1467791.8739999998
JOR_A14|5261359.328
JOR_A15|126193.543
JOR_A16|2615973.6219999995
JOR_A17|2657211.321
JOR_A18|2002366.5170000002
JOR_A19|3538976.732
JOR_A20|3353114.076
JOR_A21|12936931.804
JOR_A22|4956769.103
JOR_A23|5335810.537999999
JOR_A24|109872.12400000001
JOR_A25|189717.028
JOR_A26|9943.982999999997
JPN_A01|91664255.413
JPN_A02|9396281.792000001
JPN_A03|40122133.892
JPN_A04|227886858.44799998
JPN_A05|40676885.506
JPN_A06|178912464.73300004
JPN_A07|619399097.1140001
JPN_A08|459395897.105
JPN_A09|809363105.9240001
JPN_A10|389020894.954
JPN_A11|81276936.463
JPN_A12|10335419.889
JPN_A13|254096039.68
JPN_A14|521449853.23
JPN_A15|17825724.686000004
JPN_A16|606479497.6000001
JPN_A17|271606520.90999997
JPN_A18|190789635.39399996
JPN_A19|561239816.862
JPN_A20|280301983.42800003
JPN_A21|1753770702.7200003
JPN_A22|290799871.2679999
JPN_A23|1179322992.465
JPN_A24|1488635.218
JPN_A25|64732211.91699999
JPN_A26|91639037.01299998
KAZ_A01|48809171.772
KAZ_A02|7973298.848000001
KAZ_A03|43848337.103999995
KAZ_A04|34302076.70499999
KAZ_A05|20140824.99
KAZ_A06|1846744.1649999996
KAZ_A07|19262030.275
KAZ_A08|21384697.76
KAZ_A09|8211932.644
KAZ_A10|746993.4010000001
KAZ_A11|2567000.762
KAZ_A12|541437.0680000001
KAZ_A13|16965075.199
KAZ_A14|21569198.572
KAZ_A15|208528.758
KAZ_A16|2687705.0590000004
KAZ_A17|5977821.755999999
KAZ_A18|231333.236
KAZ_A19|26902813.469
KAZ_A20|4688593.833000001
KAZ_A21|23461584.202999994
KAZ_A22|1840421.683
KAZ_A23|12123582.222000001
KAZ_A24|26356.296000000002
KAZ_A25|7564267.494000002
KAZ_A26|20487.617999999995
KEN_A01|31025602.920999996
KEN_A02|516930.4430000001
KEN_A03|636290.2150000001
KEN_A04|10042044.876999998
KEN_A05|1828491.8270000005
KEN_A06|1309014.318
KEN_A07|6090057.7930000005
KEN_A08|944433.165
KEN_A09|1766106.8569999998
KEN_A10|193142.532
KEN_A11|2626063.156
KEN_A12|978337.692
KEN_A13|2451509.49
KEN_A14|9266645.767
KEN_A15|148725.571
KEN_A16|1916906.847
KEN_A17|4263470.095
KEN_A18|5151953.98
KEN_A19|10077450.348
KEN_A20|3458816.6079999995
KEN_A21|7170807.548
KEN_A22|4228424.987
KEN_A23|8521503.959
KEN_A24|9765.279999999999
KEN_A25|2802662.6939999997
KEN_A26|15256.189
KGZ_A01|4000143.704
KGZ_A02|3792.3190000000004
KGZ_A03|636264.5530000001
KGZ_A04|1184205.5239999997
KGZ_A05|449097.0690000002
KGZ_A06|71334.278
KGZ_A07|417389.164
KGZ_A08|704956.264
KGZ_A09|179214.82899999997
KGZ_A10|256090.13000000003
KGZ_A11|56272.87100000001
KGZ_A12|20964.39
KGZ_A13|570346.1410000001
KGZ_A14|913412.181
KGZ_A15|36697.454999999994
KGZ_A16|199359.735
KGZ_A17|1225879.048
KGZ_A18|164909.437
KGZ_A19|747006.6400000001
KGZ_A20|178577.994
KGZ_A21|934131.6209999998
KGZ_A22|657555.314
KGZ_A23|851362.0590000001
KGZ_A24|82.75099999999999
KGZ_A25|23811.237999999998
KGZ_A26|26691.341999999997
KHM_A01|5480036.839
KHM_A02|297240.43
KHM_A03|280600.776
KHM_A04|1387420.4070000004
KHM_A05|3037620.475
KHM_A06|1018538.2370000001
KHM_A07|2079563.71
KHM_A08|848561.1940000001
KHM_A09|2206056.1640000003
KHM_A10|1012875.941
KHM_A11|418399.315
KHM_A12|176217.766
KHM_A13|859288.757
KHM_A14|4039191.2309999997
KHM_A15|170359.901
KHM_A16|2377933.3600000003
KHM_A17|1990907.8150000002
KHM_A18|1440067.506
KHM_A19|2002590.139
KHM_A20|1656877.3819999998
KHM_A21|6620335.552
KHM_A22|1475127.016
KHM_A23|2817867.8140000002
KHM_A24|85928.74399999999
KHM_A25|127116.14799999999
KHM_A26|40209.91500000001
KOR_A01|49780682.66199999
KOR_A02|7202427.8670000015
KOR_A03|4233743.278000001
KOR_A04|153245723.546
KOR_A05|162035836.82099998
KOR_A06|114500363.80200002
KOR_A07|667511915.2870001
KOR_A08|331098399.21000004
KOR_A09|493937636.238
KOR_A10|153730004.351
KOR_A11|100914744.30499999
KOR_A13|98560657.62399998
KOR_A14|160281739.81100002
KOR_A15|1772609.6899999997
KOR_A16|22846957.053999998
KOR_A17|50814853.20900001
KOR_A18|212650397.234
KOR_A19|174374622.66300002
KOR_A20|49563533.973000005
KOR_A21|344077934.46500003
KOR_A22|76375068.39500001
KOR_A23|292733953.834
KOR_A24|3588245.443
KOR_A25|7510668.580999999
KOR_A26|33655.99699999999
KWT_A01|1043917.7810000001
KWT_A02|133927.49800000002
KWT_A03|62591051.870000005
KWT_A04|3100106.069
KWT_A05|1238102.093
KWT_A06|1613944.945
KWT_A07|45450426.205
KWT_A08|3010247.614
KWT_A09|1628093.148
KWT_A10|477084.91500000004
KWT_A11|1938284.2659999998
KWT_A12|174315.25199999998
KWT_A13|19423739.169999998
KWT_A14|14774658.110000003
KWT_A15|206494.09699999998
KWT_A16|2661479.732
KWT_A17|5919500.896000001
KWT_A18|3041745.489
KWT_A19|16538641.813000001
KWT_A20|2973489.6040000003
KWT_A21|53416644.40699999
KWT_A22|731612.244
KWT_A23|3545980.784999999
KWT_A24|59554.73300000001
KWT_A25|704061.82
KWT_A26|3975059.3989999993
LAO_A01|2907022.951
LAO_A02|82996.82699999999
LAO_A03|681412.47
LAO_A04|633854.673
LAO_A05|266136.574
LAO_A06|950582.415
LAO_A07|1006776.65
LAO_A08|365271.526
LAO_A09|1236848.951
LAO_A10|561404.938
LAO_A11|193440.27100000004
LAO_A12|57085.77299999999
LAO_A13|2580833.004
LAO_A14|1871746.4630000005
LAO_A15|82846.087
LAO_A16|1704523.0220000003
LAO_A17|1209962.4330000002
LAO_A18|816847.7129999999
LAO_A19|622147.491
LAO_A20|670359.443
LAO_A21|4080500.4860000005
LAO_A22|1590440.7670000002
LAO_A23|2095836.7239999997
LAO_A24|47439.58399999999
LAO_A25|65431.537
LAO_A26|25242.202999999998
LBN_A01|1958904.244
LBN_A02|99414.40800000001
LBN_A03|640470.8409999999
LBN_A04|2905540.7530000005
LBN_A05|827151.699
LBN_A06|1869519.201
LBN_A07|4415809.014
LBN_A08|1713622.8790000002
LBN_A09|4642787.425000001
LBN_A10|1686255.977
LBN_A11|919172.632
LBN_A12|172245.691
LBN_A13|2714032.565
LBN_A14|4706163.759000001
LBN_A15|210999.56699999998
LBN_A16|3974576.641999999
LBN_A17|4081453.1760000004
LBN_A18|2973469.0570000005
LBN_A19|3297102.3449999997
LBN_A20|2677583.7439999995
LBN_A21|17387968.408000004
LBN_A22|5906616.467000001
LBN_A23|9093080.823
LBN_A24|158753.05899999995
LBN_A25|220001.738
LBN_A26|30507.221999999998
LBR_A01|1423656.7640000002
LBR_A02|159709.37
LBR_A03|61725.126000000004
LBR_A04|95002.386
LBR_A05|42574.60399999999
LBR_A06|75082.05599999998
LBR_A07|157382.683
LBR_A08|80530.16499999998
LBR_A09|144903.308
LBR_A10|120558.892
LBR_A11|47009.647
LBR_A12|30978.606999999996
LBR_A13|102612.994
LBR_A14|137032.498
LBR_A15|33961.984000000004
LBR_A16|117591.40499999997
LBR_A17|113807.57699999998
LBR_A18|121127.258
LBR_A19|140617.102
LBR_A20|142483.95699999997
LBR_A21|465003.0299999999
LBR_A22|202987.72
LBR_A23|258424.80200000005
LBR_A24|32329.927
LBR_A25|36901.494999999995
LBR_A26|12224.475
LBY_A01|740002.357
LBY_A02|27792.977000000006
LBY_A03|14668227.961000001
LBY_A04|1206333.095
LBY_A05|289295.063
LBY_A06|1073148.074
LBY_A07|2619761.162
LBY_A08|1249627.068
LBY_A09|3290599.4409999996
LBY_A10|1493746.2820000001
LBY_A11|413081.53599999996
LBY_A12|87166.75
LBY_A13|5042486.331
LBY_A14|3079562.9380000005
LBY_A15|55862.579999999994
LBY_A16|1975191.2340000002
LBY_A17|1010183.6910000003
LBY_A18|1029778.5299999996
LBY_A19|1836606.1519999998
LBY_A20|1721309.882
LBY_A21|9824506.548000002
LBY_A22|5562367.1
LBY_A23|4919191.639
LBY_A24|31826.840000000007
LBY_A25|172774.50800000003
LBY_A26|10030.523000000001
LIE_A01|337548.71199999994
LIE_A02|127003.237
LIE_A03|233879.92200000002
LIE_A04|780659.1110000003
LIE_A05|320670.146
LIE_A06|590171.96
LIE_A07|1243042.5240000002
LIE_A08|644585.068
LIE_A09|1403777.367
LIE_A10|678847.994
LIE_A11|333790.762
LIE_A12|156830.904
LIE_A13|381627.026
LIE_A14|894037.649
LIE_A15|140436.648
LIE_A16|651404.2309999999
LIE_A17|476344.166
LIE_A18|433822.403
LIE_A19|636537.8569999998
LIE_A20|667672.3729999999
LIE_A21|4526279.728
LIE_A22|849100.1560000001
LIE_A23|1466614.14
LIE_A24|140040.863
LIE_A25|169497.517
LIE_A26|126200.963
LKA_A01|7693639.786000001
LKA_A02|364259.4479999999
LKA_A03|552993.055
LKA_A04|13040261.981999999
LKA_A05|4709840.302
LKA_A06|1823729.994
LKA_A07|5498570.548
LKA_A08|1863562.9079999998
LKA_A09|4105639.442
LKA_A10|3058072.7360000005
LKA_A11|1263308.0790000001
LKA_A12|433634.861
LKA_A13|6203847.143999999
LKA_A14|7920463.102000001
LKA_A15|114318.08599999998
LKA_A16|6258192.985
LKA_A17|7420714.965000003
LKA_A18|5595867.199
LKA_A19|19193573.086999994
LKA_A20|6082345.703000001
LKA_A21|17027869.371999998
LKA_A22|6234617.035000002
LKA_A23|6860466.300999999
LKA_A24|734447.4810000001
LKA_A25|930919.3480000001
LKA_A26|10572.413999999999
LSO_A01|175247.42600000004
LSO_A02|32729.604
LSO_A03|169723.32200000001
LSO_A04|198709.269
LSO_A05|127064.23700000002
LSO_A06|140426.36299999998
LSO_A07|293506.455
LSO_A08|140177.95399999997
LSO_A09|306061.281
LSO_A10|147605.96600000001
LSO_A11|65472.18800000001
LSO_A12|38425.709
LSO_A13|280350.118
LSO_A14|412854.44200000004
LSO_A15|38259.557
LSO_A16|287640.402
LSO_A17|229794.49099999998
LSO_A18|187805.92900000006
LSO_A19|221140.79599999997
LSO_A20|177263.27500000002
LSO_A21|792017.943
LSO_A22|494722.777
LSO_A23|483503.72900000005
LSO_A24|32701.034000000003
LSO_A25|35896.974
LSO_A26|28774.273
LTU_A01|4958113.1959999995
LTU_A02|66722.83200000001
LTU_A03|458042.45999999996
LTU_A04|7696096.117999999
LTU_A05|5274295.372
LTU_A06|3517912.907
LTU_A07|8267305.568
LTU_A08|951570.733
LTU_A09|2941424.1859999998
LTU_A10|537463.8809999999
LTU_A11|1235519.31
LTU_A12|277782.159
LTU_A13|3617956.575
LTU_A14|6290912.896000001
LTU_A15|1787510.1030000001
LTU_A16|5470278.225000001
LTU_A17|5081007.231999999
LTU_A18|1274521.261
LTU_A19|9020639.039
LTU_A20|3007496.4469999997
LTU_A21|8934141.117999999
LTU_A22|4221852.493
LTU_A23|8462680.947
LTU_A24|56620.557
LTU_A25|918741.8790000002
LTU_A26|6643677.381999999
LUX_A01|826745.389
LUX_A02|4562.369000000004
LUX_A03|333433.0349999999
LUX_A04|9846265.754
LUX_A05|2882316.699
LUX_A06|8861643.527999999
LUX_A07|10357902.991
LUX_A08|18222950.849
LUX_A09|36453023.489
LUX_A10|11903873.578
LUX_A11|138306.724
LUX_A12|5351.981000000003
LUX_A13|2161668.2580000004
LUX_A14|8821598.3
LUX_A15|1443729.426
LUX_A16|7125526.9690000005
LUX_A17|4060255.2399999998
LUX_A18|3377787.788
LUX_A19|10275697.688
LUX_A20|5621000.0770000005
LUX_A21|110820624.75699998
LUX_A22|5443431.749
LUX_A23|13200734.469999999
LUX_A24|298902.951
LUX_A25|267098.469
LUX_A26|41193.80000000001
LVA_A01|3785086.162
LVA_A02|202306.562
LVA_A03|371407.596
LVA_A04|4912230.738
LVA_A05|2202189.025
LVA_A06|3303252.601
LVA_A07|1844356.126
LVA_A08|1687855.444
LVA_A09|1623534.6469999999
LVA_A10|524331.925
LVA_A11|408842.028
LVA_A12|82028.617
LVA_A13|2739105.714
LVA_A14|4594958.035
LVA_A15|1033717.131
LVA_A16|4450764.858
LVA_A17|2522209.794
LVA_A18|920457.5430000001
LVA_A19|6845051.166
LVA_A20|1973576.119
LVA_A21|7852151.1620000005
LVA_A22|2422175.5640000002
LVA_A23|5783395.011
LVA_A24|6244.793999999998
LVA_A25|330153.64100000006
LVA_A26|180360.231
MAC_A01|105667.89600000007
MAC_A02|-357061.01499999996
MAC_A03|96448.87399999998
MAC_A04|1068761.745
MAC_A05|3900675.3379999995
MAC_A06|416985.56999999995
MAC_A07|1306342.296
MAC_A08|433880.64599999995
MAC_A09|2568143.898
MAC_A10|592860.708
MAC_A11|357213.807
MAC_A12|53078.865000000005
MAC_A13|1569845.1519999998
MAC_A14|6151594.658
MAC_A15|275859.341
MAC_A16|5508550.2530000005
MAC_A17|1435521.6409999994
MAC_A18|3293939.1880000005
MAC_A19|2619077.6339999996
MAC_A20|1292156.445
MAC_A21|16836481.628999997
MAC_A22|4510445.455
MAC_A23|12947517.746
MAC_A24|121743.61899999999
MAC_A25|131638.69099999976
MAC_A26|3818.4850000000442
MAR_A01|17695851.657999996
MAR_A02|1348071.938
MAR_A03|2299288.079
MAR_A04|12446668.57
MAR_A05|6459955.540999999
MAR_A06|4632803.113000001
MAR_A07|13411471.63
MAR_A08|5787675.328
MAR_A09|18630126.020999998
MAR_A10|5905419.35
MAR_A11|2043525.909
MAR_A12|401065.46699999995
MAR_A13|5320113.091
MAR_A14|14893725.535999998
MAR_A15|429296.748
MAR_A16|8186860.2530000005
MAR_A17|7102500.607000002
MAR_A18|4390415.473999999
MAR_A19|4759283.4399999995
MAR_A20|5154864.643999999
MAR_A21|25180287.508
MAR_A22|12711816.126999998
MAR_A23|13055438.742
MAR_A24|586833.694
MAR_A25|496845.62
MAR_A26|35330.13399999999
MCO_A01|205405.396
MCO_A02|69254.20000000001
MCO_A03|144596.852
MCO_A04|365085.218
MCO_A05|128911.27999999998
MCO_A06|270530.75
MCO_A07|600931.8489999999
MCO_A08|302147.93799999997
MCO_A09|641794.746
MCO_A10|322031.214
MCO_A11|144417.335
MCO_A12|80771.937
MCO_A13|231624.837
MCO_A14|1106587.4589999998
MCO_A15|103745.29000000001
MCO_A16|877802.6640000001
MCO_A17|719971.2460000002
MCO_A18|515928.824
MCO_A19|546249.514
MCO_A20|585652.0179999999
MCO_A21|3516005.0900000003
MCO_A22|1130524.241
MCO_A23|1464742.674
MCO_A24|81109.231
MCO_A25|106992.17499999999
MCO_A26|65577.946
MDA_A01|21630.342
MDA_A02|3510.3680000000004
MDA_A03|4303.511
MDA_A04|15473.071
MDA_A05|7366.054
MDA_A06|3540.413
MDA_A07|4897.800000000001
MDA_A08|6182.15
MDA_A09|6837.8369999999995
MDA_A10|3426.351
MDA_A11|2793.5290000000005
MDA_A12|2736.5340000000006
MDA_A13|8980.338
MDA_A14|9684.960000000001
MDA_A15|2861.554
MDA_A16|11280.613
MDA_A17|33871.209
MDA_A18|6173.197000000001
MDA_A19|12111.159
MDA_A20|12537.628999999997
MDA_A21|17805.387000000002
MDA_A22|7791.47
MDA_A23|11323.893
MDA_A24|2513.541
MDA_A25|15550.467
MDA_A26|17233.266
MDG_A01|3593407.2589999996
MDG_A02|164041.615
MDG_A03|344472.235
MDG_A04|746064.6649999999
MDG_A05|418689.5
MDG_A06|464123.6610000001
MDG_A07|1148418.5010000002
MDG_A08|494546.26300000004
MDG_A09|1235691.163
MDG_A10|532475.3589999999
MDG_A11|213675.217
MDG_A12|40927.058000000005
MDG_A13|818528.7270000001
MDG_A14|1590743.7179999999
MDG_A15|85795.089
MDG_A16|1220162.9359999998
MDG_A17|1104973.859
MDG_A18|746674.0139999999
MDG_A19|1004562.568
MDG_A20|958369.4439999999
MDG_A21|4328417.616
MDG_A22|1241179.663
MDG_A23|1825224.0990000002
MDG_A24|48742.299
MDG_A25|79268.03
MDG_A26|20020.278
MDV_A01|274396.87799999997
MDV_A02|121635.622
MDV_A03|66289.834
MDV_A04|334764.38
MDV_A05|92480.32400000001
MDV_A06|149501.121
MDV_A07|340371.458
MDV_A08|161869.811
MDV_A09|437305.97000000003
MDV_A10|218300.492
MDV_A11|75151.194
MDV_A12|30680.79
MDV_A13|146478.54100000003
MDV_A14|744060.621
MDV_A15|80743.798
MDV_A16|746611.988
MDV_A17|665515.514
MDV_A18|481591.757
MDV_A19|423934.958
MDV_A20|399697.76300000004
MDV_A21|1569625.006
MDV_A22|732641.2119999999
MDV_A23|826321.132
MDV_A24|43791.307
MDV_A25|35208.683999999994
MDV_A26|38955.159
MEX_A01|56792963.91400001
MEX_A02|1596771.139
MEX_A03|57143895.03400001
MEX_A04|119555521.90900001
MEX_A05|44622410.447
MEX_A06|23667494.939
MEX_A07|136446099.412
MEX_A08|53768396.971
MEX_A09|140961765.554
MEX_A10|129954483.13100001
MEX_A11|19959876.059
MEX_A12|4320674.348999999
MEX_A13|34482351.477
MEX_A14|151347727.00699997
MEX_A15|4843321.785000001
MEX_A16|62425041.89800001
MEX_A17|138841838.565
MEX_A18|46592292.474
MEX_A19|154685060.90899998
MEX_A20|45016094.28199999
MEX_A21|294267947.18100005
MEX_A22|57273668.89999999
MEX_A23|137857555.37199998
MEX_A24|12725.948
MEX_A25|3652426.529
MEX_A26|4440.210999999988
MKD_A01|3400882.0459999996
MKD_A02|23337.585
MKD_A03|311089.12600000005
MKD_A04|1875124.127
MKD_A05|1429271.1630000002
MKD_A06|471569.422
MKD_A07|2002206.364
MKD_A08|1647519.9249999998
MKD_A09|558456.157
MKD_A10|181817.98100000003
MKD_A11|131847.772
MKD_A12|70311.665
MKD_A13|1131229.104
MKD_A14|2523245.609
MKD_A15|579030.2879999998
MKD_A16|1060227.1230000001
MKD_A17|1576081.1870000004
MKD_A18|440690.3249999999
MKD_A19|1795254.08
MKD_A20|1087017.546
MKD_A21|2977281.2190000005
MKD_A22|1312975.561
MKD_A23|1913757.932
MKD_A24|14491.48
MKD_A25|51492.486000000004
MKD_A26|91505.81800000001
MLI_A01|6126330.002
MLI_A02|418423.2789999999
MLI_A03|141342.547
MLI_A04|1068571.6460000002
MLI_A05|222834.87900000002
MLI_A06|556548.1550000001
MLI_A07|1380009.804
MLI_A08|546689.1649999999
MLI_A09|1680992.403
MLI_A10|780672.2890000001
MLI_A11|268338.57599999994
MLI_A12|72717.036
MLI_A13|386019.123
MLI_A14|1702586.788999999
MLI_A15|80186.16900000001
MLI_A16|1288850.9170000001
MLI_A17|1115614.634
MLI_A18|824490.9300000002
MLI_A19|906198.5329999999
MLI_A20|945208.087
MLI_A21|4656513.328
MLI_A22|1799444.203
MLI_A23|2165435.579
MLI_A24|51032.096999999994
MLI_A25|63819.007
MLI_A26|23060.585
MLT_A01|586302.6860000001
MLT_A02|99135.769
MLT_A03|82950.305
MLT_A04|1405548.762
MLT_A05|890569.431
MLT_A06|491415.14900000003
MLT_A07|1041026.064
MLT_A08|251889.832
MLT_A09|10425426.461
MLT_A10|436747.468
MLT_A11|741679.278
MLT_A12|25123.022
MLT_A13|653145.17
MLT_A14|991543.841
MLT_A15|462320.44800000003
MLT_A16|850472.6719999999
MLT_A17|680072.425
MLT_A18|2277235.96
MLT_A19|3125643.675
MLT_A20|1013956.4950000001
MLT_A21|5097427.853999999
MLT_A22|1289794.634
MLT_A23|3025402.4329999997
MLT_A24|46704.426999999996
MLT_A25|148442.78499999997
MLT_A26|20046.351
MMR_A01|21045564.636
MMR_A02|4360624.1620000005
MMR_A03|5529783.1850000005
MMR_A04|11249050.064
MMR_A05|2583686.3519999995
MMR_A06|6707303.369999999
MMR_A07|17901711.799
MMR_A08|8765651.159000002
MMR_A09|20455790.039
MMR_A10|8729761.592
MMR_A11|1400038.736
MMR_A12|334346.2810000001
MMR_A13|3569483.9029999995
MMR_A14|10644496.872000005
MMR_A15|343162.004
MMR_A16|8951431.947999999
MMR_A17|6340888.039000002
MMR_A18|5059930.687999999
MMR_A19|6415742.102
MMR_A20|7156474.257999999
MMR_A21|5587334.527
MMR_A22|7302540.879000001
MMR_A23|5892756.700000001
MMR_A24|173635.456
MMR_A25|208251.56000000003
MMR_A26|32529.586999999996
MNE_A01|501266.52
MNE_A02|80532.654
MNE_A03|159034.30899999998
MNE_A04|596000.52
MNE_A05|101114.645
MNE_A06|190119.87399999998
MNE_A07|331897.83199999994
MNE_A08|210569.193
MNE_A09|322275.989
MNE_A10|202859.49700000003
MNE_A11|118257.48100000001
MNE_A12|98039.022
MNE_A13|904475.4629999999
MNE_A14|768754.803
MNE_A15|106221.554
MNE_A16|913794.1750000003
MNE_A17|570704.521
MNE_A18|619769.3739999998
MNE_A19|790944.909
MNE_A20|411894.34900000005
MNE_A21|1043861.193
MNE_A22|756371.5460000001
MNE_A23|862825.273
MNE_A24|91941.803
MNE_A25|95562.119
MNE_A26|82306.966
MNG_A01|2216225.4250000003
MNG_A02|8141.880000000005
MNG_A03|2394539.431
MNG_A04|1853513.0099999995
MNG_A05|1045791.865
MNG_A06|370147.22800000006
MNG_A07|948174.103
MNG_A08|571266.072
MNG_A09|993888.2680000002
MNG_A10|520208.524
MNG_A11|181681.69600000005
MNG_A12|159579.12100000004
MNG_A13|2375775.138
MNG_A14|1474617.9300000002
MNG_A15|58668.51900000001
MNG_A16|1258051.831
MNG_A17|980338.0609999998
MNG_A18|576126.0859999999
MNG_A19|1949929.991
MNG_A20|1240252.247
MNG_A21|2894080.988
MNG_A22|1354704.001
MNG_A23|1412467.9079999998
MNG_A24|60774.092000000004
MNG_A25|89194.06
MNG_A26|37231.879
MOZ_A01|3652154.8730000006
MOZ_A02|248513.52200000003
MOZ_A03|699207.333
MOZ_A04|962526.9319999998
MOZ_A05|213323.152
MOZ_A06|497316.137
MOZ_A07|1214234.0720000002
MOZ_A08|584888.7309999999
MOZ_A09|1677420.9090000002
MOZ_A10|918759.0279999999
MOZ_A11|285191.922
MOZ_A12|160678.85199999998
MOZ_A13|1594426.082
MOZ_A14|1409915.2960000003
MOZ_A15|118142.657
MOZ_A16|1301923.946
MOZ_A17|1069509.5119999996
MOZ_A18|750479.948
MOZ_A19|1325827.726
MOZ_A20|1419824.143
MOZ_A21|3033316.91
MOZ_A22|1809167.033
MOZ_A23|1821880.272
MOZ_A24|161064.543
MOZ_A25|86071.67400000001
MOZ_A26|60250.838
MRT_A01|1480331.173
MRT_A02|279785.659
MRT_A03|1082802.631
MRT_A04|1219720.773
MRT_A05|74321.142
MRT_A06|201630.691
MRT_A07|446639.88600000006
MRT_A08|204049.35000000003
MRT_A09|549588.5869999999
MRT_A10|259351.38
MRT_A11|81160.234
MRT_A12|28625.40000000001
MRT_A13|618734.1769999999
MRT_A14|738196.2129999998
MRT_A15|57878.064
MRT_A16|561372.6459999998
MRT_A17|502967.015
MRT_A18|401103.958
MRT_A19|348305.20999999996
MRT_A20|352088.46699999995
MRT_A21|1427801.941
MRT_A22|812636.6249999999
MRT_A23|808736.064
MRT_A24|26673.117
MRT_A25|30729.342999999993
MRT_A26|16762.114
MUS_A01|705481.742
MUS_A02|46427.68300000006
MUS_A03|30892.54
MUS_A04|1710374.418
MUS_A05|2768587.397
MUS_A06|352595.639
MUS_A07|799715.271
MUS_A08|445841.555
MUS_A09|280494.75099999993
MUS_A10|30720.053999999996
MUS_A11|496068.39
MUS_A12|87638.87499999999
MUS_A13|550144.7609999999
MUS_A14|1706203.8839999998
MUS_A15|37686.197
MUS_A16|486498.978
MUS_A17|1079852.6820000003
MUS_A18|1486373.974
MUS_A19|1808365.696
MUS_A20|594034.312
MUS_A21|2847747.194
MUS_A22|1105335.1989999996
MUS_A23|1680393.9050000003
MUS_A24|546.453999999987
MUS_A25|139133.648
MUS_A26|14479.744
MWI_A01|1877268.267
MWI_A02|141058.052
MWI_A03|91038.26
MWI_A04|492138.55700000003
MWI_A05|128790.346
MWI_A06|244219.274
MWI_A07|644394.0460000001
MWI_A08|266038.118
MWI_A09|662505.4450000001
MWI_A10|337892.458
MWI_A11|115607.78800000002
MWI_A12|57719.60400000001
MWI_A13|262021.12999999998
MWI_A14|549657.889
MWI_A15|48067.733
MWI_A16|724108.469
MWI_A17|694466.8
MWI_A18|474980.15699999995
MWI_A19|433522.622
MWI_A20|526086.413
MWI_A21|2311811.148
MWI_A22|518688.90900000004
MWI_A23|979801.52
MWI_A24|27990.362
MWI_A25|41485.507000000005
MWI_A26|16381.146999999999
MYS_A01|39160623.63200001
MYS_A02|5011759.857
MYS_A03|36390530.27300001
MYS_A04|66868842.45700001
MYS_A05|20389469.469
MYS_A06|20894255.347999997
MYS_A07|71760756.00199999
MYS_A08|25946504.265999995
MYS_A09|136524952.871
MYS_A10|14410258.141999999
MYS_A11|7070623.935
MYS_A12|2456100.327
MYS_A13|18763443.882999998
MYS_A14|24381135.443000004
MYS_A15|1293061.624
MYS_A16|16666120.211
MYS_A17|37067723.822
MYS_A18|32080519.395999998
MYS_A19|47910523.074
MYS_A20|22347935.020999998
MYS_A21|65938223.51499999
MYS_A22|27902814.54
MYS_A23|35000493.70599999
MYS_A24|591640.383
MYS_A25|1043518.0009999999
MYS_A26|29045.712999999978
NAM_A01|1046400.7649999999
NAM_A02|249224.931
NAM_A03|1814308.212
NAM_A04|1351211.8460000001
NAM_A05|221950.175
NAM_A06|291153.1890000001
NAM_A07|939633.0490000001
NAM_A08|351626.578
NAM_A09|889605.2250000001
NAM_A10|430491.9360000001
NAM_A11|168823.288
NAM_A12|58801.75100000001
NAM_A13|1777109.1079999998
NAM_A14|1792557.467
NAM_A15|79410.931
NAM_A16|1509157.658
NAM_A17|975490.7710000001
NAM_A18|1083787.671
NAM_A19|1055936.184
NAM_A20|464227.47500000003
NAM_A21|3509183.2510000006
NAM_A22|1863425.9050000003
NAM_A23|2140911.061
NAM_A24|58380.742
NAM_A25|43083.75
NAM_A26|4333.611000000004
NCL_A01|296878.7739999999
NCL_A02|50897.066000000006
NCL_A03|418176.7419999999
NCL_A04|523389.596
NCL_A05|136888.873
NCL_A06|349651.83900000004
NCL_A07|832149.3390000002
NCL_A08|668642.877
NCL_A09|939316.561
NCL_A10|425533.69999999995
NCL_A11|168267.153
NCL_A12|59971.204
NCL_A13|612410.471
NCL_A14|2255267.725
NCL_A15|65672.356
NCL_A16|834445.8559999999
NCL_A17|664311.059
NCL_A18|526376.0480000001
NCL_A19|670250.0000000001
NCL_A20|591754.225
NCL_A21|3313414.567
NCL_A22|1540113.586
NCL_A23|2114552.137
NCL_A24|53375.52299999999
NCL_A25|78434.198
NCL_A26|28221.806999999997
NER_A01|4483462.456
NER_A02|315312.722
NER_A03|632110.6129999999
NER_A04|2412075.642
NER_A05|51717.62300000001
NER_A06|58750.72200000001
NER_A07|156534.567
NER_A08|57340.773
NER_A09|224785.09100000001
NER_A10|144126.69999999998
NER_A11|44681.82799999999
NER_A12|23374.597
NER_A13|1030330.7709999998
NER_A14|1358287.9719999998
NER_A15|30174.823999999997
NER_A16|630668.3250000001
NER_A17|674731.9870000001
NER_A18|1262532.9730000005
NER_A19|1373156.7049999998
NER_A20|237130.86099999998
NER_A21|1105408.096
NER_A22|971850.9109999998
NER_A23|1040204.2069999999
NER_A24|3933.3359999999957
NER_A25|11872.042000000016
NER_A26|-113734.101
NGA_A01|91540787.279
NGA_A02|4125419.1840000004
NGA_A03|36219609.566
NGA_A04|13080842.910999998
NGA_A05|2088860.652
NGA_A06|4243673.698000001
NGA_A07|13225722.730000002
NGA_A08|3675471.6069999994
NGA_A09|13998420.408
NGA_A10|7005988.130000001
NGA_A11|2488966.566
NGA_A12|815813.432
NGA_A13|14616425.248
NGA_A14|21634875.452999998
NGA_A15|1453570.3479999998
NGA_A16|27146022.405000005
NGA_A17|36381949.321
NGA_A18|22641550.654
NGA_A19|22464748.903999995
NGA_A20|29113789.908999998
NGA_A21|68119738.67300001
NGA_A22|13316234.237
NGA_A23|26301476.713999994
NGA_A24|319122.8939999999
NGA_A25|976549.3260000001
NGA_A26|31293.728000000003
NIC_A01|2678332.4050000003
NIC_A02|246175.541
NIC_A03|449341.36600000004
NIC_A04|1373493.4039999996
NIC_A05|719782.566
NIC_A06|600603.48
NIC_A07|1533185.712
NIC_A08|638893.596
NIC_A09|1429597.8500000003
NIC_A10|619383.545
NIC_A11|262335.372
NIC_A12|134395.85499999998
NIC_A13|1136816.092
NIC_A14|1870639.0890000004
NIC_A15|73884.117
NIC_A16|1404537.616
NIC_A17|984788.291
NIC_A18|781920.3649999999
NIC_A19|823763.3
NIC_A20|652110.37
NIC_A21|2877952.1420000005
NIC_A22|1234181.776
NIC_A23|1511922.8470000003
NIC_A24|39119.121
NIC_A25|55747.40699999999
NIC_A26|12421.762999999994
NLD_A01|47217010.997999996
NLD_A02|1241489.787
NLD_A03|23182982.345
NLD_A04|103112553.14200002
NLD_A05|11256471.548999999
NLD_A06|46136901.272
NLD_A07|146245097.677
NLD_A08|48338040.62099999
NLD_A09|93199233.30700001
NLD_A10|30767771.969000004
NLD_A11|16367488.284999998
NLD_A12|2400681.506
NLD_A13|37166442.237
NLD_A14|123021671.71800001
NLD_A15|26014368.88099999
NLD_A16|100692580.34099999
NLD_A17|43800121.286000006
NLD_A18|37909211.63300001
NLD_A19|91721333.90600002
NLD_A20|43980834.132
NLD_A21|342178357.227
NLD_A22|87760071.52399997
NLD_A23|177810185.28400004
NLD_A24|2489067.762000001
NLD_A25|12382382.901999999
NLD_A26|236590485.522
NOR_A01|7413160.177999999
NOR_A02|5453810.471
NOR_A03|80191765.54900001
NOR_A04|30506743.640999995
NOR_A05|1616705.1649999998
NOR_A06|18426995.425
NOR_A07|19131461.877000004
NOR_A08|17330433.699
NOR_A09|18818003.492
NOR_A10|16186997.81
NOR_A11|3157183.778
NOR_A12|769840.1340000001
NOR_A13|11881684.442000002
NOR_A14|43762897.21400001
NOR_A15|8182582.978
NOR_A16|24813305.028999995
NOR_A17|18219202.104
NOR_A18|11616535.094999997
NOR_A19|64345777.495000005
NOR_A20|18627874.462
NOR_A21|101175500.47800002
NOR_A22|31042263.637
NOR_A23|79874420.52399999
NOR_A24|299404.47200000007
NOR_A25|2199336.9129999997
NOR_A26|4639795.66
NPL_A01|7203618.620999999
NPL_A02|455504.21
NPL_A03|299867.297
NPL_A04|1578497.544
NPL_A05|708900.831
NPL_A06|776916.204
NPL_A07|2100303.212
NPL_A08|1010992.58
NPL_A09|2695378.9630000005
NPL_A10|1384247.378
NPL_A11|386805.833
NPL_A12|219777.03100000002
NPL_A13|788313.602
NPL_A14|3525408.121
NPL_A15|124138.56000000004
NPL_A16|2853330.988
NPL_A17|2236682.5949999993
NPL_A18|1471369.7040000001
NPL_A19|1741293.5090000005
NPL_A20|1876642.029
NPL_A21|9880196.493
NPL_A22|2723222.971000001
NPL_A23|3687900.5659999996
NPL_A24|56756.477
NPL_A25|124033.473
NPL_A26|8811.029
NZL_A01|23059296.472999997
NZL_A02|1621712.1760000004
NZL_A03|4338053.489
NZL_A04|31257492.599
NZL_A05|5475562.544000001
NZL_A06|17761363.140000004
NZL_A07|14352767.907
NZL_A08|9479085.688000001
NZL_A09|8983595.305
NZL_A10|4162773.5489999996
NZL_A11|2715346.043
NZL_A12|5730947.911
NZL_A13|11972418.274
NZL_A14|31665879.111
NZL_A15|1025617.757
NZL_A16|32246505.467000004
NZL_A17|17309753.218
NZL_A18|6750252.915999999
NZL_A19|19966428.575999998
NZL_A20|11168922.083000002
NZL_A21|80237507.44399999
NZL_A22|18254179.67
NZL_A23|34564997.895
NZL_A24|11457.966
NZL_A25|3288447.0779999997
NZL_A26|1237538.9159999997
OMN_A01|2075871.816
OMN_A02|412389.927
OMN_A03|28553865.829000004
OMN_A04|4517065.2530000005
OMN_A05|1026320.257
OMN_A06|2794356.2070000004
OMN_A07|8566686.146
OMN_A08|3608861.806
OMN_A09|8371414.712
OMN_A10|3352294.656
OMN_A11|1523024.2989999999
OMN_A12|300955.28800000006
OMN_A13|6959904.83
OMN_A14|15840609.781999998
OMN_A15|349992.87999999995
OMN_A16|5909835.4969999995
OMN_A17|3963026.8470000005
OMN_A18|3924121.5730000003
OMN_A19|6195556.097
OMN_A20|3603190.9009999996
OMN_A21|20436596.281
OMN_A22|10118298.726999998
OMN_A23|10305180.275
OMN_A24|235406.10200000007
OMN_A25|385729.17899999995
OMN_A26|60977.698
PAK_A01|60886635.861999996
PAK_A02|3338879.1809999994
PAK_A03|3682674.2610000004
PAK_A04|16988382.172
PAK_A05|13356291.453000002
PAK_A06|9164614.202000001
PAK_A07|24848296.721000005
PAK_A08|9700428.660999998
PAK_A09|26682258.075999998
PAK_A10|11811054.154000001
PAK_A11|4458857.903999999
PAK_A12|1218519.9519999998
PAK_A13|13037663.948
PAK_A14|19164119.718000006
PAK_A15|1274325.685
PAK_A16|27621816.43
PAK_A17|27405470.469
PAK_A18|18879619.397000007
PAK_A19|21003179.649000004
PAK_A20|24637359.074
PAK_A21|89692893.227
PAK_A22|20222502.133999996
PAK_A23|33683647.627000004
PAK_A24|422655.55199999997
PAK_A25|1285621.473
PAK_A26|28115.028
PAN_A01|1916761.384
PAN_A02|535276.053
PAN_A03|965428.0839999999
PAN_A04|2990593.635
PAN_A05|1849481.1409999998
PAN_A06|1852079.5179999997
PAN_A07|5203785.038000001
PAN_A08|2152846.943
PAN_A09|6209940.926
PAN_A10|2563784.011
PAN_A11|1072137.6660000002
PAN_A12|303300.278
PAN_A13|2177864.0700000003
PAN_A14|14555553.182
PAN_A15|409421.88
PAN_A16|7455150.666
PAN_A17|6035753.655
PAN_A18|4613915.667
PAN_A19|6061779.271
PAN_A20|4317461.751
PAN_A21|19760518.994
PAN_A22|5940884.425000001
PAN_A23|7884340.022000001
PAN_A24|154863.848
PAN_A25|280407.895
PAN_A26|33085.353
PER_A01|21007610.001000002
PER_A02|2574602.1240000003
PER_A03|20899028.931
PER_A04|32204563.377
PER_A05|17706342.358000003
PER_A06|7732165.837
PER_A07|21762119.001000006
PER_A08|13851924.515999999
PER_A09|3577109.4480000003
PER_A10|2188860.4090000005
PER_A11|3530282.3920000005
PER_A12|965213.3699999999
PER_A13|7400791.2360000005
PER_A14|25856456.426999997
PER_A15|881548.819
PER_A16|11362185.806
PER_A17|25271052.336000003
PER_A18|13981416.615
PER_A19|25291996.605
PER_A20|4784970.074
PER_A21|37386387.972
PER_A22|27518710.289
PER_A23|16859730.466000002
PER_A24|3890001.312
PER_A25|9191321.397
PER_A26|39004.418000000005
PHL_A01|33397460.0
PHL_A02|6790834.085000002
PHL_A03|3661706.3310000002
PHL_A04|102393094.16400002
PHL_A05|8330067.148
PHL_A06|3988087.4889999996
PHL_A07|22840528.395999998
PHL_A08|6617277.780000002
PHL_A09|50703936.888
PHL_A10|5810676.488
PHL_A11|3318465.448000001
PHL_A12|533717.843
PHL_A13|13769661.972000003
PHL_A14|36681276.356000006
PHL_A15|1349284.844
PHL_A16|17390770.034
PHL_A17|38679530.27899999
PHL_A18|15281141.071000002
PHL_A19|25328024.942999996
PHL_A20|5691455.817999999
PHL_A21|59880339.733
PHL_A22|148059.585
PHL_A23|19173571.234
PHL_A24|84498.368
PHL_A25|24251035.964
PHL_A26|-1584.599000000002
PNG_A01|4873268.879
PNG_A02|147102.409
PNG_A03|2295055.875
PNG_A04|1205199.496
PNG_A05|223391.446
PNG_A06|709273.1649999999
PNG_A07|1715415.7810000002
PNG_A08|718200.0249999999
PNG_A09|1729070.502
PNG_A10|852968.1009999999
PNG_A11|272289.736
PNG_A12|80130.642
PNG_A13|2190375.831
PNG_A14|2812040.761
PNG_A15|122604.369
PNG_A16|2053297.0820000002
PNG_A17|1686729.5839999998
PNG_A18|1203338.846
PNG_A19|1573831.031
PNG_A20|1336839.3630000001
PNG_A21|8212443.760000001
PNG_A22|2441257.003
PNG_A23|3664637.461
PNG_A24|62482.803
PNG_A25|127220.81199999998
PNG_A26|30122.182999999997
POL_A01|51409398.01999999
POL_A02|388002.89900000003
POL_A03|20869191.474
POL_A04|76463616.22
POL_A05|23251952.783
POL_A06|41626602.55
POL_A07|85341493.23300001
POL_A08|46704217.746
POL_A09|53182202.313
POL_A10|45837236.409
POL_A11|14302499.238000002
POL_A12|1274826.089
POL_A13|41140819.668
POL_A14|96172609.74999997
POL_A15|29212236.323
POL_A16|76688035.58999999
POL_A17|53540357.102000006
POL_A18|13906511.932
POL_A19|69026713.59400001
POL_A20|28795248.307
POL_A21|163071990.94500002
POL_A22|38781243.232999995
POL_A23|94526404.595
POL_A24|2367564.276
POL_A25|4382483.684
POL_A26|13611858.967
PRK_A01|3664385.157
PRK_A02|269909.119
PRK_A03|660679.99
PRK_A04|1412782.9640000002
PRK_A05|265733.634
PRK_A06|535926.801
PRK_A07|1517083.08
PRK_A08|469057.78299999994
PRK_A09|1362588.735
PRK_A10|666442.9119999998
PRK_A11|238177.95800000004
PRK_A12|48108.971999999994
PRK_A13|2384439.236
PRK_A14|1776033.2250000003
PRK_A15|11431.555999999999
PRK_A16|620981.7729999999
PRK_A17|733661.8300000001
PRK_A18|596965.338
PRK_A19|625201.411
PRK_A20|640608.1889999999
PRK_A21|6365364.093000001
PRK_A22|678546.0580000001
PRK_A23|2155094.603
PRK_A24|22352.622999999992
PRK_A25|71660.155
PRK_A26|-8352.372
PRT_A01|10273160.735
PRT_A02|830743.1349999999
PRT_A03|1948067.2689999996
PRT_A04|20381459.317999996
PRT_A05|21820386.923
PRT_A06|14592504.384
PRT_A07|21384340.931
PRT_A08|9805012.487999998
PRT_A09|17770964.403
PRT_A10|9521616.767
PRT_A11|4479035.153
PRT_A12|285380.756
PRT_A13|11789450.354
PRT_A14|30138899.63
PRT_A15|9772731.730999999
PRT_A16|19129588.330999997
PRT_A17|16705007.587000005
PRT_A18|18218974.461000003
PRT_A19|21893451.356
PRT_A20|10732082.798
PRT_A21|61481900.052999996
PRT_A22|18918718.304999996
PRT_A23|38853602.452
PRT_A24|1474864.133
PRT_A25|1275565.993
PRT_A26|33751.09699999998
PRY_A01|7371803.027000001
PRY_A02|16056.605000000003
PRY_A03|102971.73800000001
PRY_A04|8533478.934
PRY_A05|2963095.0849999995
PRY_A06|1705922.42
PRY_A07|3573469.2409999995
PRY_A08|588203.476
PRY_A09|1107144.0
PRY_A10|121546.68999999996
PRY_A11|605680.3790000001
PRY_A12|225645.59900000002
PRY_A13|4088614.9940000004
PRY_A14|4754186.183000001
PRY_A15|112306.50899999999
PRY_A16|1447506.862
PRY_A17|3219460.7920000004
PRY_A18|3089583.202
PRY_A19|3417610.8599999994
PRY_A20|1644506.026
PRY_A21|3129700.855
PRY_A22|3200718.7600000007
PRY_A23|1483024.8989999997
PRY_A24|7735.105999999999
PRY_A25|2220051.6860000007
PRY_A26|-80366.295
PSE_A01|1405715.495
PSE_A02|81307.047
PSE_A03|116615.41299999997
PSE_A04|961404.0480000001
PSE_A05|176183.66499999998
PSE_A06|400193.81499999994
PSE_A07|1012306.75
PSE_A08|399172.24199999997
PSE_A09|1279707.5180000002
PSE_A10|594460.6170000001
PSE_A11|209287.36500000002
PSE_A12|127268.37600000002
PSE_A13|493500.10099999997
PSE_A14|1806560.8739999996
PSE_A15|105375.27700000003
PSE_A16|1705508.4819999998
PSE_A17|1677133.1130000001
PSE_A18|1017818.4180000001
PSE_A19|605732.0669999999
PSE_A20|706308.7570000001
PSE_A21|3383462.61
PSE_A22|2258867.5579999997
PSE_A23|2256083.602
PSE_A24|53464.856
PSE_A25|68373.81199999999
PSE_A26|39068.204
PYF_A01|256751.12999999998
PYF_A02|40098.368
PYF_A03|117750.24999999999
PYF_A04|403897.5709999999
PYF_A05|102587.47599999998
PYF_A06|298458.80400000006
PYF_A07|665241.324
PYF_A08|312573.46699999995
PYF_A09|676005.133
PYF_A10|316679.153
PYF_A11|427287.98799999995
PYF_A12|35826.964
PYF_A13|266680.153
PYF_A14|654188.4599999998
PYF_A15|48023.614
PYF_A16|585821.6910000001
PYF_A17|499318.57000000007
PYF_A18|384365.15200000006
PYF_A19|555084.15
PYF_A20|544929.003
PYF_A21|3283358.6110000005
PYF_A22|1020626.009
PYF_A23|1403505.705
PYF_A24|38133.942
PYF_A25|56368.352000000006
PYF_A26|16667.127
QAT_A01|1140037.924
QAT_A02|83223.101
QAT_A03|65170274.713000014
QAT_A04|3731539.3460000004
QAT_A05|887181.3069999999
QAT_A06|2395418.171
QAT_A07|10230853.422
QAT_A08|3261975.502000001
QAT_A09|12948653.890999999
QAT_A10|5418207.022999999
QAT_A11|1666166.373
QAT_A12|421929.279
QAT_A13|6208901.549
QAT_A14|32466759.272999994
QAT_A15|412097.30199999997
QAT_A16|9871034.486000001
QAT_A17|6957685.491
QAT_A18|6435803.722
QAT_A19|9529262.352
QAT_A20|6981460.694999999
QAT_A21|36793459.833000004
QAT_A22|19160184.998
QAT_A23|16896911.394
QAT_A24|284299.09699999995
QAT_A25|460047.34
QAT_A26|61829.607
ROU_A01|38632435.46
ROU_A02|77905.60100000001
ROU_A03|8444823.703000002
ROU_A04|40573605.61200001
ROU_A05|14605283.487
ROU_A06|8999003.679000001
ROU_A07|28233406.225
ROU_A08|17505679.626000002
ROU_A09|14139146.488000002
ROU_A10|9673799.493
ROU_A11|4620194.187000001
ROU_A12|61928.98
ROU_A13|24463047.246
ROU_A14|25836414.250999995
ROU_A15|1344236.8119999997
ROU_A16|17337510.849999998
ROU_A17|11164945.175
ROU_A18|8576127.569
ROU_A19|27147522.343000002
ROU_A20|11994844.355
ROU_A21|49920944.77900001
ROU_A22|16205154.466999996
ROU_A23|34458439.476
ROU_A24|17654.282
ROU_A25|15949.74
ROU_A26|12019497.116999999
RUS_A01|179463847.921
RUS_A02|26970926.391000003
RUS_A03|102220863.88
RUS_A04|193669824.157
RUS_A05|25258928.928999998
RUS_A06|58384709.053
RUS_A07|426992519.19
RUS_A08|247191335.609
RUS_A09|221372887.17899996
RUS_A10|727156.656
RUS_A11|42560945.05099999
RUS_A12|19225750.798999995
RUS_A13|93212467.65500002
RUS_A14|234275393.413
RUS_A15|10778760.617999999
RUS_A16|138926210.486
RUS_A17|308991060.40199995
RUS_A18|635041.605
RUS_A19|268507946.97099996
RUS_A20|396908.2569999999
RUS_A21|297167701.139
RUS_A22|49385865.57500001
RUS_A23|236853167.80299997
RUS_A24|123.497
RUS_A25|35451.193999999996
RUS_A26|381809.8109999999
RWA_A01|2671377.486
RWA_A02|274650.992
RWA_A03|157960.392
RWA_A04|577256.253
RWA_A05|100546.21800000001
RWA_A06|264173.80600000004
RWA_A07|576861.941
RWA_A08|244617.66999999998
RWA_A09|685976.936
RWA_A10|298972.34199999995
RWA_A11|116297.20799999998
RWA_A12|35151.497
RWA_A13|458585.54200000013
RWA_A14|1070787.0320000001
RWA_A15|52225.71799999999
RWA_A16|652611.204
RWA_A17|633658.6210000002
RWA_A18|477314.743
RWA_A19|464560.04000000004
RWA_A20|562402.233
RWA_A21|3156599.636000001
RWA_A22|1050517.83
RWA_A23|1522288.558
RWA_A24|43389.594
RWA_A25|53851.60199999999
RWA_A26|28861.148
SAU_A01|21937069.810999993
SAU_A02|1204108.5280000002
SAU_A03|189818695.24699998
SAU_A04|31704926.353000008
SAU_A05|6047941.723999999
SAU_A06|17636300.249
SAU_A07|68841971.846
SAU_A08|19001119.823
SAU_A09|59743427.388000004
SAU_A10|27579666.39
SAU_A11|9015066.947999999
SAU_A12|3458103.325
SAU_A13|59904870.585999995
SAU_A14|82643784.403
SAU_A15|1926600.991
SAU_A16|52649837.44
SAU_A17|42192672.61000001
SAU_A18|32245691.644999996
SAU_A19|39334883.372
SAU_A20|34073259.049
SAU_A21|200589228.81399998
SAU_A22|92430991.36199999
SAU_A23|97400984.537
SAU_A24|1109886.92
SAU_A25|2541995.377
SAU_A26|41203.35900000001
SDS_A01|265065.89699999994
SDS_A02|10769.356
SDS_A03|127190.65900000003
SDS_A04|453505.583
SDS_A05|89818.69799999997
SDS_A06|440935.62399999984
SDS_A07|1092357.3029999996
SDS_A08|481440.74299999984
SDS_A09|1012476.149
SDS_A10|423844.088
SDS_A11|120672.479
SDS_A12|16670.550000000014
SDS_A13|328750.904
SDS_A14|769043.8929999998
SDS_A15|15029.242000000002
SDS_A16|553067.3039999999
SDS_A17|326558.75299999997
SDS_A18|372765.91000000003
SDS_A19|656907.96
SDS_A20|635344.1880000002
SDS_A21|4000440.688
SDS_A22|363782.95699999994
SDS_A23|1012222.2080000001
SDS_A24|11932.854
SDS_A25|35613.946000000025
SDS_A26|2696.1189999999997
SEN_A01|3876692.591
SEN_A02|441627.555
SEN_A03|592396.863
SEN_A04|3094370.298
SEN_A05|293281.676
SEN_A06|858306.414
SEN_A07|1999110.5850000002
SEN_A08|764570.895
SEN_A09|2345282.4450000003
SEN_A10|966382.6089999999
SEN_A11|395356.1610000001
SEN_A12|94789.48100000001
SEN_A13|1365423.624
SEN_A14|3213629.7269999995
SEN_A15|111538.09
SEN_A16|2477691.9809999997
SEN_A17|2476493.0009999997
SEN_A18|1597034.2229999998
SEN_A19|1758423.704
SEN_A20|1726532.285
SEN_A21|6142051.033000001
SEN_A22|1975963.6120000002
SEN_A23|2501588.3340000003
SEN_A24|50114.62900000001
SEN_A25|121084.09100000003
SEN_A26|4318.414000000004
SGP_A01|1657945.94
SGP_A02|534730.5959999999
SGP_A03|397297.102
SGP_A04|11042429.724
SGP_A05|5694495.351
SGP_A06|12002908.774999999
SGP_A07|121746291.66
SGP_A08|29149966.413999993
SGP_A09|251332043.48000002
SGP_A10|14212498.964000002
SGP_A11|4324725.7530000005
SGP_A12|1495453.9470000002
SGP_A13|20890992.387000002
SGP_A14|42638811.273
SGP_A15|2186509.874
SGP_A16|28181679.188
SGP_A17|62679963.449000016
SGP_A18|25740303.551999997
SGP_A19|100621972.93899998
SGP_A20|38032321.462
SGP_A21|146736661.516
SGP_A22|40737031.742
SGP_A23|46866274.368999995
SGP_A24|3127346.706
SGP_A25|4652601.748000001
SGP_A26|6426.142000000002
SLE_A01|2571166.651
SLE_A02|265365.004
SLE_A03|509076.657
SLE_A04|139351.24899999998
SLE_A05|27959.199999999997
SLE_A06|55022.94699999999
SLE_A07|108552.14099999999
SLE_A08|35234.005000000005
SLE_A09|126327.165
SLE_A10|68753.123
SLE_A11|30068.633999999995
SLE_A12|16905.193
SLE_A13|165035.399
SLE_A14|132220.81299999997
SLE_A15|39081.712
SLE_A16|2306234.5700000003
SLE_A17|298236.33200000005
SLE_A18|1330829.0430000003
SLE_A19|177743.682
SLE_A20|178488.07100000003
SLE_A21|691025.244
SLE_A22|491084.867
SLE_A23|589000.777
SLE_A24|36067.23299999999
SLE_A25|28150.456000000002
SLE_A26|22096.021
SLV_A01|2026190.322
SLV_A02|75084.49799999999
SLV_A03|264456.118
SLV_A04|1823385.6370000003
SLV_A05|1838626.2210000001
SLV_A06|897317.626
SLV_A07|2349866.051
SLV_A08|954979.22
SLV_A09|2347070.0369999995
SLV_A10|996518.031
SLV_A11|413412.077
SLV_A12|90721.616
SLV_A13|1112557.41
SLV_A14|2399070.982
SLV_A15|110367.088
SLV_A16|2376952.03
SLV_A17|2009721.0950000002
SLV_A18|1516901.2999999996
SLV_A19|1731452.437
SLV_A20|1694241.097
SLV_A21|6632762.985999999
SLV_A22|2486363.3209999995
SLV_A23|3451964.6810000003
SLV_A24|59142.961
SLV_A25|110382.82700000002
SLV_A26|19882.647999999997
SMR_A01|73303.02899999998
SMR_A02|46853.96000000001
SMR_A03|65304.107
SMR_A04|141596.726
SMR_A05|75325.226
SMR_A06|137577.24500000002
SMR_A07|244291.53500000003
SMR_A08|144796.00700000004
SMR_A09|272475.59699999995
SMR_A10|143692.172
SMR_A11|86345.93600000002
SMR_A12|56737.73300000001
SMR_A13|84249.774
SMR_A14|307259.90299999993
SMR_A15|80482.83099999999
SMR_A16|242752.565
SMR_A17|171089.298
SMR_A18|138725.247
SMR_A19|239037.13700000005
SMR_A20|185380.47000000003
SMR_A21|717986.7050000001
SMR_A22|330205.01300000004
SMR_A23|320697.11
SMR_A24|77975.504
SMR_A25|57000.359
SMR_A26|76726.25300000001
SOM_A01|639936.179
SOM_A02|90141.78
SOM_A03|11660.825999999992
SOM_A04|91279.182
SOM_A05|13812.958
SOM_A06|57399.268000000004
SOM_A07|117550.149
SOM_A08|49915.66499999999
SOM_A09|120103.26599999999
SOM_A10|50965.255000000005
SOM_A11|16426.221
SOM_A12|3444.4
SOM_A13|40408.223999999995
SOM_A14|177682.765
SOM_A15|4614.362999999999
SOM_A16|104981.01
SOM_A17|80053.69
SOM_A18|64563.33200000001
SOM_A19|83029.32499999998
SOM_A20|100617.78199999998
SOM_A21|441678.95499999996
SOM_A22|110576.11699999998
SOM_A23|164816.829
SOM_A24|1994.4410000000005
SOM_A25|4247.249999999999
SOM_A26|747.1199999999999
SRB_A01|7560039.250000001
SRB_A02|767615.046
SRB_A03|1340656.6430000004
SRB_A04|5732648.618
SRB_A05|1297980.049
SRB_A06|3026139.3140000002
SRB_A07|6755969.241999999
SRB_A08|3888075.201
SRB_A09|6642172.158
SRB_A10|3139071.4890000005
SRB_A11|1315318.6519999998
SRB_A12|704028.9600000001
SRB_A13|12472674.87
SRB_A14|6019211.023
SRB_A15|626477.4199999999
SRB_A16|5717699.140000001
SRB_A17|4593616.046999999
SRB_A18|4428744.303
SRB_A19|6113022.523
SRB_A20|3251349.74
SRB_A21|12101007.248
SRB_A22|5970789.87
SRB_A23|8521466.549
SRB_A24|612528.75
SRB_A25|774248.275
SRB_A26|438368.17000000004
STP_A01|44252.973999999995
STP_A02|6434.942
STP_A03|11719.186000000002
STP_A04|30586.983
STP_A05|8749.036000000002
STP_A06|19242.824999999997
STP_A07|32802.42600000001
STP_A08|18760.359
STP_A09|32686.491
STP_A10|17131.478
STP_A11|10687.923999999999
STP_A12|6423.322999999999
STP_A13|17768.225
STP_A14|44836.725
STP_A15|7531.692999999999
STP_A16|59924.692
STP_A17|43159.127
STP_A18|45230.558999999994
STP_A19|30136.005
STP_A20|37275.256
STP_A21|143331.141
STP_A22|48074.013000000006
STP_A23|70893.71900000001
STP_A24|6378.925000000001
STP_A25|915.153999999995
STP_A26|-316.73300000000745
SUD_A01|10285961.179999998
SUD_A02|866652.425
SUD_A03|754290.3250000001
SUD_A04|2661910.322
SUD_A05|691068.124
SUD_A06|2004043.8350000002
SUD_A07|5071278.450999999
SUD_A08|2229561.7430000002
SUD_A09|5050730.887
SUD_A10|2270732.911
SUD_A11|829188.5909999999
SUD_A12|294270.664
SUD_A13|2088470.9200000004
SUD_A14|5324591.245999999
SUD_A15|271785.719
SUD_A16|5883821.732999999
SUD_A17|4588362.037
SUD_A18|3303191.6590000005
SUD_A19|4739452.563
SUD_A20|5224602.595000001
SUD_A21|20621467.154
SUD_A22|3274482.6440000003
SUD_A23|5889663.9690000005
SUD_A24|174954.633
SUD_A25|338405.728
SUD_A26|59225.725000000006
SUR_A01|582220.66
SUR_A02|63072.429
SUR_A03|628919.0839999999
SUR_A04|276575.685
SUR_A05|51247.111999999994
SUR_A06|150774.462
SUR_A07|336279.2960000001
SUR_A08|264173.239
SUR_A09|384836.97800000006
SUR_A10|185234.65099999998
SUR_A11|61675.215
SUR_A12|22579.207
SUR_A13|347536.911
SUR_A14|494197.74999999994
SUR_A15|30895.852000000003
SUR_A16|368542.75800000003
SUR_A17|289626.789
SUR_A18|257495.53600000002
SUR_A19|303384.51300000004
SUR_A20|252537.70699999997
SUR_A21|803444.2279999999
SUR_A22|368794.273
SUR_A23|363429.0369999999
SUR_A24|17429.259000000002
SUR_A25|21627.794
SUR_A26|12834.499
SVK_A01|9914597.408
SVK_A02|17251.728
SVK_A03|1253571.4700000002
SVK_A04|12089846.491
SVK_A05|5437715.775
SVK_A06|8643079.923
SVK_A07|24382510.016
SVK_A08|17844166.033
SVK_A09|16033506.462
SVK_A10|16350269.928999998
SVK_A11|2616520.537
SVK_A12|283488.594
SVK_A13|16930753.672999997
SVK_A14|18756456.835000005
SVK_A15|2131990.6769999997
SVK_A16|15937554.971
SVK_A17|7099876.47
SVK_A18|4180494.1439999994
SVK_A19|21758992.483000003
SVK_A20|4897288.176000001
SVK_A21|32045358.997999992
SVK_A22|9599578.816999998
SVK_A23|16998360.566
SVK_A24|13080.979
SVK_A25|659636.394
SVK_A26|30669.190999999995
SVN_A01|2729769.14
SVN_A02|17163.699
SVN_A03|507629.0920000001
SVN_A04|4847234.473
SVN_A05|4201808.682
SVN_A06|4575549.415
SVN_A07|8136187.14
SVN_A08|7357522.608999999
SVN_A09|9558297.449000001
SVN_A10|4480880.96
SVN_A11|1667093.68
SVN_A12|196598.519
SVN_A13|2465512.8409999995
SVN_A14|8825449.992
SVN_A15|1945181.2389999998
SVN_A16|5054523.291999999
SVN_A17|3519730.511
SVN_A18|2352493.6869999995
SVN_A19|6162029.740000001
SVN_A20|2360082.675
SVN_A21|13795236.449000001
SVN_A22|3685047.014
SVN_A23|9706359.709999999
SVN_A24|17615.148
SVN_A25|328919.57000000007
SVN_A26|213656.65
SWE_A01|12097844.439999996
SWE_A02|363558.98
SWE_A03|3064542.4350000005
SWE_A04|23286282.134999998
SWE_A05|3009618.011
SWE_A06|46031415.63399999
SWE_A07|37280975.449
SWE_A08|41954518.268
SWE_A09|74197077.034
SWE_A10|43514876.558
SWE_A11|4894390.635000002
SWE_A12|800507.259
SWE_A13|17996936.733
SWE_A14|40058099.403000005
SWE_A15|68384014.59899999
SWE_A16|11395.465000000007
SWE_A17|89149.369
SWE_A18|15328904.569000002
SWE_A19|73973502.36
SWE_A20|23326555.912
SWE_A21|182105544.31599998
SWE_A22|39217675.43499999
SWE_A23|119404858.619
SWE_A24|120769.06399999998
SWE_A25|2692766.453
SWE_A26|7644951.149999999
SWZ_A01|349167.32300000003
SWZ_A02|23685.806
SWZ_A03|37535.27600000001
SWZ_A04|633657.283
SWZ_A05|81451.85200000001
SWZ_A06|183871.42899999997
SWZ_A07|450399.5870000001
SWZ_A08|191131.108
SWZ_A09|519865.62899999996
SWZ_A10|169164.211
SWZ_A11|76334.274
SWZ_A12|8535.731999999996
SWZ_A13|435978.4000000001
SWZ_A14|334944.8119999999
SWZ_A15|25420.994
SWZ_A16|328161.8
SWZ_A17|323472.11500000005
SWZ_A18|315938.729
SWZ_A19|477647.60099999997
SWZ_A20|170122.004
SWZ_A21|1054970.747
SWZ_A22|547873.016
SWZ_A23|904055.922
SWZ_A24|18494.049
SWZ_A25|18038.185999999994
SWZ_A26|4274.854000000005
SYC_A01|88517.68200000003
SYC_A02|25118.776
SYC_A03|113559.89999999998
SYC_A04|287310.89599999995
SYC_A05|39909.793
SYC_A06|98432.44700000001
SYC_A07|223041.18400000004
SYC_A08|106041.807
SYC_A09|253155.65300000005
SYC_A10|105129.83100000002
SYC_A11|50792.013000000006
SYC_A12|22168.134
SYC_A13|111111.825
SYC_A14|331330.67000000004
SYC_A15|37994.079
SYC_A16|269344.634
SYC_A17|161041.902
SYC_A18|131719.175
SYC_A19|305822.89
SYC_A20|209870.49899999998
SYC_A21|472643.49
SYC_A22|433555.0889999999
SYC_A23|342981.76300000004
SYC_A24|32039.372000000003
SYC_A25|26810.263
SYC_A26|26243.754
SYR_A01|7876194.666999999
SYR_A02|210809.09900000002
SYR_A03|2992709.542
SYR_A04|1793920.607
SYR_A05|1110978.6909999999
SYR_A06|1821899.216
SYR_A07|4664922.669000001
SYR_A08|2292404.005
SYR_A09|4339840.154000001
SYR_A10|2049469.079
SYR_A11|550064.3589999999
SYR_A12|221912.53399999999
SYR_A13|9877899.996
SYR_A14|3114755.415
SYR_A15|114109.57100000003
SYR_A16|3265091.142
SYR_A17|2204967.3779999996
SYR_A18|1594383.7449999996
SYR_A19|2299174.222
SYR_A20|2093938.9209999999
SYR_A21|8700595.897000002
SYR_A22|1506583.5180000002
SYR_A23|1213344.764
SYR_A24|18865.456000000006
SYR_A25|183815.85700000002
SYR_A26|1063.690999999998
TCD_A01|3457846.3720000004
TCD_A02|243399.882
TCD_A03|356043.9579999999
TCD_A04|618453.8449999999
TCD_A05|161498.76200000002
TCD_A06|424025.772
TCD_A07|1014735.972
TCD_A08|446240.605
TCD_A09|1122339.697
TCD_A10|538451.865
TCD_A11|195601.28800000003
TCD_A12|75942.27200000001
TCD_A13|1233372.669
TCD_A14|1157554.0450000002
TCD_A15|120010.048
TCD_A16|1334938.7410000002
TCD_A17|1111795.569
TCD_A18|814161.3829999999
TCD_A19|917705.149
TCD_A20|915751.5340000001
TCD_A21|4204313.05
TCD_A22|1055502.792
TCD_A23|1449176.0430000003
TCD_A24|75220.565
TCD_A25|84508.56700000001
TCD_A26|40574.630000000005
TGO_A01|1171193.408
TGO_A02|109621.18500000001
TGO_A03|127325.063
TGO_A04|398422.70499999996
TGO_A05|82755.475
TGO_A06|213659.47400000002
TGO_A07|505506.151
TGO_A08|225240.78499999997
TGO_A09|539603.157
TGO_A10|241444.41199999998
TGO_A11|95730.45700000001
TGO_A12|26610.335
TGO_A13|241441.378
TGO_A14|581738.9530000001
TGO_A15|29243.864
TGO_A16|400204.76800000004
TGO_A17|323675.72300000006
TGO_A18|268920.422
TGO_A19|453796.87100000004
TGO_A20|440583.664
TGO_A21|2030342.0170000002
TGO_A22|666711.597
TGO_A23|919429.1039999999
TGO_A24|22062.614
TGO_A25|29078.637000000002
TGO_A26|12844.015
THA_A01|53132520.14300001
THA_A02|11478118.202
THA_A03|20523372.096
THA_A04|114334272.17400001
THA_A05|54073859.22699999
THA_A06|22509831.607
THA_A07|123368849.93400003
THA_A08|29166342.160000004
THA_A09|167858355.06199998
THA_A10|43796411.203
THA_A11|39946589.833
THA_A12|21262438.236
THA_A13|41647745.425
THA_A14|36892470.514000006
THA_A15|2381085.864
THA_A16|65531943.199000016
THA_A17|46116554.629999995
THA_A18|52453696.583
THA_A19|83228223.89
THA_A20|18785022.014
THA_A21|77460636.596
THA_A22|22466185.845000006
THA_A23|70071062.36500001
THA_A24|341897.711
THA_A25|14089287.288
THA_A26|17459.222999999998
TJK_A01|1641432.736
TJK_A02|95921.70700000001
TJK_A03|88104.619
TJK_A04|619148.246
TJK_A05|207915.44400000002
TJK_A06|408097.1599999999
TJK_A07|1111047.426
TJK_A08|441095.114
TJK_A09|1067510.102
TJK_A10|480934.63899999997
TJK_A11|146598.92
TJK_A12|51279.316
TJK_A13|238216.37099999996
TJK_A14|1064630.658
TJK_A15|48979.223000000005
TJK_A16|719686.5640000001
TJK_A17|692446.5240000002
TJK_A18|472119.61199999996
TJK_A19|727528.529
TJK_A20|864752.1489999999
TJK_A21|3912436.849000001
TJK_A22|595665.14
TJK_A23|1154576.594
TJK_A24|30846.941999999995
TJK_A25|56194.001
TJK_A26|2927.839
TKM_A01|1850183.9249999996
TKM_A02|117361.27600000003
TKM_A03|814174.2919999999
TKM_A04|2502116.056
TKM_A05|808765.431
TKM_A06|1302157.3800000001
TKM_A07|3487608.673
TKM_A08|1338075.7400000002
TKM_A09|3996154.4560000002
TKM_A10|1851770.263
TKM_A11|623947.9410000001
TKM_A12|161992.88999999996
TKM_A13|833562.7799999999
TKM_A14|4511251.147999999
TKM_A15|188068.224
TKM_A16|3250691.537
TKM_A17|3153195.428
TKM_A18|2384609.4469999997
TKM_A19|2755514.214
TKM_A20|2949660.1489999997
TKM_A21|9230552.350000001
TKM_A22|2750509.823
TKM_A23|8259633.45
TKM_A24|163234.14200000002
TKM_A25|254517.921
TKM_A26|17365.394
TTO_A01|452911.3279999999
TTO_A02|94795.41100000002
TTO_A03|7078205.498000001
TTO_A04|1994332.8890000002
TTO_A05|475605.203
TTO_A06|1387374.7249999996
TTO_A07|4289899.406
TTO_A08|1761286.7899999998
TTO_A09|4047719.25
TTO_A10|1847204.786
TTO_A11|514849.341
TTO_A12|94538.64600000001
TTO_A13|892206.623
TTO_A14|2972579.2910000007
TTO_A15|138380.86800000002
TTO_A16|2814217.969
TTO_A17|2803571.7100000004
TTO_A18|1947019.6120000002
TTO_A19|2300771.603
TTO_A20|1499238.5119999999
TTO_A21|7568189.989999999
TTO_A22|1827146.3399999996
TTO_A23|2349021.841
TTO_A24|46819.859
TTO_A25|169158.84999999998
TTO_A26|11395.728
TUN_A01|4615653.151
TUN_A02|285422.99600000004
TUN_A03|1360856.3590000002
TUN_A04|3782382.6789999995
TUN_A05|4158699.8590000006
TUN_A06|2497989.082
TUN_A07|7261036.25
TUN_A08|2864709.484
TUN_A09|7386200.441
TUN_A10|3200608.8129999996
TUN_A11|992790.243
TUN_A12|177529.483
TUN_A13|1891767.024
TUN_A14|5585383.220000001
TUN_A15|184449.18600000002
TUN_A16|4371625.410999999
TUN_A17|3213524.0299999993
TUN_A18|2507576.138
TUN_A19|3487512.6390000004
TUN_A20|2901622.6870000004
TUN_A21|9997195.578
TUN_A22|4523367.305999999
TUN_A23|4684000.108
TUN_A24|92294.46900000001
TUN_A25|212779.06999999998
TUN_A26|13253.502000000002
TUR_A01|62296683.17299999
TUR_A02|928572.445
TUR_A03|8302388.110999999
TUR_A04|82574101.58199999
TUR_A05|92290832.49000001
TUR_A06|15060469.013999999
TUR_A07|63847156.391
TUR_A08|34033923.23200001
TUR_A09|43308896.377
TUR_A10|23268013.221
TUR_A11|13756762.375
TUR_A12|201108.959
TUR_A13|28498136.481
TUR_A14|81982884.15400001
TUR_A15|20708210.321
TUR_A16|42110659.05700001
TUR_A17|38883189.586
TUR_A18|30312622.636
TUR_A19|106495060.12099998
TUR_A20|15484782.655999998
TUR_A21|114501050.866
TUR_A22|56675357.60300001
TUR_A23|83177159.98300001
TUR_A24|731409.845
TUR_A25|1617575.699
TUR_A26|3901414.172
TWN_A01|2729099.3429999994
TWN_A02|524900.473
TWN_A03|1434056.2179999999
TWN_A04|4435369.417
TWN_A05|7463955.760999999
TWN_A06|5527217.632999999
TWN_A07|49026694.300000004
TWN_A08|25424330.799999997
TWN_A09|55793102.07699999
TWN_A10|7954764.341
TWN_A11|719624.324
TWN_A12|7966277.996000001
TWN_A13|9391949.601999998
TWN_A14|10965466.109999998
TWN_A15|494043.903
TWN_A16|8305384.141000001
TWN_A17|12931238.462000003
TWN_A18|2760554.625
TWN_A19|11124755.228
TWN_A20|5817034.078000001
TWN_A21|48963399.651
TWN_A22|2940673.6560000004
TWN_A23|11195998.815999998
TWN_A24|122517.33
TWN_A25|3665524.9440000015
TWN_A26|107167.863
TZA_A01|15480204.11
TZA_A02|1259732.625
TZA_A03|807418.755
TZA_A04|5442396.795999999
TZA_A05|657832.3159999999
TZA_A06|1763625.746
TZA_A07|3782277.4310000003
TZA_A08|1318325.116
TZA_A09|4390899.052999999
TZA_A10|1833628.8069999998
TZA_A11|758665.8050000002
TZA_A12|220452.03000000003
TZA_A13|3091014.5829999996
TZA_A14|9449679.711
TZA_A15|131170.723
TZA_A16|3682916.905
TZA_A17|2887204.676999999
TZA_A18|3110429.029
TZA_A19|2811634.1299999994
TZA_A20|3637354.0849999995
TZA_A21|15314080.620999996
TZA_A22|5207397.192000001
TZA_A23|6711864.526
TZA_A24|59475.66600000003
TZA_A25|115472.13600000003
TZA_A26|8220.866999999997
UGA_A01|6396924.46
UGA_A02|383065.40900000004
UGA_A03|329571.37600000005
UGA_A04|2174574.378
UGA_A05|301831.78599999996
UGA_A06|844236.611
UGA_A07|1973206.0939999998
UGA_A08|777830.024
UGA_A09|2328605.727
UGA_A10|1045365.6700000002
UGA_A11|347082.94
UGA_A12|115948.93499999998
UGA_A13|1247939.11
UGA_A14|3430950.662
UGA_A15|130073.797
UGA_A16|2474695.0849999995
UGA_A17|2521552.7069999995
UGA_A18|1706468.0059999998
UGA_A19|1231647.4340000001
UGA_A20|1561726.5199999998
UGA_A21|8902302.015999999
UGA_A22|2841212.0629999996
UGA_A23|4171707.899
UGA_A24|70277.56400000001
UGA_A25|97922.02599999998
UGA_A26|10962.723999999998
UKR_A01|33869820.022
UKR_A02|5536970.623
UKR_A03|12078274.248999998
UKR_A04|33293011.131000005
UKR_A05|14390012.176
UKR_A06|2450061.6339999996
UKR_A07|19259567.759000003
UKR_A08|19970960.547
UKR_A09|20395838.064000003
UKR_A10|2221678.1210000003
UKR_A11|7699905.9410000015
UKR_A12|886869.279
UKR_A13|16205544.554000001
UKR_A14|7451949.241
UKR_A15|666909.5219999999
UKR_A16|8595719.286999999
UKR_A17|19118069.257
UKR_A18|203746.36799999996
UKR_A19|23008057.762000006
UKR_A20|4577717.945
UKR_A21|28193768.308
UKR_A22|1251372.1390000002
UKR_A23|11085172.393999998
UKR_A24|24340.35
UKR_A25|6985693.214
UKR_A26|18522.031000000003
URY_A01|5877251.563
URY_A02|44000.725999999995
URY_A03|374156.939
URY_A04|9373145.055
URY_A05|4185270.8550000004
URY_A06|1682698.3860000002
URY_A07|4426343.328
URY_A08|912018.565
URY_A09|1117135.558
URY_A10|720123.314
URY_A11|658930.6900000002
URY_A12|245483.88100000002
URY_A13|2167712.0179999997
URY_A14|9057356.713999998
URY_A15|193018.95200000002
URY_A16|3433087.4269999997
URY_A17|4932503.747
URY_A18|2788412.364
URY_A19|3807705.8690000004
URY_A20|1533369.1290000002
URY_A21|15107256.113
URY_A22|4147458.7779999995
URY_A23|11071764.482
URY_A24|760056.571
URY_A25|315141.98699999996
URY_A26|4775.793999999994
USA_A01|382496002.80300003
USA_A02|5098248.628
USA_A03|239048251.231
USA_A04|887780568.7919999
USA_A05|439106065.3639999
USA_A06|487396529.5629999
USA_A07|1639480125.671
USA_A08|518050251.87100005
USA_A09|1672635901.6460001
USA_A10|1076421877.513
USA_A11|242466273.56100002
USA_A12|1002682.6519999839
USA_A13|542855349.8790001
USA_A14|1630792774.332
USA_A15|52210908.464
USA_A16|1384387852.0440001
USA_A17|1044611601.7240001
USA_A18|1011068794.8199998
USA_A19|1606393849.7079997
USA_A20|1483480444.1
USA_A21|8465093827.649
USA_A22|3508820669.674
USA_A23|4459120418.531
USA_A24|59990450.91400001
USA_A25|49130425.437
USA_A26|400019.398
USR_A01|4100.9259999999995
USR_A02|4102.267
USR_A03|4102.267
USR_A04|4102.267
USR_A05|4102.267
USR_A06|4102.267
USR_A07|4102.267
USR_A08|4102.267
USR_A09|4102.267
USR_A10|4102.267
USR_A11|4102.267
USR_A12|4102.267
USR_A13|4102.267
USR_A14|4102.313
USR_A15|4102.313
USR_A16|4102.313
USR_A17|4102.314
USR_A18|4102.312
USR_A19|4102.312
USR_A20|4102.312
USR_A21|4102.264
USR_A22|4102.311
USR_A23|4102.312
USR_A24|4102.311
USR_A25|4102.269
USR_A26|4070.2169999999996
UZB_A01|15775477.913000003
UZB_A02|2840642.6990000005
UZB_A03|1844648.9289999998
UZB_A04|8472309.427
UZB_A05|11058484.256000001
UZB_A06|445557.48600000015
UZB_A07|5366047.3270000005
UZB_A08|2280616.363
UZB_A09|3049372.9129999997
UZB_A10|182459.758
UZB_A11|1108244.0299999998
UZB_A12|244958.328
UZB_A13|2621131.592
UZB_A14|6539300.738
UZB_A15|69836.736
UZB_A16|900117.7940000001
UZB_A17|2001986.931
UZB_A18|57543.797999999995
UZB_A19|4045114.226
UZB_A20|1103309.577
UZB_A21|6443250.290999999
UZB_A22|665296.4370000002
UZB_A23|5412940.659999998
UZB_A24|8522.548000000004
UZB_A25|2445986.4949999996
UZB_A26|24135.042999999998
VEN_A01|25276238.991999995
VEN_A02|1296169.0969999998
VEN_A03|29598939.511000015
VEN_A04|51210307.248
VEN_A05|13106423.101999998
VEN_A06|14022272.497000001
VEN_A07|73236228.1
VEN_A08|30255987.457
VEN_A09|7066973.711000002
VEN_A10|11539580.781
VEN_A11|4397301.242000001
VEN_A12|1638209.708
VEN_A13|10540194.143
VEN_A14|39798968.04000001
VEN_A15|1054945.257
VEN_A16|24116806.224999998
VEN_A17|23556830.634
VEN_A18|16979922.643999998
VEN_A19|31061376.213000003
VEN_A20|10431828.571
VEN_A21|74831219.06
VEN_A22|12281647.679000001
VEN_A23|24432121.994999997
VEN_A24|690926.9900000001
VEN_A25|1651408.61
VEN_A26|4443.7
VGB_A01|45074.928
VGB_A02|20273.291
VGB_A03|37212.40700000001
VGB_A04|74384.276
VGB_A05|37688.381
VGB_A06|66257.558
VGB_A07|140201.357
VGB_A08|75616.679
VGB_A09|155030.425
VGB_A10|87930.749
VGB_A11|57936.78
VGB_A12|21333.6
VGB_A13|56518.689
VGB_A14|134596.15600000002
VGB_A15|39645.698
VGB_A16|165480.822
VGB_A17|139845.856
VGB_A18|101530.015
VGB_A19|152239.739
VGB_A20|126201.81599999999
VGB_A21|655741.7279999999
VGB_A22|225834.05199999997
VGB_A23|342176.59699999995
VGB_A24|36528.135
VGB_A25|32188.211999999996
VGB_A26|26589.382999999998
VNM_A01|50364344.504
VNM_A02|13144033.637000004
VNM_A03|32684504.629
VNM_A04|54460334.61000001
VNM_A05|38189131.569000006
VNM_A06|9627079.122
VNM_A07|26290375.726000004
VNM_A08|14357507.589
VNM_A09|18470031.136
VNM_A10|12484592.338000001
VNM_A11|8790251.241
VNM_A12|455861.103
VNM_A13|8911519.984000003
VNM_A14|41402844.271
VNM_A15|670778.392
VNM_A16|36197272.433
VNM_A17|1720768.834
VNM_A18|16033712.022999998
VNM_A19|16711205.832999997
VNM_A20|4890903.937999999
VNM_A21|23495533.271
VNM_A22|13701583.735
VNM_A23|22456627.644999996
VNM_A24|16254.884000000002
VNM_A25|4665162.035999999
VNM_A26|12220.940999999992
VUT_A01|155247.319
VUT_A02|32801.045
VUT_A03|26002.256999999998
VUT_A04|86408.6
VUT_A05|20311.35
VUT_A06|46341.526000000005
VUT_A07|90974.32800000002
VUT_A08|45536.810999999994
VUT_A09|89097.675
VUT_A10|53818.02799999999
VUT_A11|23458.527000000002
VUT_A12|13527.572
VUT_A13|43504.797999999995
VUT_A14|116643.45199999996
VUT_A15|18482.924
VUT_A16|111709.099
VUT_A17|98890.39199999999
VUT_A18|74690.099
VUT_A19|77476.679
VUT_A20|79431.70500000002
VUT_A21|355651.3459999999
VUT_A22|120802.32200000001
VUT_A23|172912.938
VUT_A24|15012.416000000001
VUT_A25|16416.301
VUT_A26|13386.735999999999
WSM_A01|67814.772
WSM_A02|29060.965
WSM_A03|18431.239
WSM_A04|70776.77100000001
WSM_A05|17004.119
WSM_A06|34141.657999999996
WSM_A07|72767.015
WSM_A08|32580.082000000002
WSM_A09|72857.79699999999
WSM_A10|35911.115999999995
WSM_A11|17838.748
WSM_A12|10958.209
WSM_A13|39897.388
WSM_A14|89616.123
WSM_A15|16477.147
WSM_A16|125914.52899999998
WSM_A17|130987.60600000003
WSM_A18|92090.62899999999
WSM_A19|71812.66799999999
WSM_A20|78645.41599999998
WSM_A21|328478.24999999994
WSM_A22|99883.95099999997
WSM_A23|168073.23600000003
WSM_A24|11546.015
WSM_A25|12243.473000000002
WSM_A26|9620.071
YEM_A01|7142860.933000001
YEM_A02|429130.662
YEM_A03|1734776.613
YEM_A04|2122359.2200000007
YEM_A05|432386.61999999994
YEM_A06|1205446.608
YEM_A07|3126267.7110000006
YEM_A08|1416524.5379999997
YEM_A09|3433613.321
YEM_A10|1631515.2029999997
YEM_A11|451660.35699999996
YEM_A12|185927.01500000004
YEM_A13|1780896.0769999998
YEM_A14|2697196.5089999996
YEM_A15|147576.435
YEM_A16|3174176.6749999993
YEM_A17|2903557.9649999994
YEM_A18|2097715.129
YEM_A19|2869764.107
YEM_A20|3209763.9499999997
YEM_A21|5926126.367000001
YEM_A22|2316061.363
YEM_A23|2547854.7649999997
YEM_A24|49723.81599999999
YEM_A25|112701.15099999998
YEM_A26|4518.725
ZAF_A01|17537569.861
ZAF_A02|2542621.6659999997
ZAF_A03|43818775.817999996
ZAF_A04|63236350.128
ZAF_A05|9914419.763999999
ZAF_A06|13233946.219999999
ZAF_A07|48209269.191
ZAF_A08|27441178.479
ZAF_A09|19541423.151999995
ZAF_A10|18994247.081000004
ZAF_A11|5677533.579999998
ZAF_A12|10315313.41
ZAF_A13|16237397.457
ZAF_A14|32937709.152999997
ZAF_A15|1102191.478
ZAF_A16|14206025.895
ZAF_A17|31596163.829999994
ZAF_A18|5544502.634999999
ZAF_A19|45452574.916
ZAF_A20|17448113.567
ZAF_A21|73381883.133
ZAF_A22|68224125.41000001
ZAF_A23|13637538.079999996
ZAF_A24|33331.52900000001
ZAF_A25|9566187.967999998
ZAF_A26|455.09100000000035
ZMB_A01|1083644.368
ZMB_A02|37180.616
ZMB_A03|2764733.25
ZMB_A04|3151542.3310000002
ZMB_A05|286180.74100000004
ZMB_A06|656344.088
ZMB_A07|1865529.5159999996
ZMB_A08|1452440.925
ZMB_A09|1913314.351
ZMB_A10|813432.3609999999
ZMB_A11|241590.64599999998
ZMB_A12|133465.22199999998
ZMB_A13|1913343.565
ZMB_A14|3315085.7410000004
ZMB_A15|164660.446
ZMB_A16|2934010.8419999997
ZMB_A17|1949431.3879999998
ZMB_A18|2026448.7219999998
ZMB_A19|2445905.394
ZMB_A20|1751829.1409999996
ZMB_A21|7497174.688999999
ZMB_A22|2070363.201
ZMB_A23|2758231.6700000004
ZMB_A24|57659.93999999999
ZMB_A25|97761.354
ZMB_A26|7966.568000000007
ZWE_A01|1244810.7660000003
ZWE_A02|478579.524
ZWE_A03|719804.466
ZWE_A04|231718.02199999988
ZWE_A05|156014.24100000004
ZWE_A06|268223.737
ZWE_A07|423509.669
ZWE_A08|289879.544
ZWE_A09|434569.228
ZWE_A10|231322.348
ZWE_A11|164695.93300000005
ZWE_A12|18468.26899999995
ZWE_A13|949514.95
ZWE_A14|348599.922
ZWE_A15|538400.975
ZWE_A16|1426277.449
ZWE_A17|1149976.0499999998
ZWE_A18|1027014.3129999998
ZWE_A19|976703.3709999998
ZWE_A20|1165409.0679999997
ZWE_A21|2245613.535
ZWE_A22|1356643.999
ZWE_A23|1474061.3669999999
ZWE_A24|387610.84699999995
ZWE_A25|266174.3419999999
ZWE_A26|1111.3229999999894
LG01|5725192334.335
LG02|-1828106746.107
LH01|37690085697.033005
LK01|20202679182.316
LK02|2855153906.8289995
LK03|10456323647.541
ZZZ_ZLR1|28044799.887000002
ZZZ_ZL0008|15347038.284000002
