Table Code,Country Code,Year,ISIC,Note Class,Note
,004,,,Reference Period,Calendar year.
,004,,,Data Supplier,"Central Statistic Organization, Kabul."
,004,,,Source,Administrative source.
,004,2018,,Footnote,The value of output is the value of sales of all commodities.
,004,2019,,Footnote,The value of output is the value of sales of all commodities.
,008,,,Deviations from ISIC,None reported.
,008,,,Related national publications,"Structural Survey Economic Enterprises, published by the Institute of Statistics, Tirana."
,008,,,Method of data collection,Direct interview in the field.
,008,,,Type of enumeration,Sample survey for enterprises with 1-9 employees; exhaustive survey for enterprises with 10 or more employees.
,008,,,Source,Annual survey.
,008,,,Data Supplier,"Institute of Statistics, Tirana."
,008,,,Concepts and definitions,Number of persons engaged does not include active business partners.
,008,,,Scope,All enterprises.
,008,,,Concepts and definitions,Output includes revenue from non-industrial activities.
,008,,,Concepts and definitions,"Wages and salaries includes employers' contributions (in respect of their employees) paid to social security, pension and insurance schemes as well as the benefits received by employees under these schemes and severance and termination pay."
,008,2010,,Table Note,Number of enterprises
,008,2010,,Table Note,Output at basic prices
,008,2010,,Reference Period,Calendar year.
,008,2010,,Adjusted for non-response,Yes.  (Response rate: approximately 85.2%)
,008,2010,,Footnote,Number of female employees is the number of female persons engaged.
,008,2011,,Table Note,Number of enterprises
,008,2011,,Table Note,Output at basic prices
,008,2011,,Reference Period,Calendar year.
,008,2011,,Adjusted for non-response,Yes.  (Response rate: approximately 85.2%)
,008,2011,,Footnote,Number of female employees is the number of female persons engaged.
,008,2012,,Table Note,Number of enterprises
,008,2012,,Table Note,Output at basic prices
,008,2012,,Reference Period,Calendar year.
,008,2012,,Adjusted for non-response,Yes.  (Response rate: approximately 85.2%)
,008,2012,,Footnote,Number of female employees is the number of female persons engaged.
,008,2013,,Table Note,Number of enterprises
,008,2013,,Table Note,Output at basic prices
,008,2013,,Reference Period,Calendar year.
,008,2013,,Adjusted for non-response,Yes.  (Response rate: approximately 85.2%)
,008,2013,,Footnote,Number of female employees is the number of female persons engaged.
,008,2014,,Table Note,Number of enterprises
,008,2014,,Table Note,Output at basic prices
,008,2014,,Reference Period,Calendar year.
,008,2014,,Adjusted for non-response,Yes.  (Response rate: approximately 85.2%)
,008,2014,,Footnote,Number of female employees is the number of female persons engaged.
,008,2015,,Table Note,Number of enterprises
,008,2015,,Table Note,Output at basic prices
,008,2015,,Reference Period,Fiscal year.
,008,2015,,Adjusted for non-response,Yes (response rate: approximately 92%).
,008,2015,,Footnote,Number of female employees is the number of female persons engaged.
,008,2016,,Table Note,Number of enterprises
,008,2016,,Table Note,Output at basic prices
,008,2016,,Footnote,"For some industries, the number of employees may be less than the number of enterprises owing to the reason that the workforce in those industries consists of: a) working proprietors, b) active business partners and, c) home workers that are not included in the count of employees."
,008,2016,,Reference Period,Fiscal year.
,008,2016,,Adjusted for non-response,Yes (response rate: approximately 92%).
,008,2016,,Footnote,Number of female employees is the number of female persons engaged.
,008,2017,,Table Note,Number of enterprises
,008,2017,,Table Note,Output at basic prices
,008,2017,,Adjusted for non-response,Yes (response rate: approximately 90%).
,008,2017,,Reference Period,Fiscal year.
,008,2017,,Footnote,Number of female employees is the number of female persons engaged.
,008,2018,,Table Note,Number of enterprises
,008,2018,,Table Note,Output at basic prices
,008,2018,,Reference Period,Fiscal year.
,008,2018,,Adjusted for non-response,Yes (response rate: approximately 92%).
,008,2018,,Footnote,Number of female employees is the number of female persons engaged.
,008,2019,,Table Note,Number of enterprises
,008,2019,,Table Note,Output at basic prices
,008,2019,,Reference Period,Fiscal year.
,008,2019,,Adjusted for non-response,Yes (response rate: approximately 89%).
,008,2019,,Footnote,Number of female employees is the number of female persons engaged.
,008,2020,,Table Note,Number of enterprises
,008,2020,,Table Note,Output at basic prices
,008,2020,,Reference Period,Fiscal year.
,008,2020,,Adjusted for non-response,Yes (response rate: approximately 87%).
,008,2020,,Footnote,Number of female employees is the number of female persons engaged.
20,008,2010,,Table Note,Value added at basic prices
20,008,2011,,Table Note,Value added at basic prices
20,008,2012,,Table Note,Value added at basic prices
20,008,2013,,Table Note,Value added at basic prices
20,008,2014,,Table Note,Value added at basic prices
20,008,2015,,Table Note,Value added at basic prices
20,008,2016,,Table Note,Value added at basic prices
20,008,2017,,Table Note,Value added at basic prices
20,008,2018,,Table Note,Value added at basic prices
20,008,2019,,Table Note,Value added at basic prices
20,008,2020,,Table Note,Value added at basic prices
,012,,,Deviations from ISIC,None reported.
,012,,,Method of data collection,Not reported.
,012,,,Type of enumeration,Not reported.
,012,,,Source,"Census/exhaustive survey, administrative source, annual survey."
,012,,,Scope,All registered establishments.
,012,,,Adjusted for non-response,Not reported.
,012,,,Reference Period,Not reported.
,012,,,Data Supplier,"Office national des statistiques, Algiers."
,012,2011,,Table Note,Output at producers' prices
,012,2011,,Related national publications,"Les Comptes ?conomiques, published by the Office Nationale des Statistiques, Algiers."
,012,2011,,Footnote,"For some industries, the number of employees may be less than the number of enterprises owing to the reason that the workforce in those industries consists of: a) working proprietors, b) active business partners and, c) home workers that are not included in the count of employees."
,012,2011,,Concepts and definitions,"Wages and salaries includes employers' contributions (in respect of their employees) paid to social security, pension and insurance schemes as well as the benefits received by employees under these schemes and severance and termination pay."
,012,2012,,Table Note,Output at producers' prices
,012,2012,,Footnote,"For some industries, the number of employees may be less than the number of enterprises owing to the reason that the workforce in those industries consists of: a) working proprietors, b) active business partners and, c) home workers that are not included in the count of employees."
,012,2012,,Related national publications,"Les Comptes ?conomiques, published by the Office Nationale des Statistiques, Algiers."
,012,2012,,Concepts and definitions,"Wages and salaries includes employers' contributions (in respect of their employees) paid to social security, pension and insurance schemes as well as the benefits received by employees under these schemes and severance and termination pay."
,012,2013,,Table Note,Output at producers' prices
,012,2013,,Related national publications,"Les Comptes ?conomiques, published by the Office Nationale des Statistiques, Algiers."
,012,2013,,Footnote,"For some industries, the number of employees may be less than the number of enterprises owing to the reason that the workforce in those industries consists of: a) working proprietors, b) active business partners and, c) home workers that are not included in the count of employees."
,012,2013,,Concepts and definitions,"Wages and salaries includes employers' contributions (in respect of their employees) paid to social security, pension and insurance schemes as well as the benefits received by employees under these schemes and severance and termination pay."
,012,2014,,Table Note,Output at producers' prices
,012,2014,,Related national publications,"Les Comptes ?conomiques, published by the Office Nationale des Statistiques, Algiers."
,012,2014,,Footnote,"For some industries, the number of employees may be less than the number of enterprises owing to the reason that the workforce in those industries consists of: a) working proprietors, b) active business partners and, c) home workers that are not included in the count of employees."
,012,2014,,Concepts and definitions,"Wages and salaries includes employers' contributions (in respect of their employees) paid to social security, pension and insurance schemes as well as the benefits received by employees under these schemes and severance and termination pay."
,012,2015,,Table Note,Output at producers' prices
,012,2015,,Related national publications,"Les Comptes ?conomiques, published by the Office Nationale des Statistiques, Algiers."
,012,2015,,Footnote,"For some industries, the number of employees may be less than the number of enterprises owing to the reason that the workforce in those industries consists of: a) working proprietors, b) active business partners and, c) home workers that are not included in the count of employees."
,012,2015,,Concepts and definitions,"Wages and salaries includes employers' contributions (in respect of their employees) paid to social security, pension and insurance schemes as well as the benefits received by employees under these schemes and severance and termination pay."
,024,,,Scope,All establishments.
,024,,,Data Supplier,"Instituto Nacional de Estat?stica, Luanda."
,024,,,Method of data collection,Direct interview in the field and mail questionnaires.
,024,,,Type of enumeration,Sample survey.
,024,,,Reference Period,Calendar year.
,024,,,Concepts and definitions,No deviations from the standard UN concepts and definitions are reported.
,024,,,Adjusted for non-response,Yes (response rate: approximately 95%).
,024,2010,,Table Note,Number of persons engaged
,024,2010,,Deviations from ISIC,None reported.
,024,2010,,Related national publications,None reported.
,024,2010,,Source,Survey on registered establishments; administrative data.
,024,2011,,Table Note,Number of persons engaged
,024,2011,,Deviations from ISIC,None reported.
,024,2011,,Related national publications,None reported.
,024,2011,,Source,Survey on registered establishments; administrative data.
,024,2012,,Table Note,Number of persons engaged
,024,2012,,Deviations from ISIC,None reported.
,024,2012,,Related national publications,None reported.
,024,2012,,Source,Survey on registered establishments; administrative data.
,024,2013,,Table Note,Number of persons engaged
,024,2013,,Deviations from ISIC,None reported.
,024,2013,,Related national publications,None reported.
,024,2013,,Source,Survey on registered establishments; administrative data.
,024,2014,,Table Note,Number of persons engaged
,024,2014,,Deviations from ISIC,None reported.
,024,2014,,Related national publications,None reported.
,024,2014,,Source,Survey on registered establishments; administrative data.
,024,2015,,Table Note,Number of persons engaged
,024,2015,,Deviations from ISIC,None reported.
,024,2015,,Source,Survey on registered establishments; administrative data.
,024,2015,,Related national publications,None reported.
,024,2016,,Table Note,Number of persons engaged
,024,2016,,Deviations from ISIC,None reported.
,024,2016,,Related national publications,None reported.
,024,2016,,Source,Survey on registered establishments; administrative data.
,024,2017,,Table Note,Number of persons engaged
,024,2017,,Source,Survey on registered establishments; administrative data.
,024,2017,,Deviations from ISIC,None reported.
,024,2017,,Related national publications,None reported.
,024,2018,,Table Note,Number of persons engaged
,024,2018,,Deviations from ISIC,None reported.
,024,2018,,Related national publications,None reported.
,024,2018,,Source,Survey on registered establishments; administrative data.
,024,2019,,Table Note,Number of persons engaged
,024,2019,,Related national publications,None reported.
,024,2019,,Source,Survey on registered establishments; administrative data.
,024,2019,,Deviations from ISIC,None reported.
,024,2020,,Table Note,Number of persons engaged
,024,2020,,Source,Survey on registered establishments; administrative data.
,024,2020,,Deviations from ISIC,None reported.
,024,2020,,Related national publications,None reported.
,031,,,Scope,All enterprises.
,031,,,Source,Annual survey.
,031,,,Adjusted for non-response,No. (Response rate: approximately 98%)
,031,,,Reference Period,Calendar year.
,031,,,Data Supplier,"State Statistical Committee of the Republic of Azerbaijan, Baku."
,031,,,Type of enumeration,Complete enumeration.
,031,,,Deviations from ISIC,None reported.
,031,,,Method of data collection,Mail questionnaires.
,031,,,Related national publications,"Statistical Yearbook ""Industry of Azerbaijan"", published by State Statistical Committee of the Republic of Azerbaijan, Baku."
,031,,,Concepts and definitions,Wages and salaries excludes housing and family allowances paid directly by the employer and payments in kind.
,031,2005,,Table Note,Number of enterprises
,031,2005,,Table Note,Output at factor values
,031,2006,,Table Note,Number of enterprises
,031,2006,,Table Note,Output at factor values
,031,2007,,Table Note,Number of enterprises
,031,2007,,Table Note,Output at factor values
,031,2008,,Table Note,Number of enterprises
,031,2008,,Table Note,Output at factor values
,031,2009,,Table Note,Number of enterprises
,031,2009,,Table Note,Output at factor values
,031,2010,,Table Note,Number of enterprises
,031,2010,,Table Note,Output at factor values
,031,2011,,Table Note,Number of enterprises
,031,2011,,Table Note,Output at factor values
,031,2012,,Table Note,Number of enterprises
,031,2012,,Table Note,Output at factor values
,031,2013,,Table Note,Number of enterprises
,031,2013,,Table Note,Output at factor values
,031,2014,,Table Note,Number of enterprises
,031,2014,,Table Note,Output at factor values
,031,2015,,Table Note,Number of enterprises
,031,2015,,Table Note,Output at factor values
,031,2015,,Footnote,"For some industries reported official figures for wages and salaries are higher than output or value added. This is because there are methodological differences: while data for output or value added are based on the relevant economic activities of the enterprise, data for wages and salaries are calculated for the whole enterprise."
,031,2016,,Table Note,Number of enterprises
,031,2016,,Table Note,Output at factor values
,031,2016,,Footnote,"For some industries reported official figures for wages and salaries are higher than output or value added. This is because there are methodological differences: while data for output or value added are based on the relevant economic activities of the enterprise, data for wages and salaries are calculated for the whole enterprise."
,031,2017,,Table Note,Number of enterprises
,031,2017,,Table Note,Output at factor values
,031,2017,,Footnote,"For some industries reported official figures for wages and salaries are higher than output or value added. This is because there are methodological differences: while data for output or value added are based on the relevant economic activities of the enterprise, data for wages and salaries are calculated for the whole enterprise."
,031,2018,,Table Note,Number of enterprises
,031,2018,,Table Note,Output at factor values
,031,2018,,Footnote,"For some industries reported official figures for wages and salaries are higher than output or value added. This is because there are methodological differences: while data for output or value added are based on the relevant economic activities of the enterprise, data for wages and salaries are calculated for the whole enterprise."
,031,2019,,Table Note,Number of enterprises
,031,2019,,Table Note,Output at factor values
,031,2019,,Footnote,"For some industries reported official figures for wages and salaries are higher than output or value added. This is because there are methodological differences: while data for output or value added are based on the relevant economic activities of the enterprise, data for wages and salaries are calculated for the whole enterprise."
,031,2020,,Table Note,Number of enterprises
,031,2020,,Table Note,Output at factor values
,031,2020,,Footnote,"For some industries reported official figures for wages and salaries are higher than output or value added. This is because there are methodological differences: while data for output or value added are based on the relevant economic activities of the enterprise, data for wages and salaries are calculated for the whole enterprise."
20,031,2009,,Table Note,Value added at factor values
20,031,2010,,Table Note,Value added at factor values
20,031,2011,,Table Note,Value added at factor values
20,031,2012,,Table Note,Value added at factor values
20,031,2013,,Table Note,Value added at factor values
20,031,2014,,Table Note,Value added at factor values
20,031,2015,,Table Note,Value added at factor values
20,031,2016,,Table Note,Value added at factor values
20,031,2017,,Table Note,Value added at factor values
20,031,2018,,Table Note,Value added at factor values
20,031,2019,,Table Note,Value added at factor values
20,031,2020,,Table Note,Value added at factor values
,036,,,Deviations from ISIC,Data presented in accordance with ISIC (Revision 4) were originally classified according to the Australian and New Zealand Standard Industrial Classification (ANZSIC 2006) system.
,036,,,Footnote,Data include working proprietors and partners of unincorporated businesses.
,036,,,Scope,All enterprises.
,036,,,Source,Economic activity survey; business register.
,036,,,Reference Period,Fiscal year ending 30 June of the year indicated.
,036,,,Adjusted for non-response,Yes.
,036,,,Related national publications,"Australian System of National Accounts, published by the Australian Bureau of Statistics, Canberra."
,036,,,Footnote,"Except for data on the number of enterprises, which were derived from the OECD databases, data were derived from the official website of Australian Bureau of Statistics, Canberra."
,036,,,Footnote,Data include estimates having a relative standard errors of 10% to less than 25% and should be used with caution.
,036,,,Footnote,"Data include capitalized wages, salary sacrificed earnings and other remuneration; excludes the drawings of working proprietors."
,036,,,Footnote,Data include estimates having a relative standard errors of 10% to less than 25% and of 25% to less than 50% and should be used with caution.
,036,2006,,Table Note,Number of enterprises
,036,2007,,Table Note,Number of enterprises
,036,2007,,Table Note,Number of persons engaged
,036,2007,,Data Supplier,"Australian Bureau of Statistics, Canberra."
,036,2007,,Footnote,"Output refers to sales and service income including income from rent, leasing and hiring."
,036,2007,2610,Footnote,26 includes 27 and 28.
,036,2007,2610,Footnote,26 includes 27 and 28.
,036,2007,2610,Footnote,26 includes 27 and 28.
,036,2007,2610,Footnote,26 includes 27 and 28.
,036,2008,,Table Note,Number of enterprises
,036,2008,,Table Note,Number of persons engaged
,036,2008,,Footnote,"Output refers to sales and service income including income from rent, leasing and hiring."
,036,2008,,Data Supplier,"Australian Bureau of Statistics, Canberra."
,036,2008,2610,Footnote,26 includes 27 and 28.
,036,2008,2610,Footnote,26 includes 27 and 28.
,036,2008,2610,Footnote,26 includes 27 and 28.
,036,2008,2610,Footnote,26 includes 27 and 28.
,036,2009,,Table Note,Number of enterprises
,036,2009,,Table Note,Number of persons engaged
,036,2009,,Data Supplier,"Australian Bureau of Statistics, Canberra."
,036,2009,,Footnote,"Output refers to sales and service income including income from rent, leasing and hiring."
,036,2009,2610,Footnote,26 includes 27 and 28.
,036,2009,2610,Footnote,26 includes 27 and 28.
,036,2009,2610,Footnote,26 includes 27 and 28.
,036,2009,2610,Footnote,26 includes 27 and 28.
,036,2010,,Table Note,Number of enterprises
,036,2010,,Table Note,Number of persons engaged
,036,2010,,Data Supplier,"Australian Bureau of Statistics, Canberra."
,036,2010,,Footnote,"Output refers to sales and service income including income from rent, leasing and hiring."
,036,2010,2610,Footnote,26 includes 27 and 28.
,036,2010,2610,Footnote,26 includes 27 and 28.
,036,2010,2610,Footnote,26 includes 27 and 28.
,036,2010,2610,Footnote,26 includes 27 and 28.
,036,2011,,Table Note,Number of enterprises
,036,2011,,Table Note,Number of persons engaged
,036,2011,,Data Supplier,"Australian Bureau of Statistics, Canberra."
,036,2011,,Footnote,"Output refers to sales and service income including income from rent, leasing and hiring."
,036,2011,2610,Footnote,26 includes 27 and 28.
,036,2012,,Table Note,Number of enterprises
,036,2012,,Table Note,Number of persons engaged
,036,2012,,Data Supplier,"Australian Bureau of Statistics, Canberra."
,036,2012,,Footnote,"Output refers to sales and service income including income from rent, leasing and hiring."
,036,2012,2610,Footnote,26 includes 27 and 28.
,036,2013,,Table Note,Number of enterprises
,036,2013,,Table Note,Number of persons engaged
,036,2013,,Data Supplier,"Australian Bureau of Statistics, Canberra."
,036,2013,,Footnote,"Output refers to sales and service income including income from rent, leasing and hiring."
,036,2013,2610,Footnote,26 includes 27 and 28.
,036,2014,,Table Note,Number of enterprises
,036,2014,,Table Note,Number of persons engaged
,036,2014,,Data Supplier,"Australian Bureau of Statistics, Canberra."
,036,2014,,Footnote,"Output refers to sales and service income including income from rent, leasing and hiring."
,036,2014,2610,Footnote,26 includes 27 and 28.
,036,2015,,Table Note,Number of enterprises
,036,2015,,Table Note,Number of persons engaged
,036,2015,,Data Supplier,"Australian Bureau of Statistics, Canberra."
,036,2015,,Footnote,"Output refers to sales and service income including income from rent, leasing and hiring."
,036,2015,2610,Footnote,26 includes 27 and 28.
,036,2016,,Table Note,Number of enterprises
,036,2016,,Table Note,Number of persons engaged
,036,2016,,Data Supplier,"Australian Bureau of Statistics, Canberra."
,036,2016,,Footnote,"Output refers to sales and service income including income from rent, leasing and hiring."
,036,2016,2610,Footnote,26 includes 27 and 28.
,036,2017,,Table Note,Number of enterprises
,036,2017,,Table Note,Number of persons engaged
,036,2017,,Data Supplier,"Australian Bureau of Statistics, Canberra."
,036,2017,,Footnote,"Output refers to sales and service income including income from rent, leasing and hiring."
,036,2017,2610,Footnote,26 includes 27 and 28.
,036,2018,,Table Note,Number of persons engaged
,036,2018,,Data Supplier,"Australian Bureau of Statistics, Canberra."
,036,2018,,Footnote,"Output refers to sales and service income including income from rent, leasing and hiring."
,036,2018,2610,Footnote,26 includes 27 and 28.
,036,2019,,Table Note,Number of persons engaged
,036,2019,,Data Supplier,"Australian Bureau of Statistics, Canberra."
,036,2019,,Footnote,"Output refers to sales and service income including income from rent, leasing, hiring and royalties."
,036,2019,2610,Footnote,26 includes 27 and 28.
,036,2020,,Table Note,Number of persons engaged
,036,2020,,Data Supplier,"Australian Bureau of Statistics, Canberra."
,036,2020,,Footnote,"Output refers to sales and service income including income from rent, leasing, hiring and royalties."
,036,2020,2610,Footnote,26 includes 27 and 28.
20,036,,,Footnote,Data include estimates having a relative standard errors of 10% to less than 25% and of 25% to less than 50% and should be used with caution.
20,036,,,Footnote,Value added refers to total value added.
20,036,2007,2610,Footnote,26 includes 27 and 28.
20,036,2008,2610,Footnote,26 includes 27 and 28.
20,036,2009,2610,Footnote,26 includes 27 and 28.
20,036,2010,2610,Footnote,26 includes 27 and 28.
20,036,2019,,Footnote,Data exclude Covid-19 government support payments.
20,036,2020,,Footnote,Data exclude Covid-19 government support payments.
,040,,,Source,Annual survey; secondary statistics data; administrative data; business register.
,040,,,Reference Period,"Calendar year; however, data given for a financial year are accepted and incorporated into the calendar year in which the financial year ends."
,040,,,Adjusted for non-response,Not reported.
,040,,,Scope,All enterprises.
,040,,,Method of data collection,Mainly electronic questionnaire and administrative data.
,040,,,Related national publications,"Structural Business Statistics, Statistical Yearbook of Austria, both published by Statistics Austria, Vienna."
,040,,,Type of enumeration,Cut-off survey for enterprises exceeding legal thresholds; model based estimation for enterprises below thresholds.
,040,,,Deviations from ISIC,Data presented in ISIC (Revision 4) were originally classified according to the national NACE-related classification system (?NACE).
,040,,,Footnote,Data derived from OECD's or Eurostat's databases refer to Gross investment in tangible goods only.
,040,2005,,Table Note,Number of enterprises
,040,2006,,Table Note,Number of enterprises
,040,2007,,Table Note,Number of enterprises
,040,2008,,Table Note,Number of enterprises
,040,2008,,Data Supplier,"Statistics Austria, Vienna. 
Industrial statistics for the OECD countries are compiled by the OECD secretariat, which supplies them to UNIDO."
,040,2009,,Table Note,Number of enterprises
,040,2009,,Data Supplier,"Statistics Austria, Vienna. 
Industrial statistics for the OECD countries are compiled by the OECD secretariat, which supplies them to UNIDO."
,040,2010,,Table Note,Number of enterprises
,040,2010,,Data Supplier,"Statistics Austria, Vienna. 
Industrial statistics for the OECD countries are compiled by the OECD secretariat, which supplies them to UNIDO."
,040,2011,,Table Note,Number of enterprises
,040,2011,,Data Supplier,"Statistics Austria, Vienna. 
Industrial statistics for the OECD countries are compiled by the OECD secretariat, which supplies them to UNIDO."
,040,2012,,Table Note,Number of enterprises
,040,2012,,Data Supplier,"Statistics Austria, Vienna. 
Industrial statistics for the OECD countries are compiled by the OECD secretariat, which supplies them to UNIDO."
,040,2013,,Table Note,Number of enterprises
,040,2013,,Data Supplier,"Statistics Austria, Vienna. 
Industrial statistics for the OECD countries are compiled by the OECD secretariat, which supplies them to UNIDO."
,040,2014,,Table Note,Number of enterprises
,040,2014,,Data Supplier,"Statistics Austria, Vienna. 
Industrial statistics for the OECD countries are compiled by the OECD secretariat, which supplies them to UNIDO."
,040,2015,,Table Note,Number of enterprises
,040,2015,,Table Note,Output at producers' prices
,040,2015,,Data Supplier,"Statistics Austria, Vienna. 
Data compiled by UNIDO were derived from Eurostat's structural business statistics (SBS) database."
,040,2016,,Table Note,Number of enterprises
,040,2016,,Table Note,Output at producers' prices
,040,2016,,Data Supplier,"Statistics Austria, Vienna. 
Data compiled by UNIDO were derived from Eurostat's structural business statistics (SBS) database."
,040,2017,,Table Note,Number of enterprises
,040,2017,,Table Note,Output at producers' prices
,040,2017,,Data Supplier,"Statistics Austria, Vienna. 
Data compiled by UNIDO were derived from Eurostat's structural business statistics (SBS) database."
,040,2018,,Table Note,Number of enterprises
,040,2018,,Table Note,Output at producers' prices
,040,2018,,Data Supplier,"Statistics Austria, Vienna. 
Data compiled by UNIDO were derived from Eurostat's structural business statistics (SBS) database."
,040,2018,,Special note,Methodological break in 2018.
,040,2019,,Table Note,Number of enterprises
,040,2019,,Table Note,Output at producers' prices
,040,2019,,Data Supplier,"Statistics Austria, Vienna. 
Data compiled by UNIDO were derived from Eurostat's structural business statistics (SBS) database."
,040,2020,,Table Note,Number of enterprises
,040,2020,,Table Note,Output at producers' prices
,040,2020,,Data Supplier,"Statistics Austria, Vienna. 
Data compiled by UNIDO were derived from Eurostat's structural business statistics (SBS) database."
20,040,2005,,Table Note,Value added at factor values
20,040,2006,,Table Note,Value added at factor values
20,040,2007,,Table Note,Value added at factor values
20,040,2008,,Table Note,Value added at factor values
20,040,2009,,Table Note,Value added at factor values
20,040,2010,,Table Note,Value added at factor values
20,040,2011,,Table Note,Value added at factor values
20,040,2012,,Table Note,Value added at factor values
20,040,2013,,Table Note,Value added at factor values
20,040,2014,,Table Note,Value added at factor values
20,040,2015,,Table Note,Value added at factor values
20,040,2016,,Table Note,Value added at factor values
20,040,2017,,Table Note,Value added at factor values
20,040,2018,,Table Note,Value added at factor values
20,040,2019,,Table Note,Value added at factor values
20,040,2020,,Table Note,Value added at factor values
,044,2008,,Table Note,Number of enterprises
,044,2008,,Source,Annual survey.
,044,2008,,Reference Period,Calendar year.
,044,2008,,Data Supplier,"Department of Statistics, Nassau."
,044,2008,,Adjusted for non-response,No.
,044,2008,,Scope,Not reported.
,044,2008,,Method of data collection,Mail questionnaires and direct interviews in the field.
,044,2008,,Type of enumeration,Sample survey.
,044,2008,,Deviations from ISIC,None reported.
,044,2008,,Related national publications,None reported.
,044,2009,,Table Note,Number of enterprises
,044,2009,,Data Supplier,"Department of Statistics, Nassau."
,044,2009,,Method of data collection,Mail questionnaires and direct interviews in the field.
,044,2009,,Deviations from ISIC,None reported.
,044,2009,,Related national publications,None reported.
,044,2009,,Type of enumeration,Sample survey.
,044,2009,,Source,Annual survey.
,044,2009,,Reference Period,Calendar year.
,044,2009,,Adjusted for non-response,No.
,044,2009,,Scope,Not reported.
,044,2010,,Table Note,Number of enterprises
,044,2010,,Source,Annual survey.
,044,2010,,Reference Period,Calendar year.
,044,2010,,Adjusted for non-response,No.
,044,2010,,Data Supplier,"Department of Statistics, Nassau."
,044,2010,,Scope,Not reported.
,044,2010,,Method of data collection,Mail questionnaires and direct interviews in the field.
,044,2010,,Deviations from ISIC,None reported.
,044,2010,,Related national publications,None reported.
,044,2010,,Type of enumeration,Sample survey.
,044,2011,,Table Note,Number of enterprises
,044,2011,,Reference Period,Calendar year.
,044,2011,,Data Supplier,"Department of Statistics, Nassau."
,044,2011,,Scope,Not reported.
,044,2011,,Method of data collection,Mail questionnaires and direct interviews in the field.
,044,2011,,Related national publications,None reported.
,044,2011,,Source,Annual survey.
,044,2011,,Adjusted for non-response,No.
,044,2011,,Deviations from ISIC,None reported.
,044,2011,,Type of enumeration,Sample survey.
,044,2012,,Table Note,Number of enterprises
,044,2012,,Source,Annual survey.
,044,2012,,Reference Period,Calendar year.
,044,2012,,Data Supplier,"Department of Statistics, Nassau."
,044,2012,,Adjusted for non-response,No.
,044,2012,,Scope,Not reported.
,044,2012,,Method of data collection,Mail questionnaires and direct interviews in the field.
,044,2012,,Type of enumeration,Sample survey.
,044,2012,,Deviations from ISIC,None reported.
,044,2012,,Related national publications,None reported.
,044,2013,,Table Note,Number of enterprises
,044,2013,,Data Supplier,"Department of Statistics, Nassau."
,044,2013,,Method of data collection,Mail questionnaires and direct interviews in the field.
,044,2013,,Deviations from ISIC,None reported.
,044,2013,,Related national publications,None reported.
,044,2013,,Type of enumeration,Sample survey.
,044,2013,,Source,Annual survey.
,044,2013,,Reference Period,Calendar year.
,044,2013,,Adjusted for non-response,No.
,044,2013,,Scope,Not reported.
,044,2014,,Table Note,Number of enterprises
,044,2014,,Source,Annual survey.
,044,2014,,Reference Period,Calendar year.
,044,2014,,Adjusted for non-response,No.
,044,2014,,Method of data collection,Mail questionnaires and direct interviews in the field.
,044,2014,,Deviations from ISIC,None reported.
,044,2014,,Related national publications,None reported.
,044,2014,,Type of enumeration,Sample survey.
,044,2014,,Data Supplier,"Department of Statistics, Nassau."
,044,2014,,Scope,Not reported.
,044,2015,,Table Note,Number of enterprises
,044,2015,,Reference Period,Calendar year.
,044,2015,,Data Supplier,"Department of Statistics, Nassau."
,044,2015,,Method of data collection,Mail questionnaires and direct interviews in the field.
,044,2015,,Related national publications,None reported.
,044,2015,,Type of enumeration,Sample survey.
,044,2015,,Deviations from ISIC,None reported.
,044,2015,,Scope,All privately owned enterprises.
,044,2015,,Source,Annual survey.
,044,2015,,Adjusted for non-response,No.
,050,2012,,Table Note,Output at basic prices
,050,2012,,Reference Period,Fiscal year.
,050,2012,,Data Supplier,"Bangladesh Bureau of Statistics, Dhaka."
,050,2012,,Scope,Establishments with 10 or more employees.
,050,2012,,Source,Survey of manufacturing industries (every six years).
,050,2012,,Concepts and definitions,Output includes revenues from non-industrial activities.
,050,2012,,Adjusted for non-response,Yes (response rate: approximately 95%).
,050,2012,,Method of data collection,Mail questionnaires; direct interview in the field.
,050,2012,,Deviations from ISIC,None reported.
,050,2012,,Type of enumeration,Sample survey.
,050,2012,,Concepts and definitions,"Wages and salaries includes employers' contributions (in respect of their employees) paid to social security, pension and insurance schemes as well as the benefits received by employees under these schemes and severance and termination pay."
,050,2018,,Table Note,Output at basic prices
,050,2018,,Adjusted for non-response,Yes (response rate: approximately 95%).
,050,2018,,Data Supplier,"Bangladesh Bureau of Statistics, Dhaka."
,050,2018,,Scope,Establishments with 10 or more employees.
,050,2018,,Reference Period,Fiscal year.
,050,2018,,Source,Survey of manufacturing industries (every six years).
,050,2018,,Concepts and definitions,Output includes revenues from non-industrial activities.
,050,2018,,Deviations from ISIC,None reported.
,050,2018,,Type of enumeration,Sample survey.
,050,2018,,Method of data collection,Mail questionnaires; direct interview in the field.
,050,2018,,Related national publications,"Survey of Manufacturing Industries 2019; published by the Bangladesh Bureau of Statistics, Dhaka."
,050,2018,,Concepts and definitions,"Wages and salaries includes employers' contributions (in respect of their employees) paid to social security, pension and insurance schemes as well as the benefits received by employees under these schemes and severance and termination pay."
20,050,2012,,Table Note,Value added at basic prices
20,050,2018,,Table Note,Value added at basic prices
,051,,,Scope,All registered establishments.
,051,,,Source,Annual survey; administrative source.
,051,,,Adjusted for non-response,No (response rate: approximately 99%).
,051,,,Reference Period,Calendar year.
,051,,,Data Supplier,"National Statistical Service of the Republic of Armenia, Yerevan."
,051,,,Concepts and definitions,Output includes revenue from non-industrial activities.
,051,,,Method of data collection,Direct interview in the field and statistical reports from large and medium establishments.
,051,,,Deviations from ISIC,None reported.
,051,,,Related national publications,"The Statistical Yearbook of Armenia; Socio-economic Situation of the Republic of Armenia, both published by the National Statistical Service of the Republic of Armenia, Yerevan."
,051,,,Type of enumeration,Complete enumeration for medium and large establishments; sample survey for small establishments.
,051,,,Concepts and definitions,"Figures for wages and salaries were computed by UNIDO from the reported monthly average wages and salaries per employee. They include employers' contributions (in respect of their employees) paid to social security, pension and insurance schemes as well as the benefits received by employees under these schemes and severance and termination pay."
,051,2009,,Table Note,Number of enterprises
,051,2009,,Table Note,Output at basic prices
,051,2010,,Table Note,Number of enterprises
,051,2010,,Table Note,Output at basic prices
,051,2011,,Table Note,Number of enterprises
,051,2011,,Table Note,Output at basic prices
,051,2012,,Table Note,Number of enterprises
,051,2012,,Table Note,Output at basic prices
,051,2013,,Table Note,Number of enterprises
,051,2013,,Table Note,Output at basic prices
,051,2014,,Table Note,Number of enterprises
,051,2014,,Table Note,Output at basic prices
,051,2015,,Table Note,Number of enterprises
,051,2015,,Table Note,Output at basic prices
,051,2016,,Table Note,Number of enterprises
,051,2016,,Table Note,Output at basic prices
,051,2017,,Table Note,Number of enterprises
,051,2017,,Table Note,Output at basic prices
,051,2018,,Table Note,Number of enterprises
,051,2018,,Table Note,Output at basic prices
,051,2019,,Table Note,Number of enterprises
,051,2019,,Table Note,Output at basic prices
,051,2020,,Table Note,Number of enterprises
,051,2020,,Table Note,Output at basic prices
20,051,,,Concepts and definitions,Value added includes cost of non-industrial activities.
20,051,2015,,Table Note,Value added at basic prices
20,051,2016,,Table Note,Value added at basic prices
20,051,2017,,Table Note,Value added at basic prices
20,051,2018,,Table Note,Value added at basic prices
20,051,2019,,Table Note,Value added at basic prices
20,051,2020,,Table Note,Value added at basic prices
,056,,,Scope,All registered enterprises.
,056,,,Source,Annual survey; administrative data.
,056,,,Reference Period,Calendar year.
,056,,,Method of data collection,Electronic questionnaire.
,056,,,Footnote,A zero (0) indicates that a value is either nil or negligible.
,056,,,Deviations from ISIC,Data presented in ISIC (Revision 4) were originally classified according to the NACE-BEL classification system.
,056,,,Footnote,Data derived from OECD's or Eurostat's databases refer to Gross investment in tangible goods only.
,056,2005,,Table Note,Number of enterprises
,056,2005,,Data Supplier,"National Institute of Statistics (Institut National de Statistique), Brussels.
Industrial statistics for the OECD countries are compiled by the OECD secretariat, which supplies them to UNIDO."
,056,2006,,Table Note,Number of enterprises
,056,2006,,Data Supplier,"National Institute of Statistics (Institut National de Statistique), Brussels.
Industrial statistics for the OECD countries are compiled by the OECD secretariat, which supplies them to UNIDO."
,056,2007,,Table Note,Number of enterprises
,056,2007,,Data Supplier,"National Institute of Statistics (Institut National de Statistique), Brussels.
Industrial statistics for the OECD countries are compiled by the OECD secretariat, which supplies them to UNIDO."
,056,2008,,Table Note,Number of enterprises
,056,2008,,Type of enumeration,All enterprises with 20 or more employees and/or annual turnover of more than eight million Euros are surveyed every year; smaller enterprises are selected via a sample and grossed up to the entire industry.
,056,2008,,Data Supplier,"National Institute of Statistics (Institut National de Statistique), Brussels.
Industrial statistics for the OECD countries are compiled by the OECD secretariat, which supplies them to UNIDO."
,056,2008,,Footnote,"For some industries, the number of employees may be less than the number of enterprises owing to the reason that the workforce in those industries consists of personnel such as working proprietors, unpaid family workers, etc. that are not included in the count of employees."
,056,2009,,Table Note,Number of enterprises
,056,2009,,Data Supplier,"National Institute of Statistics (Institut National de Statistique), Brussels.
Industrial statistics for the OECD countries are compiled by the OECD secretariat, which supplies them to UNIDO."
,056,2009,,Type of enumeration,All enterprises with 20 or more employees and/or annual turnover of more than eight million Euros are surveyed every year; smaller enterprises are selected via a sample and grossed up to the entire industry.
,056,2009,,Footnote,"For some industries, the number of employees may be less than the number of enterprises owing to the reason that the workforce in those industries consists of personnel such as working proprietors, unpaid family workers, etc. that are not included in the count of employees."
,056,2010,,Table Note,Number of enterprises
,056,2010,,Type of enumeration,All enterprises with 20 or more employees and/or annual turnover of more than eight million Euros are surveyed every year; smaller enterprises are selected via a sample and grossed up to the entire industry.
,056,2010,,Footnote,"For some industries, the number of employees may be less than the number of enterprises owing to the reason that the workforce in those industries consists of personnel such as working proprietors, unpaid family workers, etc. that are not included in the count of employees."
,056,2010,,Data Supplier,"National Institute of Statistics (Institut National de Statistique), Brussels.
Industrial statistics for the OECD countries are compiled by the OECD secretariat, which supplies them to UNIDO."
,056,2011,,Table Note,Number of enterprises
,056,2011,,Data Supplier,"National Institute of Statistics (Institut National de Statistique), Brussels.
Industrial statistics for the OECD countries are compiled by the OECD secretariat, which supplies them to UNIDO."
,056,2011,,Type of enumeration,All enterprises with 20 or more employees and/or annual turnover of more than eight million Euros are surveyed every year; smaller enterprises are selected via a sample and grossed up to the entire industry.
,056,2011,,Footnote,"For some industries, the number of employees may be less than the number of enterprises owing to the reason that the workforce in those industries consists of personnel such as working proprietors, unpaid family workers, etc. that are not included in the count of employees."
,056,2012,,Table Note,Number of enterprises
,056,2012,,Type of enumeration,Combination of survey and administrative data.
,056,2012,,Data Supplier,"National Institute of Statistics (Institut National de Statistique), Brussels.
Industrial statistics for the OECD countries are compiled by the OECD secretariat, which supplies them to UNIDO."
,056,2012,,Footnote,"For some industries, the number of employees may be less than the number of enterprises owing to the reason that the workforce in those industries consists of personnel such as working proprietors, unpaid family workers, etc. that are not included in the count of employees."
,056,2013,,Table Note,Number of enterprises
,056,2013,,Data Supplier,"National Institute of Statistics (Institut National de Statistique), Brussels.
Industrial statistics for the OECD countries are compiled by the OECD secretariat, which supplies them to UNIDO."
,056,2013,,Footnote,"For some industries, the number of employees may be less than the number of enterprises owing to the reason that the workforce in those industries consists of personnel such as working proprietors, unpaid family workers, etc. that are not included in the count of employees."
,056,2013,,Type of enumeration,Combination of survey and administrative data.
,056,2014,,Table Note,Number of enterprises
,056,2014,,Data Supplier,"National Institute of Statistics (Institut National de Statistique), Brussels.
Industrial statistics for the OECD countries are compiled by the OECD secretariat, which supplies them to UNIDO."
,056,2014,,Type of enumeration,Combination of survey and administrative data.
,056,2014,,Footnote,"For some industries, the number of employees may be less than the number of enterprises owing to the reason that the workforce in those industries consists of personnel such as working proprietors, unpaid family workers, etc. that are not included in the count of employees."
,056,2015,,Table Note,Number of enterprises
,056,2015,,Table Note,Output at producers' prices
,056,2015,,Type of enumeration,Combination of survey and administrative data.
,056,2015,,Data Supplier,"Statbel (Direction g?n?rale Statistique - Statistics Belgium), Brussels. 
Data compiled by UNIDO were derived from Eurostat's structural business statistics (SBS) database."
,056,2015,,Footnote,"For some industries, the number of employees may be less than the number of enterprises owing to the reason that the workforce in those industries consists of personnel such as working proprietors, unpaid family workers, etc. that are not included in the count of employees."
,056,2016,,Table Note,Number of enterprises
,056,2016,,Table Note,Output at producers' prices
,056,2016,,Data Supplier,"Statbel (Direction g?n?rale Statistique - Statistics Belgium), Brussels. 
Data compiled by UNIDO were derived from Eurostat's structural business statistics (SBS) database."
,056,2016,,Type of enumeration,Combination of survey and administrative data.
,056,2016,,Footnote,"For some industries, the number of employees may be less than the number of enterprises owing to the reason that the workforce in those industries consists of personnel such as working proprietors, unpaid family workers, etc. that are not included in the count of employees."
,056,2017,,Table Note,Number of enterprises
,056,2017,,Table Note,Output at producers' prices
,056,2017,,Data Supplier,"Statbel (Direction g?n?rale Statistique - Statistics Belgium), Brussels. 
Data compiled by UNIDO were derived from Eurostat's structural business statistics (SBS) database."
,056,2017,,Type of enumeration,Combination of survey and administrative data.
,056,2017,,Footnote,"For some industries, the number of employees may be less than the number of enterprises owing to the reason that the workforce in those industries consists of personnel such as working proprietors, unpaid family workers, etc. that are not included in the count of employees."
,056,2018,,Table Note,Number of enterprises
,056,2018,,Table Note,Output at producers' prices
,056,2018,,Type of enumeration,Combination of survey and administrative data.
,056,2018,,Special note,Methodological break in 2018.
,056,2018,,Data Supplier,"Statbel (Direction g?n?rale Statistique - Statistics Belgium), Brussels. 
Data compiled by UNIDO were derived from Eurostat's structural business statistics (SBS) database."
,056,2018,,Footnote,"For some industries, the number of employees may be less than the number of enterprises owing to the reason that the workforce in those industries consists of personnel such as working proprietors, unpaid family workers, etc. that are not included in the count of employees."
,056,2019,,Table Note,Number of enterprises
,056,2019,,Table Note,Output at producers' prices
,056,2019,,Data Supplier,"Statbel (Direction g?n?rale Statistique - Statistics Belgium), Brussels. 
Data compiled by UNIDO were derived from Eurostat's structural business statistics (SBS) database."
,056,2019,,Type of enumeration,Combination of survey and administrative data.
,056,2019,,Footnote,"For some industries, the number of employees may be less than the number of enterprises owing to the reason that the workforce in those industries consists of personnel such as working proprietors, unpaid family workers, etc. that are not included in the count of employees."
,056,2020,,Table Note,Number of enterprises
,056,2020,,Table Note,Output at producers' prices
,056,2020,,Type of enumeration,Combination of survey and administrative data.
,056,2020,,Data Supplier,"Statbel (Direction g?n?rale Statistique - Statistics Belgium), Brussels. 
Data compiled by UNIDO were derived from Eurostat's structural business statistics (SBS) database."
,056,2020,,Footnote,"For some industries, the number of employees may be less than the number of enterprises owing to the reason that the workforce in those industries consists of personnel such as working proprietors, unpaid family workers, etc. that are not included in the count of employees."
20,056,2005,,Table Note,Value added at factor values
20,056,2006,,Table Note,Value added at factor values
20,056,2007,,Table Note,Value added at factor values
20,056,2008,,Table Note,Value added at factor values
20,056,2009,,Table Note,Value added at factor values
20,056,2010,,Table Note,Value added at factor values
20,056,2011,,Table Note,Value added at factor values
20,056,2012,,Table Note,Value added at factor values
20,056,2013,,Table Note,Value added at factor values
20,056,2014,,Table Note,Value added at factor values
20,056,2015,,Table Note,Value added at factor values
20,056,2016,,Table Note,Value added at factor values
20,056,2017,,Table Note,Value added at factor values
20,056,2018,,Table Note,Value added at factor values
20,056,2019,,Table Note,Value added at factor values
20,056,2020,,Table Note,Value added at factor values
,068,2010,,Table Note,Number of enterprises
,068,2010,,Table Note,Number of persons engaged
,068,2010,,Table Note,Output at producers' prices
,068,2010,,Scope,Enterprises with 20 or more employees or with a revenue of more than 3 million bolivianos.
,068,2010,,Deviations from ISIC,None reported.
,068,2010,,Reference Period,Fiscal year.
,068,2010,,Type of enumeration,Complete enumeration.
,068,2010,,Method of data collection,Direct interview in the field.
,068,2010,,Related national publications,"Estad?sticas Estructurales de la Industria Manufacturera, Comercio y Servicios, published by the Instituto Nacional de Estad?stica, La Paz."
,068,2010,,Source,Census/exhaustive survey.
,068,2010,,Concepts and definitions,Wages and salaries refers to direct wages and salaries only.
,068,2010,,Data Supplier,"Instituto Nacional de Estad?stica, La Paz."
,068,2010,,Adjusted for non-response,Yes (response rate: approximately 85%).
,068,2010,,Concepts and definitions,Output refers to value of sale of all products.
,068,2012,,Table Note,Number of enterprises
,068,2012,,Table Note,Number of persons engaged
,068,2012,,Table Note,Output at producers' prices
,068,2012,,Type of enumeration,Complete enumeration.
,068,2012,,Related national publications,"Estad?sticas Estructurales de la Industria Manufacturera, Comercio y Servicios, published by the Instituto Nacional de Estad?stica, La Paz."
,068,2012,,Method of data collection,Mail questionnaires.
,068,2012,,Source,Census/exhaustive survey.
,068,2012,,Scope,Enterprises with 20 or more employees or with a revenue of more than 3 million bolivianos.
,068,2012,,Data Supplier,"Instituto Nacional de Estad?stica, La Paz."
,068,2012,,Deviations from ISIC,None reported.
,068,2012,,Concepts and definitions,Wages and salaries refers to direct wages and salaries only.
,068,2012,,Reference Period,Fiscal year.
,068,2012,,Adjusted for non-response,Yes (response rate: approximately 85%).
,068,2012,,Concepts and definitions,Output excludes value of fixed assets produced by the unit for its own use.
,068,2017,,Table Note,Number of enterprises
,068,2017,,Table Note,Number of persons engaged
,068,2017,,Table Note,Output at producers' prices
,068,2017,,Type of enumeration,Complete enumeration.
,068,2017,,Related national publications,"Estad?sticas Estructurales de la Industria Manufacturera, Comercio y Servicios 2010 y 2012, published by the Instituto Nacional de Estad?stica, La Paz."
,068,2017,,Source,Census/exhaustive survey.
,068,2017,,Data Supplier,"Instituto Nacional de Estad?stica, La Paz."
,068,2017,,Deviations from ISIC,None reported.
,068,2017,,Method of data collection,Online survey (self entry).
,068,2017,,Concepts and definitions,Output excludes value of fixed assets produced by the unit for its own use.
,068,2017,,Scope,All enterprises.
,068,2017,,Reference Period,Fiscal year.
,068,2017,,Adjusted for non-response,Yes (response rate: approximately 85%).
20,068,2010,,Table Note,Value added at producers' prices
20,068,2012,,Table Note,Value added at producers' prices
20,068,2017,,Table Note,Value added at producers' prices
,070,2010,,Table Note,Number of enterprises
,070,2010,,Table Note,Output at factor values
,070,2010,,Data Supplier,"Agency for Statistics, Sarajevo."
,070,2010,,Scope,All enterprises.
,070,2010,,Reference Period,Calendar year.
,070,2010,,Deviations from ISIC,Data presented in ISIC (Revision 4) were originally classified according to NACE (Revision 2).
,070,2010,,Type of enumeration,Sample survey.
,070,2010,,Method of data collection,Mail questionnaires.
,070,2010,,Related national publications,"Thematic Bulletin Structural Business Statistics 2015, published by the Agency for Statistics, Sarajevo."
,070,2010,,Source,Annual survey.
,070,2010,,Adjusted for non-response,Yes (approximately 86%).
,070,2010,,Concepts and definitions,Output excludes net change between the beginning and end of the year in the value of stocks of finished goods as well as the value of work in process and stocks and goods to be shipped in the same condition as received and includes revenue from non-industrial activities.
,070,2010,,Concepts and definitions,"Wages and salaries includes employers' contributions (in respect of their employees) paid to social security, pension and insurance schemes as well as the benefits received by employees under these schemes and severance and termination pay."
,070,2011,,Table Note,Number of enterprises
,070,2011,,Table Note,Output at factor values
,070,2011,,Source,Annual survey.
,070,2011,,Adjusted for non-response,Yes (approximately 86%).
,070,2011,,Deviations from ISIC,Data presented in ISIC (Revision 4) were originally classified according to NACE (Revision 2).
,070,2011,,Method of data collection,Mail questionnaires.
,070,2011,,Type of enumeration,Sample survey.
,070,2011,,Related national publications,"Thematic Bulletin Structural Business Statistics 2015, published by the Agency for Statistics, Sarajevo."
,070,2011,,Data Supplier,"Agency for Statistics, Sarajevo."
,070,2011,,Scope,All enterprises.
,070,2011,,Reference Period,Calendar year.
,070,2011,,Concepts and definitions,Output excludes net change between the beginning and end of the year in the value of stocks of finished goods as well as the value of work in process and stocks and goods to be shipped in the same condition as received and includes revenue from non-industrial activities.
,070,2011,,Concepts and definitions,"Wages and salaries includes employers' contributions (in respect of their employees) paid to social security, pension and insurance schemes as well as the benefits received by employees under these schemes and severance and termination pay."
,070,2012,,Table Note,Number of enterprises
,070,2012,,Table Note,Output at factor values
,070,2012,,Data Supplier,"Agency for Statistics, Sarajevo."
,070,2012,,Scope,All enterprises.
,070,2012,,Reference Period,Calendar year.
,070,2012,,Method of data collection,Mail questionnaires.
,070,2012,,Type of enumeration,Sample survey.
,070,2012,,Related national publications,"Thematic Bulletin Structural Business Statistics 2015, published by the Agency for Statistics, Sarajevo."
,070,2012,,Deviations from ISIC,Data presented in ISIC (Revision 4) were originally classified according to NACE (Revision 2).
,070,2012,,Source,Annual survey.
,070,2012,,Adjusted for non-response,Yes (approximately 86%).
,070,2012,,Concepts and definitions,Output excludes net change between the beginning and end of the year in the value of stocks of finished goods as well as the value of work in process and stocks and goods to be shipped in the same condition as received and includes revenue from non-industrial activities.
,070,2012,,Concepts and definitions,"Wages and salaries includes employers' contributions (in respect of their employees) paid to social security, pension and insurance schemes as well as the benefits received by employees under these schemes and severance and termination pay."
,070,2013,,Table Note,Number of enterprises
,070,2013,,Table Note,Output at factor values
,070,2013,,Source,Annual survey.
,070,2013,,Reference Period,Calendar year.
,070,2013,,Deviations from ISIC,Data presented in ISIC (Revision 4) were originally classified according to NACE (Revision 2).
,070,2013,,Type of enumeration,Sample survey.
,070,2013,,Method of data collection,Mail questionnaires.
,070,2013,,Data Supplier,"Agency for Statistics, Sarajevo."
,070,2013,,Scope,All enterprises.
,070,2013,,Adjusted for non-response,Yes (approximately 86%).
,070,2013,,Concepts and definitions,Output excludes net change between the beginning and end of the year in the value of stocks of finished goods as well as the value of work in process and stocks and goods to be shipped in the same condition as received and includes revenue from non-industrial activities.
,070,2013,,Related national publications,"Thematic Bulletin Structural Business Statistics 2015, published by the Agency for Statistics, Sarajevo."
,070,2013,,Concepts and definitions,"Wages and salaries includes employers' contributions (in respect of their employees) paid to social security, pension and insurance schemes as well as the benefits received by employees under these schemes and severance and termination pay."
,070,2014,,Table Note,Number of enterprises
,070,2014,,Table Note,Output at factor values
,070,2014,,Source,Annual survey.
,070,2014,,Adjusted for non-response,Yes (approximately 86%).
,070,2014,,Method of data collection,Mail questionnaires.
,070,2014,,Related national publications,"Thematic Bulletin Structural Business Statistics 2015, published by the Agency for Statistics, Sarajevo."
,070,2014,,Data Supplier,"Agency for Statistics, Sarajevo."
,070,2014,,Scope,All enterprises.
,070,2014,,Reference Period,Calendar year.
,070,2014,,Concepts and definitions,Output excludes net change between the beginning and end of the year in the value of stocks of finished goods as well as the value of work in process and stocks and goods to be shipped in the same condition as received and includes revenue from non-industrial activities.
,070,2014,,Deviations from ISIC,Data presented in ISIC (Revision 4) were originally classified according to NACE (Revision 2).
,070,2014,,Type of enumeration,Sample survey.
,070,2014,,Footnote,"For some industries, the number of employees may be less than the number of enterprises owing to the reason that the workforce in those industries consists of personnel such as working proprietors, unpaid family workers, etc. that are not included in the count of employees."
,070,2014,,Concepts and definitions,"Wages and salaries includes employers' contributions (in respect of their employees) paid to social security, pension and insurance schemes as well as the benefits received by employees under these schemes and severance and termination pay."
,070,2015,,Table Note,Number of enterprises
,070,2015,,Table Note,Output at factor values
,070,2015,,Data Supplier,"Agency for Statistics, Sarajevo."
,070,2015,,Scope,All enterprises.
,070,2015,,Reference Period,Calendar year.
,070,2015,,Method of data collection,Mail questionnaires.
,070,2015,,Type of enumeration,Sample survey.
,070,2015,,Footnote,"For some industries, the number of employees may be less than the number of enterprises owing to the reason that the workforce in those industries consists of personnel such as working proprietors, unpaid family workers, etc. that are not included in the count of employees."
,070,2015,,Source,Annual survey.
,070,2015,,Adjusted for non-response,Yes (approximately 86%).
,070,2015,,Concepts and definitions,Output excludes net change between the beginning and end of the year in the value of stocks of finished goods as well as the value of work in process and stocks and goods to be shipped in the same condition as received and includes revenue from non-industrial activities.
,070,2015,,Deviations from ISIC,Data presented in ISIC (Revision 4) were originally classified according to NACE (Revision 2).
,070,2015,,Related national publications,"Thematic Bulletin Structural Business Statistics 2015, published by the Agency for Statistics, Sarajevo."
,070,2015,,Concepts and definitions,"Wages and salaries includes employers' contributions (in respect of their employees) paid to social security, pension and insurance schemes as well as the benefits received by employees under these schemes and severance and termination pay."
,070,2016,,Table Note,Number of enterprises
,070,2016,,Table Note,Output at factor values
,070,2016,,Source,Annual survey.
,070,2016,,Deviations from ISIC,Data presented in ISIC (Revision 4) were originally classified according to NACE (Revision 2).
,070,2016,,Data Supplier,"Agency for Statistics, Sarajevo."
,070,2016,,Scope,All enterprises.
,070,2016,,Reference Period,Calendar year.
,070,2016,,Adjusted for non-response,Yes (response rate: approximately 87%).
,070,2016,,Concepts and definitions,Output includes revenues from non-industrial activities.
,070,2016,,Method of data collection,Mail questionnaires.
,070,2016,,Type of enumeration,Sample survey.
,070,2016,,Related national publications,"Thematic Bulletin Structural Business Statistics, published by the Agency for Statistics, Sarajevo."
,070,2016,,Footnote,"For some industries, the number of employees may be less than the number of enterprises owing to the reason that the workforce in those industries consists of personnel such as working proprietors, unpaid family workers, etc. that are not included in the count of employees."
,070,2016,,Concepts and definitions,"Wages and salaries includes employers' contributions (in respect of their employees) paid to social security, pension and insurance schemes as well as the benefits received by employees under these schemes and severance and termination pay."
,070,2017,,Table Note,Number of enterprises
,070,2017,,Table Note,Output at factor values
,070,2017,,Data Supplier,"Agency for Statistics, Sarajevo."
,070,2017,,Related national publications,"Thematic Bulletin Structural Business Statistics, published by the Agency for Statistics, Sarajevo."
,070,2017,,Footnote,Data for less than 3 establishments are not shown due to confidentiality rules.
,070,2017,,Scope,All enterprises.
,070,2017,,Source,Annual census/exhaustive survey.
,070,2017,,Reference Period,Calendar year.
,070,2017,,Adjusted for non-response,No.
,070,2017,,Footnote,Data for less than 3 establishments are not shown due to confidentiality rules.
,070,2017,,Footnote,Methodological break in 2017.
,070,2017,,Footnote,Methodological break in 2017.
,070,2017,,Concepts and definitions,Output includes revenues from non-industrial activities.
,070,2017,,Type of enumeration,Complete enumeration.
,070,2017,,Deviations from ISIC,Data presented in ISIC (Revision 4) were originally classified according to NACE (Revision 2).
,070,2017,,Method of data collection,Mail questionnaires and administrative source.
,070,2017,,Footnote,"For some industries, the number of employees may be less than the number of enterprises owing to the reason that the workforce in those industries consists of personnel such as working proprietors, unpaid family workers, etc. that are not included in the count of employees."
,070,2017,,Footnote,Methodological break in 2017.
,070,2017,,Footnote,Data for less than 3 establishments are not shown due to confidentiality rules.
,070,2017,,Footnote,Data for less than 3 establishments are not shown due to confidentiality rules.
,070,2017,,Footnote,Methodological break in 2017.
,070,2017,,Footnote,Data for less than 3 establishments are not shown due to confidentiality rules.
,070,2017,,Footnote,Methodological break in 2017.
,070,2017,,Concepts and definitions,"Wages and salaries includes employers' contributions (in respect of their employees) paid to social security, pension and insurance schemes as well as the benefits received by employees under these schemes and severance and termination pay."
,070,2018,,Table Note,Number of enterprises
,070,2018,,Table Note,Output at factor values
,070,2018,,Type of enumeration,Complete enumeration.
,070,2018,,Deviations from ISIC,Data presented in ISIC (Revision 4) were originally classified according to NACE (Revision 2).
,070,2018,,Method of data collection,Mail questionnaires and administrative source.
,070,2018,,Footnote,"For some industries, the number of employees may be less than the number of enterprises owing to the reason that the workforce in those industries consists of personnel such as working proprietors, unpaid family workers, etc. that are not included in the count of employees."
,070,2018,,Data Supplier,"Agency for Statistics, Sarajevo."
,070,2018,,Scope,All enterprises.
,070,2018,,Source,Annual census/exhaustive survey.
,070,2018,,Reference Period,Calendar year.
,070,2018,,Adjusted for non-response,No.
,070,2018,,Footnote,Data for less than 3 establishments are not shown due to confidentiality rules.
,070,2018,,Footnote,Data for less than 3 establishments are not shown due to confidentiality rules.
,070,2018,,Concepts and definitions,Output includes revenues from non-industrial activities.
,070,2018,,Related national publications,"Thematic Bulletin Structural Business Statistics, published by the Agency for Statistics, Sarajevo."
,070,2018,,Footnote,Data for less than 3 establishments are not shown due to confidentiality rules.
,070,2018,,Footnote,Data for less than 3 establishments are not shown due to confidentiality rules.
,070,2018,,Footnote,Data for less than 3 establishments are not shown due to confidentiality rules.
,070,2018,,Concepts and definitions,"Wages and salaries includes employers' contributions (in respect of their employees) paid to social security, pension and insurance schemes as well as the benefits received by employees under these schemes and severance and termination pay."
,070,2019,,Table Note,Number of enterprises
,070,2019,,Table Note,Output at factor values
,070,2019,,Deviations from ISIC,Data presented in ISIC (Revision 4) were originally classified according to NACE (Revision 2).
,070,2019,,Footnote,Data for less than 3 establishments are not shown due to confidentiality rules.
,070,2019,,Adjusted for non-response,No.
,070,2019,,Footnote,Data for less than 3 establishments are not shown due to confidentiality rules.
,070,2019,,Data Supplier,"Agency for Statistics, Sarajevo."
,070,2019,,Scope,All enterprises.
,070,2019,,Source,Annual census/exhaustive survey.
,070,2019,,Reference Period,Calendar year.
,070,2019,,Type of enumeration,Complete enumeration.
,070,2019,,Method of data collection,Mail questionnaires and administrative source.
,070,2019,,Related national publications,"Thematic Bulletin Structural Business Statistics, published by the Agency for Statistics, Sarajevo."
,070,2019,,Footnote,"For some industries, the number of employees may be less than the number of enterprises owing to the reason that the workforce in those industries consists of personnel such as working proprietors, unpaid family workers, etc. that are not included in the count of employees."
,070,2019,,Footnote,Data for less than 3 establishments are not shown due to confidentiality rules.
,070,2019,,Footnote,Data for less than 3 establishments are not shown due to confidentiality rules.
,070,2019,,Footnote,Data for less than 3 establishments are not shown due to confidentiality rules.
,070,2019,,Concepts and definitions,Output includes revenues from non-industrial activities.
,070,2019,,Concepts and definitions,"Wages and salaries includes employers' contributions (in respect of their employees) paid to social security, pension and insurance schemes as well as the benefits received by employees under these schemes and severance and termination pay."
,070,2020,,Table Note,Number of enterprises
,070,2020,,Table Note,Output at factor values
,070,2020,,Method of data collection,Mail questionnaires and administrative source.
,070,2020,,Related national publications,"Thematic Bulletin Structural Business Statistics, published by the Agency for Statistics, Sarajevo."
,070,2020,,Data Supplier,"Agency for Statistics, Sarajevo."
,070,2020,,Scope,All enterprises.
,070,2020,,Source,Annual census/exhaustive survey.
,070,2020,,Reference Period,Calendar year.
,070,2020,,Footnote,Data for less than 3 establishments are not shown due to confidentiality rules.
,070,2020,,Adjusted for non-response,No.
,070,2020,,Concepts and definitions,Output includes revenues from non-industrial activities.
,070,2020,,Type of enumeration,Complete enumeration.
,070,2020,,Deviations from ISIC,Data presented in ISIC (Revision 4) were originally classified according to NACE (Revision 2).
,070,2020,,Footnote,Data for less than 3 establishments are not shown due to confidentiality rules.
,070,2020,,Footnote,"For some industries, the number of employees may be less than the number of enterprises owing to the reason that the workforce in those industries consists of personnel such as working proprietors, unpaid family workers, etc. that are not included in the count of employees."
,070,2020,,Footnote,Data for less than 3 establishments are not shown due to confidentiality rules.
,070,2020,,Footnote,Data for less than 3 establishments are not shown due to confidentiality rules.
,070,2020,,Footnote,Data for less than 3 establishments are not shown due to confidentiality rules.
,070,2020,,Concepts and definitions,"Wages and salaries includes employers' contributions (in respect of their employees) paid to social security, pension and insurance schemes as well as the benefits received by employees under these schemes and severance and termination pay."
20,070,2010,,Table Note,Value added at factor values
20,070,2011,,Table Note,Value added at factor values
20,070,2012,,Table Note,Value added at factor values
20,070,2013,,Table Note,Value added at factor values
20,070,2014,,Table Note,Value added at factor values
20,070,2015,,Table Note,Value added at factor values
20,070,2016,,Table Note,Value added at factor values
20,070,2017,,Table Note,Value added at factor values
20,070,2017,,Footnote,Data for less than 3 establishments are not shown due to confidentiality rules.
20,070,2017,,Footnote,Methodological break in 2017.
20,070,2018,,Table Note,Value added at factor values
20,070,2018,,Footnote,Data for less than 3 establishments are not shown due to confidentiality rules.
20,070,2019,,Table Note,Value added at factor values
20,070,2019,,Footnote,Data for less than 3 establishments are not shown due to confidentiality rules.
20,070,2020,,Table Note,Value added at factor values
20,070,2020,,Footnote,Data for less than 3 establishments are not shown due to confidentiality rules.
,072,,,Method of data collection,Mail questionnaires.
,072,,,Type of enumeration,Sample survey.
,072,,,Footnote,Output is gross output derived from national accounts estimates.
,072,,,Related national publications,"National Accounts Annual Report, published by Statistics Botswana, Gaborone."
,072,,,Data Supplier,"Statistics Botswana, Gaborone."
,072,,,Source,Surveys; administrative data.
,072,,,Adjusted for non-response,Yes.
,072,,,Footnote,Data refer to compensation of employees derived from the National Accounts Annual Report.
,072,2006,,Table Note,Output at basic prices
,072,2007,,Table Note,Output at basic prices
,072,2008,,Table Note,Output at basic prices
,072,2009,,Table Note,Output at basic prices
,072,2010,,Table Note,Output at basic prices
,072,2011,,Table Note,Output at basic prices
,072,2012,,Table Note,Output at basic prices
,072,2013,,Table Note,Output at basic prices
,072,2014,,Table Note,Output at basic prices
,072,2015,,Table Note,Output at basic prices
,072,2016,,Table Note,Output at basic prices
,072,2017,,Table Note,Output at basic prices
,072,2018,,Table Note,Output at basic prices
,072,2019,,Table Note,Output at basic prices
,072,2020,,Table Note,Output at basic prices
20,072,,,Footnote,Value added is total value added derived from national accounts estimates.
20,072,2006,,Table Note,Value added at basic prices
20,072,2007,,Table Note,Value added at basic prices
20,072,2008,,Table Note,Value added at basic prices
20,072,2009,,Table Note,Value added at basic prices
20,072,2010,,Table Note,Value added at basic prices
20,072,2011,,Table Note,Value added at basic prices
20,072,2012,,Table Note,Value added at basic prices
20,072,2013,,Table Note,Value added at basic prices
20,072,2014,,Table Note,Value added at basic prices
20,072,2015,,Table Note,Value added at basic prices
20,072,2016,,Table Note,Value added at basic prices
20,072,2017,,Table Note,Value added at basic prices
20,072,2018,,Table Note,Value added at basic prices
20,072,2019,,Table Note,Value added at basic prices
20,072,2020,,Table Note,Value added at basic prices
,076,2007,,Table Note,Number of enterprises
,076,2007,,Table Note,Output at basic prices
,076,2007,,Deviations from ISIC,None reported.
,076,2007,,Type of enumeration,Sample survey.
,076,2007,,Related national publications,"Annual Industrial Survey - Enterprise Issue, published by Funda??o Instituto Brasileiro de Geograf?a e Estat?stica (IBGE), Rio de Janeiro."
,076,2007,,Method of data collection,Computer assisted self interviewing.
,076,2007,,Scope,All enterprises.
,076,2007,,Reference Period,Calendar year.
,076,2007,,Adjusted for non-response,Yes (response rate: approximately 93%).
,076,2007,,Source,Annual survey.
,076,2007,,Data Supplier,"Funda??o Instituto Brasileiro de Geograf?a e Estat?stica (IBGE), Rio de Janeiro."
,076,2007,,Concepts and definitions,"Gross fixed capital formation excludes intellectual property products such as products of R&D, computer software, databases, etc."
,076,2007,,Concepts and definitions,Output includes revenue from non-industrial activities.
,076,2007,,Concepts and definitions,"Wages and salaries excludes payments in kind and includes employers' contributions (in respect of their employees) paid to social security, pension and insurance schemes as well as the benefits received by employees under these schemes and severance and termination pay."
,076,2008,,Table Note,Number of enterprises
,076,2008,,Table Note,Output at basic prices
,076,2008,,Related national publications,"Annual Industrial Survey - Enterprise Issue, published by Funda??o Instituto Brasileiro de Geograf?a e Estat?stica (IBGE), Rio de Janeiro."
,076,2008,,Method of data collection,Computer assisted self interviewing.
,076,2008,,Deviations from ISIC,None reported.
,076,2008,,Type of enumeration,Sample survey.
,076,2008,,Source,Annual survey.
,076,2008,,Data Supplier,"Funda??o Instituto Brasileiro de Geograf?a e Estat?stica (IBGE), Rio de Janeiro."
,076,2008,,Scope,All enterprises.
,076,2008,,Reference Period,Calendar year.
,076,2008,,Adjusted for non-response,Yes (response rate: approximately 93%).
,076,2008,,Concepts and definitions,"Wages and salaries excludes payments in kind and includes employers' contributions (in respect of their employees) paid to social security, pension and insurance schemes as well as the benefits received by employees under these schemes and severance and termination pay."
,076,2008,,Concepts and definitions,Output includes revenue from non-industrial activities.
,076,2008,,Concepts and definitions,"Gross fixed capital formation excludes intellectual property products such as products of R&D, computer software, databases, etc."
,076,2009,,Table Note,Number of enterprises
,076,2009,,Table Note,Output at basic prices
,076,2009,,Deviations from ISIC,None reported.
,076,2009,,Related national publications,"Annual Industrial Survey - Enterprise Issue, published by Funda??o Instituto Brasileiro de Geograf?a e Estat?stica (IBGE), Rio de Janeiro."
,076,2009,,Method of data collection,Computer assisted self interviewing.
,076,2009,,Type of enumeration,Sample survey.
,076,2009,,Reference Period,Calendar year.
,076,2009,,Adjusted for non-response,Yes (response rate: approximately 93%).
,076,2009,,Scope,All enterprises.
,076,2009,,Source,Annual survey.
,076,2009,,Data Supplier,"Funda??o Instituto Brasileiro de Geograf?a e Estat?stica (IBGE), Rio de Janeiro."
,076,2009,,Concepts and definitions,Output includes revenue from non-industrial activities.
,076,2009,,Concepts and definitions,"Wages and salaries excludes payments in kind and includes employers' contributions (in respect of their employees) paid to social security, pension and insurance schemes as well as the benefits received by employees under these schemes and severance and termination pay."
,076,2009,,Concepts and definitions,"Gross fixed capital formation excludes intellectual property products such as products of R&D, computer software, databases, etc."
,076,2010,,Table Note,Number of enterprises
,076,2010,,Table Note,Output at basic prices
,076,2010,,Related national publications,"Annual Industrial Survey - Enterprise Issue, published by Funda??o Instituto Brasileiro de Geograf?a e Estat?stica (IBGE), Rio de Janeiro."
,076,2010,,Scope,All enterprises.
,076,2010,,Reference Period,Calendar year.
,076,2010,,Source,Annual survey.
,076,2010,,Data Supplier,"Funda??o Instituto Brasileiro de Geograf?a e Estat?stica (IBGE), Rio de Janeiro."
,076,2010,,Method of data collection,Computer assisted self interviewing.
,076,2010,,Deviations from ISIC,None reported.
,076,2010,,Type of enumeration,Sample survey.
,076,2010,,Concepts and definitions,"Gross fixed capital formation excludes intellectual property products such as products of R&D, computer software, databases, etc."
,076,2010,,Adjusted for non-response,Yes (response rate: approximately 93%).
,076,2010,,Concepts and definitions,Output includes revenue from non-industrial activities.
,076,2010,,Concepts and definitions,"Wages and salaries excludes payments in kind and includes employers' contributions (in respect of their employees) paid to social security, pension and insurance schemes as well as the benefits received by employees under these schemes and severance and termination pay."
,076,2011,,Table Note,Number of enterprises
,076,2011,,Table Note,Output at basic prices
,076,2011,,Scope,All enterprises.
,076,2011,,Reference Period,Calendar year.
,076,2011,,Adjusted for non-response,Yes (response rate: approximately 93%).
,076,2011,,Deviations from ISIC,None reported.
,076,2011,,Type of enumeration,Sample survey.
,076,2011,,Related national publications,"Annual Industrial Survey - Enterprise Issue, published by Funda??o Instituto Brasileiro de Geograf?a e Estat?stica (IBGE), Rio de Janeiro."
,076,2011,,Method of data collection,Computer assisted self interviewing.
,076,2011,,Concepts and definitions,"Wages and salaries excludes payments in kind and includes employers' contributions (in respect of their employees) paid to social security, pension and insurance schemes as well as the benefits received by employees under these schemes and severance and termination pay."
,076,2011,,Source,Annual survey.
,076,2011,,Data Supplier,"Funda??o Instituto Brasileiro de Geograf?a e Estat?stica (IBGE), Rio de Janeiro."
,076,2011,,Concepts and definitions,Output includes revenue from non-industrial activities.
,076,2011,,Concepts and definitions,"Gross fixed capital formation excludes intellectual property products such as products of R&D, computer software, databases, etc."
,076,2012,,Table Note,Number of enterprises
,076,2012,,Table Note,Output at basic prices
,076,2012,,Source,Annual survey.
,076,2012,,Data Supplier,"Funda??o Instituto Brasileiro de Geograf?a e Estat?stica (IBGE), Rio de Janeiro."
,076,2012,,Related national publications,"Annual Industrial Survey - Enterprise Issue, published by Funda??o Instituto Brasileiro de Geograf?a e Estat?stica (IBGE), Rio de Janeiro."
,076,2012,,Method of data collection,Computer assisted self interviewing.
,076,2012,,Deviations from ISIC,None reported.
,076,2012,,Type of enumeration,Sample survey.
,076,2012,,Concepts and definitions,"Gross fixed capital formation excludes intellectual property products such as products of R&D, computer software, databases, etc."
,076,2012,,Scope,All enterprises.
,076,2012,,Reference Period,Calendar year.
,076,2012,,Adjusted for non-response,Yes (response rate: approximately 93%).
,076,2012,,Concepts and definitions,Output includes revenue from non-industrial activities.
,076,2012,,Concepts and definitions,"Wages and salaries excludes payments in kind and includes employers' contributions (in respect of their employees) paid to social security, pension and insurance schemes as well as the benefits received by employees under these schemes and severance and termination pay."
,076,2013,,Table Note,Number of enterprises
,076,2013,,Table Note,Output at basic prices
,076,2013,,Reference Period,Calendar year.
,076,2013,,Adjusted for non-response,Yes (response rate: approximately 93%).
,076,2013,,Deviations from ISIC,None reported.
,076,2013,,Related national publications,"Annual Industrial Survey - Enterprise Issue, published by Funda??o Instituto Brasileiro de Geograf?a e Estat?stica (IBGE), Rio de Janeiro."
,076,2013,,Method of data collection,Computer assisted self interviewing.
,076,2013,,Type of enumeration,Sample survey.
,076,2013,,Concepts and definitions,"Wages and salaries excludes payments in kind and includes employers' contributions (in respect of their employees) paid to social security, pension and insurance schemes as well as the benefits received by employees under these schemes and severance and termination pay."
,076,2013,,Concepts and definitions,"Gross fixed capital formation excludes intellectual property products such as products of R&D, computer software, databases, etc."
,076,2013,,Scope,All enterprises.
,076,2013,,Source,Annual survey.
,076,2013,,Data Supplier,"Funda??o Instituto Brasileiro de Geograf?a e Estat?stica (IBGE), Rio de Janeiro."
,076,2013,,Concepts and definitions,Output includes revenue from non-industrial activities.
,076,2014,,Table Note,Number of enterprises
,076,2014,,Table Note,Output at basic prices
,076,2014,,Scope,All enterprises.
,076,2014,,Reference Period,Calendar year.
,076,2014,,Related national publications,"Annual Industrial Survey - Enterprise Issue, published by Funda??o Instituto Brasileiro de Geograf?a e Estat?stica (IBGE), Rio de Janeiro."
,076,2014,,Method of data collection,Computer assisted self interviewing.
,076,2014,,Deviations from ISIC,None reported.
,076,2014,,Type of enumeration,Sample survey.
,076,2014,,Concepts and definitions,"Wages and salaries excludes payments in kind and includes employers' contributions (in respect of their employees) paid to social security, pension and insurance schemes as well as the benefits received by employees under these schemes and severance and termination pay."
,076,2014,,Source,Annual survey.
,076,2014,,Data Supplier,"Funda??o Instituto Brasileiro de Geograf?a e Estat?stica (IBGE), Rio de Janeiro."
,076,2014,,Adjusted for non-response,Yes (response rate: approximately 93%).
,076,2014,,Concepts and definitions,Output includes revenue from non-industrial activities.
,076,2014,,Concepts and definitions,"Gross fixed capital formation excludes intellectual property products such as products of R&D, computer software, databases, etc."
,076,2015,,Table Note,Number of enterprises
,076,2015,,Table Note,Output at basic prices
,076,2015,,Source,Annual survey.
,076,2015,,Data Supplier,"Funda??o Instituto Brasileiro de Geograf?a e Estat?stica (IBGE), Rio de Janeiro."
,076,2015,,Related national publications,"Annual Industrial Survey - Enterprise Issue, published by Funda??o Instituto Brasileiro de Geograf?a e Estat?stica (IBGE), Rio de Janeiro."
,076,2015,,Method of data collection,Computer assisted self interviewing.
,076,2015,,Deviations from ISIC,None reported.
,076,2015,,Type of enumeration,Sample survey.
,076,2015,,Concepts and definitions,"Gross fixed capital formation excludes intellectual property products such as products of R&D, computer software, databases, etc."
,076,2015,,Scope,All enterprises.
,076,2015,,Reference Period,Calendar year.
,076,2015,,Adjusted for non-response,Yes (response rate: approximately 93%).
,076,2015,,Concepts and definitions,Output includes revenue from non-industrial activities.
,076,2015,,Concepts and definitions,"Wages and salaries excludes payments in kind and includes employers' contributions (in respect of their employees) paid to social security, pension and insurance schemes as well as the benefits received by employees under these schemes and severance and termination pay."
,076,2016,,Table Note,Number of enterprises
,076,2016,,Table Note,Output at basic prices
,076,2016,,Scope,All enterprises.
,076,2016,,Reference Period,Calendar year.
,076,2016,,Adjusted for non-response,Yes (response rate: approximately 93%).
,076,2016,,Deviations from ISIC,None reported.
,076,2016,,Type of enumeration,Sample survey.
,076,2016,,Related national publications,"Annual Industrial Survey - Enterprise Issue, published by Funda??o Instituto Brasileiro de Geograf?a e Estat?stica (IBGE), Rio de Janeiro."
,076,2016,,Method of data collection,Computer assisted self interviewing.
,076,2016,,Concepts and definitions,"Wages and salaries excludes payments in kind and includes employers' contributions (in respect of their employees) paid to social security, pension and insurance schemes as well as the benefits received by employees under these schemes and severance and termination pay."
,076,2016,,Source,Annual survey.
,076,2016,,Data Supplier,"Funda??o Instituto Brasileiro de Geograf?a e Estat?stica (IBGE), Rio de Janeiro."
,076,2016,,Concepts and definitions,Output includes revenue from non-industrial activities.
,076,2016,,Concepts and definitions,"Gross fixed capital formation excludes intellectual property products such as products of R&D, computer software, databases, etc."
,076,2017,,Table Note,Number of enterprises
,076,2017,,Table Note,Output at basic prices
,076,2017,,Scope,All enterprises.
,076,2017,,Source,Annual survey.
,076,2017,,Data Supplier,"Funda??o Instituto Brasileiro de Geograf?a e Estat?stica (IBGE), Rio de Janeiro."
,076,2017,,Related national publications,"Annual Industrial Survey - Enterprise Issue, published by Funda??o Instituto Brasileiro de Geograf?a e Estat?stica (IBGE), Rio de Janeiro."
,076,2017,,Method of data collection,Computer assisted self interviewing.
,076,2017,,Type of enumeration,Sample survey.
,076,2017,,Deviations from ISIC,None reported.
,076,2017,,Reference Period,Calendar year.
,076,2017,,Adjusted for non-response,Yes (response rate: approximately 93%).
,076,2017,,Concepts and definitions,Output includes revenue from non-industrial activities.
,076,2017,,Concepts and definitions,"Wages and salaries excludes payments in kind and includes employers' contributions (in respect of their employees) paid to social security, pension and insurance schemes as well as the benefits received by employees under these schemes and severance and termination pay."
,076,2017,,Concepts and definitions,"Gross fixed capital formation excludes intellectual property products such as products of R&D, computer software, databases, etc."
,076,2018,,Table Note,Number of enterprises
,076,2018,,Table Note,Output at basic prices
,076,2018,,Related national publications,"Annual Industrial Survey - Enterprise Issue, published by Funda??o Instituto Brasileiro de Geograf?a e Estat?stica (IBGE), Rio de Janeiro."
,076,2018,,Method of data collection,Computer assisted self interviewing.
,076,2018,,Deviations from ISIC,None reported.
,076,2018,,Type of enumeration,Sample survey.
,076,2018,,Source,Annual survey.
,076,2018,,Data Supplier,"Funda??o Instituto Brasileiro de Geograf?a e Estat?stica (IBGE), Rio de Janeiro."
,076,2018,,Concepts and definitions,"Wages and salaries excludes payments in kind and includes employers' contributions (in respect of their employees) paid to social security, pension and insurance schemes as well as the benefits received by employees under these schemes and severance and termination pay."
,076,2018,,Concepts and definitions,"Gross fixed capital formation excludes intellectual property products such as products of R&D, computer software, databases, etc."
,076,2018,,Scope,All enterprises.
,076,2018,,Reference Period,Calendar year.
,076,2018,,Adjusted for non-response,Yes (response rate: approximately 94%).
,076,2018,,Concepts and definitions,Output includes revenue from non-industrial activities.
,076,2019,,Table Note,Number of enterprises
,076,2019,,Table Note,Output at basic prices
,076,2019,,Deviations from ISIC,None reported.
,076,2019,,Type of enumeration,Sample survey.
,076,2019,,Related national publications,"Annual Industrial Survey - Enterprise Issue, published by Funda??o Instituto Brasileiro de Geograf?a e Estat?stica (IBGE), Rio de Janeiro."
,076,2019,,Method of data collection,Computer assisted self interviewing.
,076,2019,,Scope,All enterprises.
,076,2019,,Reference Period,Calendar year.
,076,2019,,Concepts and definitions,"Wages and salaries excludes payments in kind and includes employers' contributions (in respect of their employees) paid to social security, pension and insurance schemes as well as the benefits received by employees under these schemes and severance and termination pay."
,076,2019,,Source,Annual survey.
,076,2019,,Data Supplier,"Funda??o Instituto Brasileiro de Geograf?a e Estat?stica (IBGE), Rio de Janeiro."
,076,2019,,Adjusted for non-response,Yes (response rate: approximately 91%).
,076,2019,,Concepts and definitions,Output includes revenue from non-industrial activities.
,076,2019,,Concepts and definitions,"Gross fixed capital formation excludes intellectual property products such as products of R&D, computer software, databases, etc."
,076,2020,,Table Note,Number of enterprises
,076,2020,,Table Note,Output at basic prices
,076,2020,,Related national publications,"Annual Industrial Survey - Enterprise Issue, published by Funda??o Instituto Brasileiro de Geograf?a e Estat?stica (IBGE), Rio de Janeiro."
,076,2020,,Method of data collection,Computer assisted self interviewing.
,076,2020,,Deviations from ISIC,None reported.
,076,2020,,Type of enumeration,Sample survey.
,076,2020,,Source,Annual survey.
,076,2020,,Data Supplier,"Funda??o Instituto Brasileiro de Geograf?a e Estat?stica (IBGE), Rio de Janeiro."
,076,2020,,Scope,All enterprises.
,076,2020,,Reference Period,Calendar year.
,076,2020,,Adjusted for non-response,Yes (response rate: approximately 90%).
,076,2020,,Concepts and definitions,Output includes revenue from non-industrial activities.
,076,2020,,Concepts and definitions,"Gross fixed capital formation excludes intellectual property products such as products of R&D, computer software, databases, etc."
,076,2020,,Concepts and definitions,"Wages and salaries excludes payments in kind and includes employers' contributions (in respect of their employees) paid to social security, pension and insurance schemes as well as the benefits received by employees under these schemes and severance and termination pay."
20,076,2007,,Table Note,Value added at basic prices
20,076,2008,,Table Note,Value added at basic prices
20,076,2009,,Table Note,Value added at basic prices
20,076,2010,,Table Note,Value added at basic prices
20,076,2011,,Table Note,Value added at basic prices
20,076,2012,,Table Note,Value added at basic prices
20,076,2013,,Table Note,Value added at basic prices
20,076,2014,,Table Note,Value added at basic prices
20,076,2015,,Table Note,Value added at basic prices
20,076,2016,,Table Note,Value added at basic prices
20,076,2017,,Table Note,Value added at basic prices
20,076,2018,,Table Note,Value added at basic prices
20,076,2019,,Table Note,Value added at basic prices
20,076,2020,,Table Note,Value added at basic prices
,100,,,Related national publications,"Statistical Yearbook of the Republic of Bulgaria, published by the National Statistical Institute of the Republic of Bulgaria, Sofia."
,100,,,Footnote,"For some industries, the number of employees may be less than the number of enterprises owing to the reason that the workforce in those industries consists of personnel such as working proprietors, unpaid family workers, etc. that are not included in the count of employees."
,100,,,Type of enumeration,Complete enumeration.
,100,,,Method of data collection,Mail questionnaires; online survey.
,100,,,Deviations from ISIC,None reported.
,100,,,Scope,All enterprises.
,100,,,Data Supplier,"National Statistical Institute of the Republic of Bulgaria, Sofia."
,100,,,Reference Period,Calendar year.
,100,2005,,Table Note,Number of enterprises
,100,2005,,Footnote,Data were derived from OECD's databases.
,100,2005,,Footnote,Data were derived from OECD's databases.
,100,2005,,Footnote,Data were derived from OECD's databases.
,100,2005,,Footnote,Data were derived from OECD's databases.
,100,2006,,Table Note,Number of enterprises
,100,2006,,Footnote,Data were derived from OECD's databases.
,100,2006,,Footnote,Data were derived from OECD's databases.
,100,2006,,Footnote,Data were derived from OECD's databases.
,100,2006,,Footnote,Data were derived from OECD's databases.
,100,2007,,Table Note,Number of enterprises
,100,2007,,Footnote,Data were derived from OECD's databases.
,100,2007,,Footnote,Data were derived from OECD's databases.
,100,2007,,Footnote,Data were derived from OECD's databases.
,100,2007,,Footnote,Data were derived from OECD's databases.
,100,2008,,Table Note,Number of enterprises
,100,2008,,Table Note,Output at producers' prices
,100,2008,,Source,Census; survey.
,100,2008,,Concepts and definitions,No deviations from the standard UN concepts and definitions are reported.
,100,2008,,Adjusted for non-response,Yes.
,100,2009,,Table Note,Number of enterprises
,100,2009,,Table Note,Output at producers' prices
,100,2009,,Adjusted for non-response,No.  (Response rate: approximately 100%)
,100,2009,,Source,Census; survey.
,100,2009,,Concepts and definitions,No deviations from the standard UN concepts and definitions are reported.
,100,2010,,Table Note,Number of enterprises
,100,2010,,Table Note,Output at producers' prices
,100,2010,,Concepts and definitions,No deviations from the standard UN concepts and definitions are reported.
,100,2010,,Source,Census/exhaustive survey.
,100,2010,,Adjusted for non-response,No.  (Response rate: approximately 100%)
,100,2011,,Table Note,Number of enterprises
,100,2011,,Table Note,Output at producers' prices
,100,2011,,Source,Census/exhaustive survey.
,100,2011,,Adjusted for non-response,No.  (Response rate: approximately 100%)
,100,2011,,Concepts and definitions,No deviations from the standard UN concepts and definitions are reported.
,100,2012,,Table Note,Number of enterprises
,100,2012,,Table Note,Output at producers' prices
,100,2012,,Source,Census/exhaustive survey.
,100,2012,,Concepts and definitions,No deviations from the standard UN concepts and definitions are reported.
,100,2012,,Adjusted for non-response,No.  (Response rate: approximately 100%)
,100,2013,,Table Note,Number of enterprises
,100,2013,,Table Note,Output at producers' prices
,100,2013,,Source,Census/exhaustive survey.
,100,2013,,Adjusted for non-response,No.  (Response rate: approximately 100%)
,100,2013,,Concepts and definitions,Output includes revenue from non-industrial activities.
,100,2014,,Table Note,Number of enterprises
,100,2014,,Table Note,Output at producers' prices
,100,2014,,Source,Census/exhaustive survey.
,100,2014,,Adjusted for non-response,No.  (Response rate: approximately 100%)
,100,2014,,Concepts and definitions,Output includes revenue from non-industrial activities.
,100,2015,,Table Note,Number of enterprises
,100,2015,,Table Note,Output at producers' prices
,100,2015,,Concepts and definitions,Output includes revenue from non-industrial activities.
,100,2015,,Source,Census/exhaustive survey.
,100,2015,,Adjusted for non-response,No.  (Response rate: approximately 100%)
,100,2016,,Table Note,Number of enterprises
,100,2016,,Table Note,Output at producers' prices
,100,2016,,Source,Census/exhaustive survey.
,100,2016,,Adjusted for non-response,No.  (Response rate: approximately 100%)
,100,2016,,Concepts and definitions,Output includes revenue from non-industrial activities.
,100,2017,,Table Note,Number of enterprises
,100,2017,,Table Note,Output at producers' prices
,100,2017,,Adjusted for non-response,No.  (Response rate: approximately 100%)
,100,2017,,Concepts and definitions,Output includes revenue from non-industrial activities.
,100,2017,,Source,Census/exhaustive survey.
,100,2018,,Table Note,Number of enterprises
,100,2018,,Table Note,Output at producers' prices
,100,2018,,Source,Census/exhaustive survey.
,100,2018,,Adjusted for non-response,No.  (Response rate: approximately 100%)
,100,2018,,Concepts and definitions,Output includes revenue from non-industrial activities.
,100,2019,,Table Note,Number of enterprises
,100,2019,,Table Note,Output at producers' prices
,100,2019,,Source,Census/exhaustive survey.
,100,2019,,Adjusted for non-response,No.  (Response rate: approximately 100%)
,100,2019,,Concepts and definitions,Output includes revenue from non-industrial activities.
,100,2020,,Table Note,Number of enterprises
,100,2020,,Table Note,Output at producers' prices
,100,2020,,Concepts and definitions,Output includes revenue from non-industrial activities.
,100,2020,,Source,Census/exhaustive survey.
,100,2020,,Adjusted for non-response,No.  (Response rate: approximately 100%)
20,100,2005,,Table Note,Value added at factor values
20,100,2005,,Footnote,Data were derived from OECD's databases.
20,100,2006,,Table Note,Value added at factor values
20,100,2006,,Footnote,Data were derived from OECD's databases.
20,100,2007,,Table Note,Value added at factor values
20,100,2007,,Footnote,Data were derived from OECD's databases.
20,100,2008,,Table Note,Value added at factor values
20,100,2009,,Table Note,Value added at factor values
20,100,2010,,Table Note,Value added at factor values
20,100,2011,,Table Note,Value added at factor values
20,100,2012,,Table Note,Value added at factor values
20,100,2013,,Table Note,Value added at factor values
20,100,2013,,Concepts and definitions,Value added includes cost of non-industrial activities.
20,100,2014,,Table Note,Value added at factor values
20,100,2014,,Concepts and definitions,Value added includes cost of non-industrial activities.
20,100,2015,,Table Note,Value added at factor values
20,100,2015,,Concepts and definitions,Value added includes cost of non-industrial activities.
20,100,2016,,Table Note,Value added at factor values
20,100,2016,,Concepts and definitions,Value added includes cost of non-industrial activities.
20,100,2017,,Table Note,Value added at factor values
20,100,2017,,Concepts and definitions,Value added includes cost of non-industrial activities.
20,100,2018,,Table Note,Value added at factor values
20,100,2018,,Concepts and definitions,Value added includes cost of non-industrial activities.
20,100,2019,,Table Note,Value added at factor values
20,100,2019,,Concepts and definitions,Value added includes cost of non-industrial activities.
20,100,2020,,Table Note,Value added at factor values
20,100,2020,,Concepts and definitions,Value added includes cost of non-industrial activities.
,104,,,Deviations from ISIC,Data presented in accordance with ISIC (Revision 4) were originally classified according to the national Myanmar Standard Industrial Classification (MSIC).
,104,,,Related national publications,"Statistical Yearbook (annual); Selected Monthly Economic Indicators, both published by the Central Statistical Organization, Nay Pyi Taw."
,104,,,Source,Administrative data.
,104,,,Data Supplier,"Central Statistical Organization, Nay Pyi Taw."
,104,,,Adjusted for non-response,No.
,104,,,Scope,All government-owned enterprises only.
,104,,,Reference Period,Fiscal year.
,104,2009,,Table Note,Number of enterprises
,104,2010,,Table Note,Number of enterprises
,104,2011,,Table Note,Number of enterprises
,104,2011,,Special note,"Due to the exchange rate system reform in Myanmar, there is an inconsistent local currency/USD exchange rate from year 2012. Therefore, users are advised to bear this in mind when comparing long time series data in USD."
,104,2012,,Table Note,Number of enterprises
,104,2012,,Special note,"Due to the exchange rate system reform in Myanmar, there is an inconsistent local currency/USD exchange rate from year 2012. Therefore, users are advised to bear this in mind when comparing long time series data in USD."
,104,2013,,Table Note,Number of enterprises
,104,2014,,Table Note,Number of enterprises
,104,2014,,Special note,Methodological break in 2014.
,104,2015,,Table Note,Number of enterprises
,104,2016,,Table Note,Number of enterprises
,104,2017,,Table Note,Number of enterprises
,104,2018,,Table Note,Number of enterprises
,104,2019,,Table Note,Number of enterprises
,104,2020,,Table Note,Number of enterprises
20,104,2011,,Special note,"Due to the exchange rate system reform in Myanmar, there is an inconsistent local currency/USD exchange rate from year 2012. Therefore, users are advised to bear this in mind when comparing long time series data in USD."
20,104,2012,,Special note,"Due to the exchange rate system reform in Myanmar, there is an inconsistent local currency/USD exchange rate from year 2012. Therefore, users are advised to bear this in mind when comparing long time series data in USD."
,112,,,Deviations from ISIC,Data presented in ISIC (Revision 4) were originally classified according to NACE (Revision 2.1).
,112,,,Type of enumeration,Complete enumeration.
,112,,,Method of data collection,"Mail questionnaires, online survey."
,112,,,Related national publications,"Statistical Yearbook ""Industry in the Republic of Belarus"", published by National Statistical Committee of the Republic of Belarus, Minsk."
,112,,,Source,Annual survey of registered enterprises.
,112,,,Adjusted for non-response,No.  (Response rate: approximately 100%)
,112,,,Scope,All enterprises.
,112,,,Reference Period,Calendar year.
,112,,,Data Supplier,"National Statistical Committee of the Republic of Belarus, Minsk."
,112,,,Concepts and definitions,"Wages and salaries includes employers' contributions (in respect of their employees) paid to social security, pension and insurance schemes as well as the benefits received by employees under these schemes and severance and termination pay."
,112,,,Concepts and definitions,Wages and salaries was computed by UNIDO from reported monthly average of wages and salaries per employee.
,112,2011,,Table Note,Number of enterprises
,112,2011,,Table Note,Output at basic prices
,112,2012,,Table Note,Number of enterprises
,112,2012,,Table Note,Output at basic prices
,112,2013,,Table Note,Number of enterprises
,112,2013,,Table Note,Output at basic prices
,112,2014,,Table Note,Number of enterprises
,112,2014,,Table Note,Output at basic prices
,112,2015,,Table Note,Number of enterprises
,112,2015,,Table Note,Output at basic prices
,112,2016,,Table Note,Number of enterprises
,112,2016,,Table Note,Output at basic prices
,112,2017,,Table Note,Number of enterprises
,112,2017,,Table Note,Output at basic prices
,112,2018,,Table Note,Number of enterprises
,112,2018,,Table Note,Output at basic prices
,112,2019,,Table Note,Number of enterprises
,112,2019,,Table Note,Output at basic prices
,112,2020,,Table Note,Number of enterprises
,112,2020,,Table Note,Output at basic prices
20,112,2011,,Table Note,Value added at basic prices
20,112,2012,,Table Note,Value added at basic prices
20,112,2013,,Table Note,Value added at basic prices
20,112,2014,,Table Note,Value added at basic prices
20,112,2015,,Table Note,Value added at basic prices
20,112,2016,,Table Note,Value added at basic prices
20,112,2017,,Table Note,Value added at basic prices
20,112,2018,,Table Note,Value added at basic prices
20,112,2019,,Table Note,Value added at basic prices
20,112,2020,,Table Note,Value added at basic prices
,124,,,Method of data collection,Mail questionnaires; electronic questionnaires.
,124,,,Type of enumeration,Sample survey.
,124,,,Source,Annual survey; business register.
,124,,,Reference Period,Fiscal period from 1 April of the reference year to 31 March of the following year.
,124,,,Data Supplier,"Statistics Canada, Ottawa."
,124,,,Scope,"All manufacturing units, however excluding data for Head Offices."
,124,,,Footnote,"Number of Establishments includes statistical locations without employees: those which do not maintain an employee payroll but may have a workforce which consists of contracted workers, family members or business owners. These also include employers who did not have employees in the last 12 months."
,124,,,Footnote,Data for reference year 2021 include estimates with data quality labeled as 'use with caution'.
,124,2004,,Deviations from ISIC,Data presented in ISIC (Revision 4) were originally classified according to the North American Industry Classification System (NAICS) Canada 2002.
,124,2004,,Footnote,"Data were derived from the official website of Statistics Canada, Ottawa."
,124,2004,,Scope,All establishments primarily engaged in manufacturing and logging activities as well as some sales offices and warehouses which support these establishments.
,124,2004,,Footnote,Output data refer to revenue from goods manufactured only.
,124,2005,,Deviations from ISIC,Data presented in ISIC (Revision 4) were originally classified according to the North American Industry Classification System (NAICS) Canada 2002.
,124,2005,,Footnote,"Data were derived from the official website of Statistics Canada, Ottawa."
,124,2005,,Scope,All establishments primarily engaged in manufacturing and logging activities as well as some sales offices and warehouses which support these establishments.
,124,2005,,Footnote,Output data refer to revenue from goods manufactured only.
,124,2006,,Deviations from ISIC,Data presented in ISIC (Revision 4) were originally classified according to the North American Industry Classification System (NAICS) Canada 2002.
,124,2006,,Footnote,"Data were derived from the official website of Statistics Canada, Ottawa."
,124,2006,,Scope,All establishments primarily engaged in manufacturing and logging activities as well as some sales offices and warehouses which support these establishments.
,124,2006,,Footnote,Output data refer to revenue from goods manufactured only.
,124,2007,,Footnote,"Data were derived from the official website of Statistics Canada, Ottawa."
,124,2007,,Deviations from ISIC,Data presented in ISIC (Revision 4) were originally classified according to the North American Industry Classification System (NAICS) Canada 2007.
,124,2007,,Scope,All establishments primarily engaged in manufacturing and logging activities as well as some sales offices and warehouses which support these establishments.
,124,2007,,Footnote,Output data refer to revenue from goods manufactured only.
,124,2008,,Footnote,"Data were derived from the official website of Statistics Canada, Ottawa."
,124,2008,,Deviations from ISIC,Data presented in ISIC (Revision 4) were originally classified according to the North American Industry Classification System (NAICS) Canada 2007.
,124,2008,,Adjusted for non-response,Yes.
,124,2008,,Scope,All establishments primarily engaged in manufacturing and logging activities as well as some sales offices and warehouses which support these establishments.
,124,2008,,Footnote,Output data refer to revenue from goods manufactured only.
,124,2008,,Concepts and definitions,"Wages and salaries includes taxes and social insurance contributions, payable by employees and deducted by employers; it excludes payments in kind such as tips and commissions."
,124,2009,,Deviations from ISIC,Data presented in ISIC (Revision 4) were originally classified according to the North American Industry Classification System (NAICS) Canada 2007.
,124,2009,,Footnote,"Data were derived from the official website of Statistics Canada, Ottawa."
,124,2009,,Scope,All establishments primarily engaged in manufacturing and logging activities as well as some sales offices and warehouses which support these establishments.
,124,2009,,Adjusted for non-response,Yes.
,124,2009,,Footnote,Output data refer to revenue from goods manufactured only.
,124,2009,,Concepts and definitions,"Wages and salaries includes taxes and social insurance contributions, payable by employees and deducted by employers; it excludes payments in kind such as tips and commissions."
,124,2010,,Footnote,"Data were derived from the official website of Statistics Canada, Ottawa."
,124,2010,,Deviations from ISIC,Data presented in ISIC (Revision 4) were originally classified according to the North American Industry Classification System (NAICS) Canada 2007.
,124,2010,,Adjusted for non-response,Yes.
,124,2010,,Scope,All establishments primarily engaged in manufacturing and logging activities as well as some sales offices and warehouses which support these establishments.
,124,2010,,Footnote,Output data refer to revenue from goods manufactured only.
,124,2010,,Concepts and definitions,"Wages and salaries includes taxes and social insurance contributions, payable by employees and deducted by employers; it excludes payments in kind such as tips and commissions."
,124,2011,,Deviations from ISIC,Data presented in ISIC (Revision 4) were originally classified according to the North American Industry Classification System (NAICS) Canada 2007.
,124,2011,,Footnote,"Data were derived from the official website of Statistics Canada, Ottawa."
,124,2011,,Scope,All establishments primarily engaged in manufacturing and logging activities as well as some sales offices and warehouses which support these establishments.
,124,2011,,Adjusted for non-response,Yes.
,124,2011,,Footnote,Output data refer to revenue from goods manufactured only.
,124,2011,,Concepts and definitions,"Wages and salaries includes taxes and social insurance contributions, payable by employees and deducted by employers; it excludes payments in kind such as tips and commissions."
,124,2012,,Deviations from ISIC,Data presented in ISIC (Revision 4) were originally classified according to the North American Industry Classification System (NAICS) Canada 2007.
,124,2012,,Footnote,"Data were derived from the official website of Statistics Canada, Ottawa."
,124,2012,,Special note,"The methodology of the annual survey of manufacturing industries has changed between 2012 and 2013 concerning the non-sampled portion of the population above a pre-determined revenue. Prior to reference period 2013, tax data were used to directly compensate for this part in the estimates, while the new methodology uses the more traditional approach of survey weights to represent it. These weights are representative of the population, and are adjusted using calibration to take into account the tax data for the non-sampled units. This new approach allows to better evaluate the accuracy in the case of small stratums where the bulk of the estimate comes from non-surveyed data. Therefore users are advised to use caution in making comparisons between the two sets of estimates."
,124,2012,,Scope,All establishments primarily engaged in manufacturing and logging activities as well as some sales offices and warehouses which support these establishments.
,124,2012,,Adjusted for non-response,Yes.
,124,2012,,Footnote,Output data refer to revenue from goods manufactured only.
,124,2012,,Concepts and definitions,"Wages and salaries includes taxes and social insurance contributions, payable by employees and deducted by employers; it excludes payments in kind such as tips and commissions."
,124,2013,,Deviations from ISIC,Data presented in ISIC (Revision 4) were originally classified according to the North American Industry Classification System (NAICS) Canada 2012.
,124,2013,,Footnote,"Data were derived from the official website of Statistics Canada, Ottawa."
,124,2013,,Special note,"The methodology of the annual survey of manufacturing industries has changed between 2012 and 2013 concerning the non-sampled portion of the population above a pre-determined revenue. Prior to reference period 2013, tax data were used to directly compensate for this part in the estimates, while the new methodology uses the more traditional approach of survey weights to represent it. These weights are representative of the population, and are adjusted using calibration to take into account the tax data for the non-sampled units. This new approach allows to better evaluate the accuracy in the case of small stratums where the bulk of the estimate comes from non-surveyed data. Therefore users are advised to use caution in making comparisons between the two sets of estimates."
,124,2013,,Adjusted for non-response,Yes.
,124,2013,,Scope,All establishments primarily engaged in manufacturing and logging activities as well as some sales offices and warehouses which support these establishments.
,124,2013,,Footnote,Output data refer to revenue from goods manufactured only.
,124,2013,,Concepts and definitions,"Wages and salaries includes taxes and social insurance contributions, payable by employees and deducted by employers; it excludes payments in kind such as tips and commissions."
,124,2014,,Deviations from ISIC,Data presented in ISIC (Revision 4) were originally classified according to the North American Industry Classification System (NAICS) Canada 2012.
,124,2014,,Scope,All establishments primarily engaged in manufacturing and logging activities as well as some sales offices and warehouses which support these establishments.
,124,2014,,Adjusted for non-response,Yes.
,124,2014,,Footnote,"Data were derived from the official website of Statistics Canada, Ottawa."
,124,2014,,Footnote,Output data refer to revenue from goods manufactured only.
,124,2014,,Concepts and definitions,"Wages and salaries includes taxes and social insurance contributions, payable by employees and deducted by employers; it excludes payments in kind such as tips and commissions."
,124,2015,,Deviations from ISIC,Data presented in ISIC (Revision 4) were originally classified according to the North American Industry Classification System (NAICS) Canada 2012.
,124,2015,,Footnote,"Data were derived from the official website of Statistics Canada, Ottawa."
,124,2015,,Scope,All establishments primarily engaged in manufacturing and logging activities as well as some sales offices and warehouses which support these establishments.
,124,2015,,Adjusted for non-response,Yes.
,124,2015,,Footnote,Output data refer to revenue from goods manufactured only.
,124,2015,,Concepts and definitions,"Wages and salaries includes taxes and social insurance contributions, payable by employees and deducted by employers; it excludes payments in kind such as tips and commissions."
,124,2016,,Deviations from ISIC,Data presented in ISIC (Revision 4) were originally classified according to the North American Industry Classification System (NAICS) Canada 2012.
,124,2016,,Footnote,"Data were derived from the official website of Statistics Canada, Ottawa."
,124,2016,,Adjusted for non-response,Yes.
,124,2016,,Scope,All establishments primarily engaged in manufacturing and logging activities as well as some sales offices and warehouses which support these establishments.
,124,2016,,Footnote,Output data refer to revenue from goods manufactured only.
,124,2016,,Concepts and definitions,"Wages and salaries includes taxes and social insurance contributions, payable by employees and deducted by employers; it excludes payments in kind such as tips and commissions."
,124,2017,,Scope,All establishments primarily engaged in manufacturing and logging activities as well as some sales offices and warehouses which support these establishments.
,124,2017,,Adjusted for non-response,Yes.
,124,2017,,Deviations from ISIC,Data presented in ISIC (Revision 4) were originally classified according to the North American Industry Classification System (NAICS) Canada 2012.
,124,2017,,Footnote,"Data were derived from the official website of Statistics Canada, Ottawa."
,124,2017,,Footnote,Output data refer to revenue from goods manufactured only.
,124,2017,,Concepts and definitions,"Wages and salaries includes taxes and social insurance contributions, payable by employees and deducted by employers; it excludes payments in kind such as tips and commissions."
,124,2018,,Scope,All establishments primarily engaged in manufacturing and logging activities as well as some sales offices and warehouses which support these establishments.
,124,2018,,Adjusted for non-response,Yes.
,124,2018,,Deviations from ISIC,Data presented in ISIC (Revision 4) were originally classified according to the North American Industry Classification System (NAICS) Canada 2012.
,124,2018,,Footnote,"Data were derived from the official website of Statistics Canada, Ottawa."
,124,2018,,Footnote,Output data refer to revenue from goods manufactured only.
,124,2018,,Concepts and definitions,"Wages and salaries includes taxes and social insurance contributions, payable by employees and deducted by employers; it excludes payments in kind such as tips and commissions."
,124,2019,,Adjusted for non-response,Yes.
,124,2019,,Scope,All establishments primarily engaged in manufacturing and logging activities as well as some sales offices and warehouses which support these establishments.
,124,2019,,Deviations from ISIC,Data presented in ISIC (Revision 4) were originally classified according to the North American Industry Classification System (NAICS) Canada 2012.
,124,2019,,Footnote,"Data were derived from the official website of Statistics Canada, Ottawa."
,124,2019,,Footnote,Output data refer to revenue from goods manufactured only.
,124,2019,,Concepts and definitions,"Wages and salaries includes taxes and social insurance contributions, payable by employees and deducted by employers; it excludes payments in kind such as tips and commissions."
,124,2020,,Adjusted for non-response,Yes.
,124,2020,,Footnote,Preliminary data.
,124,2020,,Footnote,"Data were derived from the official website of Statistics Canada, Ottawa."
,124,2020,,Footnote,Data for reference years 2020-2021 include estimates with data quality labeled as 'use with caution'.
,124,2020,,Footnote,Output data refer to revenue from goods manufactured only.
,124,2020,,Deviations from ISIC,Data presented in ISIC (Revision 4) were originally classified according to the North American Industry Classification System (NAICS) Canada 2012.
,124,2020,,Footnote,Preliminary data.
,124,2020,,Footnote,Preliminary data.
,124,2020,,Scope,All establishments primarily engaged in manufacturing and logging activities as well as some sales offices and warehouses which support these establishments.
,124,2020,,Concepts and definitions,"Wages and salaries includes taxes and social insurance contributions, payable by employees and deducted by employers; it excludes payments in kind such as tips and commissions."
20,124,2020,,Footnote,Data for reference years 2020-2021 include estimates with data quality labeled as 'use with caution'.
20,124,2020,,Footnote,Preliminary data.
,132,2014,,Table Note,Number of enterprises
,132,2015,,Table Note,Number of enterprises
,132,2015,,Scope,All enterprises.
,132,2015,,Source,Annual survey.
,132,2015,,Method of data collection,Direct interview in the field.
,132,2015,,Type of enumeration,Complete enumeration.
,132,2015,,Deviations from ISIC,None reported.
,132,2015,,Related national publications,None reported.
,132,2015,,Reference Period,Calendar year.
,132,2015,,Data Supplier,"Instituto Nacional de Estad?stica, Praia."
,132,2015,,Concepts and definitions,No deviations from the standard UN concepts and definitions are reported.
,132,2015,,Adjusted for non-response,Yes (response rate: approximately 97%).
,132,2016,,Table Note,Number of enterprises
,132,2016,,Reference Period,Calendar year.
,132,2016,,Data Supplier,"Instituto Nacional de Estad?stica, Praia."
,132,2016,,Concepts and definitions,No deviations from the standard UN concepts and definitions are reported.
,132,2016,,Adjusted for non-response,Yes (response rate: approximately 97%).
,132,2016,,Type of enumeration,Complete enumeration.
,132,2016,,Deviations from ISIC,None reported.
,132,2016,,Method of data collection,Direct interview in the field.
,132,2016,,Related national publications,None reported.
,132,2016,,Footnote,"For some industries, the number of employees may be less than the number of enterprises owing to the reason that the workforce in those industries consists of personnel such as working proprietors, active business partners, unpaid family workers, etc. that are not included in the count of employees."
,132,2016,,Footnote,A zero (0) indicates that a value is either nil or negligible.
,132,2016,,Scope,All enterprises.
,132,2016,,Source,Annual survey.
,132,2017,,Table Note,Number of enterprises
,132,2017,,Scope,All enterprises.
,132,2017,,Source,Annual survey.
,132,2017,,Reference Period,Calendar year.
,132,2017,,Method of data collection,Direct interview in the field.
,132,2017,,Related national publications,None reported.
,132,2017,,Footnote,"For some industries, the number of employees may be less than the number of enterprises owing to the reason that the workforce in those industries consists of personnel such as working proprietors, active business partners, unpaid family workers, etc. that are not included in the count of employees."
,132,2017,,Footnote,A zero (0) indicates that a value is either nil or negligible.
,132,2017,,Type of enumeration,Complete enumeration.
,132,2017,,Deviations from ISIC,None reported.
,132,2017,,Data Supplier,"Instituto Nacional de Estad?stica, Praia."
,132,2017,,Concepts and definitions,No deviations from the standard UN concepts and definitions are reported.
,132,2017,,Adjusted for non-response,Yes (response rate: approximately 97%).
,144,,,Related national publications,"Annual Survey of Industries, published by the Department of Census and Statistics, Colombo."
,144,,,Deviations from ISIC,None reported.
,144,,,Type of enumeration,Sample survey.
,144,,,Source,Annual survey.
,144,,,Reference Period,Calendar year.
,144,,,Data Supplier,"Department of Census and Statistics, Colombo."
,144,,,Concepts and definitions,Output includes revenues from non-industrial activities.
,144,,,Scope,"Establishments with 25 or more persons engaged; from reference year 2014 onwards, the frame is the register of industrial establishments, which is a product of Economic Census 2013/2014."
,144,,,Adjusted for non-response,Yes (response rate: approximately 60%).
,144,,,Concepts and definitions,"Wages and salaries includes employers' contributions (in respect of their employees) paid to social security, pension and insurance schemes as well as the benefits received by employees under these schemes and severance and termination pay."
,144,2013,,Table Note,Output at basic prices
,144,2013,,Method of data collection,Mail questionnaires; direct interview in the field.
,144,2013,,Special note,A zero (0) indicates that a value is either nil or negligible.
,144,2013,,Footnote,Data refers to number of female persons employed.
,144,2014,,Table Note,Output at basic prices
,144,2014,,Footnote,Data refers to number of female persons employed.
,144,2014,,Method of data collection,Mail questionnaires; direct interview in the field.
,144,2015,,Table Note,Output at basic prices
,144,2015,,Footnote,Data refers to number of female persons employed.
,144,2015,,Method of data collection,Mail questionnaires.
,144,2016,,Table Note,Output at basic prices
,144,2016,,Method of data collection,Mail questionnaires.
,144,2016,,Footnote,Data refers to number of female persons employed.
,144,2017,,Table Note,Output at basic prices
,144,2017,,Footnote,Data refers to number of female persons employed.
,144,2017,,Method of data collection,Mail questionnaires.
,144,2018,,Table Note,Output at basic prices
,144,2018,,Special note,Data were derived from the national publication 'Annual Survey of Industries'.
,144,2018,,Method of data collection,Mail questionnaires.
,144,2018,,Footnote,Data refers to number of female persons employed.
,144,2019,,Table Note,Output at basic prices
,144,2019,,Special note,Data were derived from the national publication 'Annual Survey of Industries'.
,144,2019,,Method of data collection,Mail questionnaires.
,144,2019,,Footnote,Data refers to number of female persons employed.
20,144,2013,,Table Note,Value added at basic prices
20,144,2014,,Table Note,Value added at basic prices
20,144,2015,,Table Note,Value added at basic prices
20,144,2016,,Table Note,Value added at basic prices
20,144,2017,,Table Note,Value added at basic prices
20,144,2018,,Table Note,Value added at basic prices
20,144,2019,,Table Note,Value added at basic prices
,152,,,Footnote,Data derived from OECD database refer to Gross investment in tangible goods only.
,152,,,Method of data collection,Mail questionnaires; online survey.
,152,,,Deviations from ISIC,None reported.
,152,,,Type of enumeration,Not reported.
,152,,,Source,Annual industrial survey; administrative source.
,152,,,Reference Period,Calendar year.
,152,,,Adjusted for non-response,Not reported.
,152,,,Scope,"Before 2017: not report; for 2017, single-unit establishments with 10 or more employees; all establishments belonging to multi-unit companies."
,152,2013,,Table Note,Number of enterprises
,152,2013,,Data Supplier,"Instituto Nacional de Estad?sticas, Santiago.
Industrial statistics for the OECD countries are compiled by the OECD secretariat, which supplies them to UNIDO."
,152,2014,,Table Note,Number of enterprises
,152,2014,,Data Supplier,"Instituto Nacional de Estad?sticas, Santiago.
Industrial statistics for the OECD countries are compiled by the OECD secretariat, which supplies them to UNIDO."
,152,2015,,Table Note,Number of enterprises
,152,2015,,Related national publications,"Encuesta Nacional Industrial Anual, published by the Instituto Nacional de Estad?sticas, Santiago."
,152,2015,,Data Supplier,"Instituto Nacional de Estad?sticas, Santiago.
Industrial statistics for the OECD countries are compiled by the OECD secretariat, which supplies them to UNIDO."
,152,2016,,Table Note,Number of enterprises
,152,2016,,Related national publications,"Encuesta Nacional Industrial Anual, published by the Instituto Nacional de Estad?sticas, Santiago."
,152,2016,,Data Supplier,"Instituto Nacional de Estad?sticas, Santiago.
Industrial statistics for the OECD countries are compiled by the OECD secretariat, which supplies them to UNIDO."
,152,2017,,Footnote,"Data were derived from the official website of Instituto Nacional de Estad?sticas , Santiago."
,152,2017,,Footnote,"Data were derived from the official website of Instituto Nacional de Estad?sticas, Santiago."
,152,2017,,Footnote,"Data were derived from the official website of Instituto Nacional de Estad?sticas, Santiago."
,152,2017,,Footnote,"Data were derived from the official website of Instituto Nacional de Estad?sticas, Santiago."
,152,2017,,Related national publications,"Encuesta Nacional Industrial Anual, published by the Instituto Nacional de Estad?sticas, Santiago."
,152,2017,,Data Supplier,"Instituto Nacional de Estad?sticas, Santiago.
Industrial statistics for the OECD countries are compiled by the OECD secretariat, which supplies them to UNIDO."
20,152,2017,,Footnote,"Data were derived from the official website of Instituto Nacional de Estad?sticas, Santiago."
,156,,,Type of enumeration,Complete enumeration for survey on financial status of industrial enterprises; sampling method for survey on employees and wages.
,156,,,Scope,For survey on financial status of industrial enterprises: industrial enterprises above designated size (annual revenue above 20 million Chinese Yuan); for survey on employees and wages: all non-private enterprises and sample private enterprises in urban areas.
,156,,,Data Supplier,"National Bureau of Statistics, Beijing."
,156,,,Adjusted for non-response,Not reported.
,156,,,Footnote,Output refers to revenue from principal business of selling products and providing labor services.
,156,,,Related national publications,"China Statistical Yearbook (annual), published by the National Bureau of Statistics, Beijing."
,156,,,Footnote,"Data on: (a) Number of enterprises, Output and Gross fixed capital formation were compiled by the Department of Industrial Statistics, National Bureau of Statistics, Beijing.
(b) Number of employees, Number of female employees and Wages were compiled by the Department of Population and Employment Statistics, National Bureau of Statistics, Beijing."
,156,,,Method of data collection,Online survey.
,156,,,Source,Annual surveys.
,156,,,Reference Period,Calendar year.
,156,,,Concepts and definitions,No deviations from the standard UN concepts and definitions are reported.
,156,2008,,Deviations from ISIC,Data presented in accordance with ISIC (Revision 4) were originally classified according to the Industrial Classification of The National Economy (GB/T 4754-2002).
,156,2009,,Deviations from ISIC,Data presented in accordance with ISIC (Revision 4) were originally classified according to the Industrial Classification of The National Economy (GB/T 4754-2002).
,156,2010,,Deviations from ISIC,Data presented in accordance with ISIC (Revision 4) were originally classified according to the Industrial Classification of The National Economy (GB/T 4754-2002).
,156,2011,,Table Note,Number of enterprises
,156,2011,,Deviations from ISIC,Data presented in accordance with ISIC (Revision 4) were originally classified according to the Industrial Classification of The National Economy (GB/T 4754-2002).
,156,2012,,Table Note,Number of enterprises
,156,2012,,Deviations from ISIC,Data presented in accordance with ISIC (Revision 4) were originally classified according to the Industrial Classification of The National Economy (GB/T 4754-2011).
,156,2013,,Table Note,Number of enterprises
,156,2013,,Deviations from ISIC,Data presented in accordance with ISIC (Revision 4) were originally classified according to the Industrial Classification of The National Economy (GB/T 4754-2011).
,156,2014,,Table Note,Number of enterprises
,156,2014,,Deviations from ISIC,Data presented in accordance with ISIC (Revision 4) were originally classified according to the Industrial Classification of The National Economy (GB/T 4754-2011).
,156,2015,,Table Note,Number of enterprises
,156,2015,,Deviations from ISIC,Data presented in accordance with ISIC (Revision 4) were originally classified according to the Industrial Classification of The National Economy (GB/T 4754-2011).
,156,2016,,Table Note,Number of enterprises
,156,2016,,Deviations from ISIC,Data presented in accordance with ISIC (Revision 4) were originally classified according to the Industrial Classification of The National Economy (GB/T 4754-2011).
,156,2017,,Table Note,Number of enterprises
,156,2017,,Deviations from ISIC,Data presented in accordance with ISIC (Revision 4) were originally classified according to the Industrial Classification of The National Economy (GB/T 4754-2011).
,156,2018,,Table Note,Number of enterprises
,156,2018,,Deviations from ISIC,Data presented in accordance with ISIC (Revision 4) were originally classified according to the Industrial Classification of The National Economy (GB/T 4754-2017).
20,156,2008,,Footnote,Data refer to national accounts data derived from the national publication 'China Statistical Yearbook'.
20,156,2009,,Footnote,Data refer to national accounts data derived from the national publication 'China Statistical Yearbook'.
20,156,2010,,Footnote,Data refer to national accounts data derived from the national publication 'China Statistical Yearbook'.
20,156,2011,,Footnote,Data refer to national accounts data derived from the national publication 'China Statistical Yearbook'.
20,156,2012,,Footnote,Data refer to national accounts data derived from the national publication 'China Statistical Yearbook'.
20,156,2013,,Footnote,Data refer to national accounts data derived from the national publication 'China Statistical Yearbook'.
20,156,2014,,Footnote,Data refer to national accounts data derived from the national publication 'China Statistical Yearbook'.
20,156,2015,,Footnote,Data refer to national accounts data derived from the national publication 'China Statistical Yearbook'.
,158,,,Related national publications,"Yearbook of Earnings and Productivity Statistics; National Accounts Yearbook, both published by the Directorate-General of Budget, Accounting and Statistics, Executive Yuan, Taiwan."
,158,,,Type of enumeration,Complete enumeration; sample survey.
,158,,,Deviations from ISIC,Data presented in ISIC (Revision 4) were originally collected according to the national classification system.
,158,,,Special note,"Data were derived from the annual national publications ""Yearbook of Earnings and Productivity Statistics"", ""National Accounts Yearbook"" published in: a. the official website of the Directorate-General of Budget, Accounting and Statistics (DGBAS), Executive Yuan, Taiwan and b. the official website of the Statistical Bureau, Taiwan."
,158,,,Method of data collection,Questionnaires; direct interview in the field.
,158,,,Data Supplier,"Directorate-General of Budget, Accounting and Statistics (DGBAS), Executive Yuan, Taipei."
,158,,,Source,Census.
,158,,,Adjusted for non-response,Not reported.
,158,1995,,Footnote,Data refer to compensation of employees derived from the National Accounts Annual Report.
,158,1995,,Footnote,Output refers to gross output.
,158,1996,,Footnote,Output refers to gross output.
,158,1996,,Footnote,Data refer to compensation of employees derived from the National Accounts Annual Report.
,158,1997,,Footnote,Data refer to compensation of employees derived from the National Accounts Annual Report.
,158,1997,,Footnote,Output refers to gross output.
,158,1998,,Footnote,Data refer to compensation of employees derived from the National Accounts Annual Report.
,158,1998,,Footnote,Output refers to gross output.
,158,1999,,Footnote,Output refers to gross output.
,158,1999,,Footnote,Data refer to compensation of employees derived from the National Accounts Annual Report.
,158,2000,,Footnote,Data refer to compensation of employees derived from the National Accounts Annual Report.
,158,2000,,Footnote,Output refers to gross output.
,158,2001,,Footnote,Output refers to gross output.
,158,2001,,Footnote,Data refer to compensation of employees derived from the National Accounts Annual Report.
,158,2002,,Footnote,Output refers to gross output.
,158,2002,,Footnote,Data refer to compensation of employees derived from the National Accounts Annual Report.
,158,2003,,Footnote,Data refer to compensation of employees derived from the National Accounts Annual Report.
,158,2003,,Footnote,Output refers to gross output.
,158,2004,,Footnote,Output refers to gross output.
,158,2004,,Footnote,Data refer to compensation of employees derived from the National Accounts Annual Report.
,158,2005,,Footnote,Data refer to compensation of employees derived from the National Accounts Annual Report.
,158,2005,,Footnote,Output refers to gross output.
,158,2006,,Footnote,Data refer to compensation of employees derived from the National Accounts Annual Report.
,158,2006,,Footnote,Output refers to gross output.
,158,2007,,Footnote,Output refers to gross output.
,158,2007,,Footnote,Data refer to compensation of employees derived from the National Accounts Annual Report.
,158,2008,,Footnote,Output refers to gross output.
,158,2008,,Footnote,Data refer to compensation of employees derived from the National Accounts Annual Report.
,158,2009,,Footnote,Output refers to gross output.
,158,2009,,Footnote,Data refer to compensation of employees derived from the National Accounts Annual Report.
,158,2010,,Footnote,Output refers to gross output.
,158,2010,,Footnote,Data refer to compensation of employees derived from the National Accounts Annual Report.
,158,2011,,Table Note,Number of enterprises
,158,2011,,Footnote,Data refer to compensation of employees derived from the National Accounts Annual Report.
,158,2011,,Footnote,Output refers to gross output.
,158,2012,,Footnote,Data refer to compensation of employees derived from the National Accounts Annual Report.
,158,2012,,Footnote,Output refers to gross output.
,158,2013,,Footnote,Output refers to gross output.
,158,2013,,Footnote,Data refer to compensation of employees derived from the National Accounts Annual Report.
,158,2014,,Footnote,Data refer to compensation of employees derived from the National Accounts Annual Report.
,158,2014,,Footnote,Output refers to gross output.
,158,2015,,Footnote,Output refers to gross output.
,158,2015,,Footnote,Data refer to compensation of employees derived from the National Accounts Annual Report.
,158,2016,,Footnote,Output refers to gross output.
,158,2016,,Footnote,Data refer to compensation of employees derived from the National Accounts Annual Report.
,158,2017,,Footnote,Data refer to compensation of employees derived from the National Accounts Annual Report.
,158,2017,,Footnote,Output refers to gross output.
,158,2018,,Footnote,Output refers to gross output.
,158,2018,,Footnote,Data refer to compensation of employees derived from the National Accounts Annual Report.
,158,2019,,Footnote,Data refer to compensation of employees derived from the National Accounts Annual Report.
,158,2019,,Footnote,Output refers to gross output.
,158,2020,,Footnote,Data refer to compensation of employees derived from the National Accounts Annual Report.
,158,2020,,Footnote,Output refers to gross output.
20,158,1995,,Footnote,Value added refers to total value added.
20,158,1996,,Footnote,Value added refers to total value added.
20,158,1997,,Footnote,Value added refers to total value added.
20,158,1998,,Footnote,Value added refers to total value added.
20,158,1999,,Footnote,Value added refers to total value added.
20,158,2000,,Footnote,Value added refers to total value added.
20,158,2001,,Footnote,Value added refers to total value added.
20,158,2002,,Footnote,Value added refers to total value added.
20,158,2003,,Footnote,Value added refers to total value added.
20,158,2004,,Footnote,Value added refers to total value added.
20,158,2005,,Footnote,Value added refers to total value added.
20,158,2006,,Footnote,Value added refers to total value added.
20,158,2007,,Footnote,Value added refers to total value added.
20,158,2008,,Footnote,Value added refers to total value added.
20,158,2009,,Footnote,Value added refers to total value added.
20,158,2010,,Footnote,Value added refers to total value added.
20,158,2011,,Footnote,Value added refers to total value added.
20,158,2012,,Footnote,Value added refers to total value added.
20,158,2013,,Footnote,Value added refers to total value added.
20,158,2014,,Footnote,Value added refers to total value added.
20,158,2015,,Footnote,Value added refers to total value added.
20,158,2016,,Footnote,Value added refers to total value added.
20,158,2017,,Footnote,Value added refers to total value added.
20,158,2018,,Footnote,Value added refers to total value added.
20,158,2019,,Footnote,Value added refers to total value added.
20,158,2020,,Footnote,Value added refers to total value added.
,170,,,Source,Annual census/exhaustive survey.
,170,,,Reference Period,Calendar year.
,170,,,Data Supplier,"Departamento Administrativo Nacional de Estad?stica, Bogot?."
,170,,,Scope,Establishments with 10 or more persons engaged.
,170,,,Concepts and definitions,Output excludes value of goods shipped in the same condition as received less the amount paid for these goods and value of fixed assets produced by the unit for its own use.
,170,,,Deviations from ISIC,Data presented in accordance with ISIC (Revision 4) were originally classified according to the national classification system.
,170,,,Related national publications,"Encuesta Mensual Manufacturera (EMM); Muestra Trimestral Manufacturera Regional (MTMR); Encuesta de Desarrollo e Innovaci?n Tecnol?gica (EDIT) Industria, all published by Departamento Administrativo Nacional de Estad?stica, Bogot?."
,170,,,Type of enumeration,Complete enumeration.
,170,,,Method of data collection,Online survey (self entry).
,170,,,Concepts and definitions,Wages and salaries excludes housing and family allowances paid directly by the employer.
,170,2012,,Table Note,Output at basic prices
,170,2012,,Adjusted for non-response,Yes (response rate: approximately 99%).
,170,2013,,Table Note,Output at basic prices
,170,2013,,Adjusted for non-response,Yes (response rate: approximately 99%).
,170,2014,,Table Note,Output at basic prices
,170,2014,,Adjusted for non-response,Yes (response rate: approximately 99%).
,170,2015,,Table Note,Output at basic prices
,170,2015,,Adjusted for non-response,Yes (response rate: approximately 99%).
,170,2016,,Table Note,Output at basic prices
,170,2016,,Adjusted for non-response,Yes (response rate: approximately 99%).
,170,2017,,Table Note,Output at basic prices
,170,2017,,Adjusted for non-response,Yes (response rate: approximately 99%).
,170,2018,,Table Note,Output at basic prices
,170,2018,,Adjusted for non-response,Yes (response rate: approximately 99%).
,170,2019,,Table Note,Output at basic prices
,170,2019,,Adjusted for non-response,Yes (response rate: approximately 99%).
,170,2020,,Table Note,Output at basic prices
,170,2020,,Adjusted for non-response,Yes (response rate: approximately 98%).
20,170,2012,,Table Note,Value added at basic prices
20,170,2013,,Table Note,Value added at basic prices
20,170,2014,,Table Note,Value added at basic prices
20,170,2015,,Table Note,Value added at basic prices
20,170,2016,,Table Note,Value added at basic prices
20,170,2017,,Table Note,Value added at basic prices
20,170,2018,,Table Note,Value added at basic prices
20,170,2019,,Table Note,Value added at basic prices
20,170,2020,,Table Note,Value added at basic prices
,188,,,Scope,Employment data refer to those enterprises with employees working for 20 hours or more per week; Data on Output and Value added refer to all enterprises.
,188,,,Data Supplier,"Instituto Nacional de Estad?stica y Censos; Banco Central de Costa Rica, San Jos?."
,188,,,Related national publications,"Bolet?n anual: Directorio de Empresas y Establecimientos, published by Instituto Nacional de Estad?stica y Censos, San Jos?."
,188,,,Type of enumeration,"Employment data refer to administrative data derived from Directorio de Empresas y Establecimientos -Directory of Companies and Establishments (DEE); Output and value added data were provided by Banco Central de Costa Rica (the Central Bank of Costa Rica), San Jos?."
,188,,,Deviations from ISIC,None reported.
,188,,,Method of data collection,Not reported.
,188,,,Adjusted for non-response,Not reported.
,188,,,Reference Period,Calendar year.
,188,1995,,Table Note,Output at basic prices
,188,1995,,Source,Annual census/exhaustive survey; administrative source.
,188,1996,,Table Note,Output at basic prices
,188,1996,,Source,Annual census/exhaustive survey; administrative source.
,188,1997,,Table Note,Output at basic prices
,188,1997,,Source,Annual census/exhaustive survey; administrative source.
,188,1998,,Table Note,Output at basic prices
,188,1998,,Source,Annual census/exhaustive survey; administrative source.
,188,1999,,Table Note,Output at basic prices
,188,1999,,Source,Annual census/exhaustive survey; administrative source.
,188,2000,,Table Note,Output at basic prices
,188,2000,,Source,Annual census/exhaustive survey; administrative source.
,188,2001,,Table Note,Output at basic prices
,188,2001,,Source,Annual census/exhaustive survey; administrative source.
,188,2002,,Table Note,Output at basic prices
,188,2002,,Source,Annual census/exhaustive survey; administrative source.
,188,2003,,Table Note,Output at basic prices
,188,2003,,Source,Annual census/exhaustive survey; administrative source.
,188,2004,,Table Note,Output at basic prices
,188,2004,,Source,Annual census/exhaustive survey; administrative source.
,188,2005,,Table Note,Number of enterprises
,188,2005,,Table Note,Output at basic prices
,188,2005,,Source,Annual census/exhaustive survey; administrative source.
,188,2006,,Table Note,Number of enterprises
,188,2006,,Table Note,Output at basic prices
,188,2006,,Source,Annual census/exhaustive survey; administrative source.
,188,2007,,Table Note,Number of enterprises
,188,2007,,Table Note,Output at basic prices
,188,2007,,Source,Annual census/exhaustive survey; administrative source.
,188,2008,,Table Note,Number of enterprises
,188,2008,,Table Note,Output at basic prices
,188,2008,,Source,Administrative sources.
,188,2009,,Table Note,Number of enterprises
,188,2009,,Table Note,Output at basic prices
,188,2009,,Source,Administrative sources.
,188,2010,,Table Note,Number of enterprises
,188,2010,,Table Note,Output at basic prices
,188,2010,,Source,Administrative sources.
,188,2011,,Table Note,Number of enterprises
,188,2011,,Table Note,Output at basic prices
,188,2011,,Source,Administrative sources.
,188,2012,,Table Note,Number of enterprises
,188,2012,,Table Note,Output at basic prices
,188,2012,,Source,Administrative sources.
,188,2012,,Footnote,Break between 2012 and 2013.
,188,2013,,Table Note,Number of enterprises
,188,2013,,Table Note,Output at basic prices
,188,2013,,Source,Administrative sources.
,188,2013,,Footnote,Break between 2012 and 2013.
,188,2014,,Table Note,Number of enterprises
,188,2014,,Table Note,Output at basic prices
,188,2014,,Source,Administrative sources.
,188,2015,,Table Note,Number of enterprises
,188,2015,,Table Note,Output at basic prices
,188,2015,,Source,Administrative sources.
,188,2016,,Table Note,Number of enterprises
,188,2016,,Table Note,Output at basic prices
,188,2016,,Source,Administrative sources.
,188,2017,,Table Note,Number of enterprises
,188,2017,,Table Note,Output at basic prices
,188,2017,,Source,Administrative sources.
,188,2018,,Table Note,Number of enterprises
,188,2018,,Table Note,Output at basic prices
,188,2018,,Source,Administrative sources.
,188,2019,,Table Note,Number of enterprises
,188,2019,,Table Note,Output at basic prices
,188,2019,,Source,Administrative sources.
,188,2020,,Table Note,Number of enterprises
,188,2020,,Table Note,Output at basic prices
,188,2020,,Source,Administrative sources.
,188,2020,,Footnote,"Methodological break in 2020 in Employment data:
-Revision in the national economic activity classification resulted the following: some companies became part of another economic activity;
-administrative register was updated in 2020 to include new companies and also those inactive companies that did not have the economic activity code earlier."
,188,2020,,Footnote,"Methodological break in 2020 in Employment data:
-Revision in the national economic activity classification resulted the following: some companies became part of another economic activity;
-administrative register was updated in 2020 to include new companies and also those inactive companies that did not have the economic activity code earlier."
,188,2020,,Footnote,"Methodological break in 2020 in Employment data:
-Revision in the national economic activity classification resulted the following: some companies became part of another economic activity;
-administrative register was updated in 2020 to include new companies and also those inactive companies that did not have the economic activity code earlier."
20,188,1995,,Table Note,Value added at basic prices
20,188,1996,,Table Note,Value added at basic prices
20,188,1997,,Table Note,Value added at basic prices
20,188,1998,,Table Note,Value added at basic prices
20,188,1999,,Table Note,Value added at basic prices
20,188,2000,,Table Note,Value added at basic prices
20,188,2001,,Table Note,Value added at basic prices
20,188,2002,,Table Note,Value added at basic prices
20,188,2003,,Table Note,Value added at basic prices
20,188,2004,,Table Note,Value added at basic prices
20,188,2005,,Table Note,Value added at basic prices
20,188,2006,,Table Note,Value added at basic prices
20,188,2007,,Table Note,Value added at basic prices
20,188,2008,,Table Note,Value added at basic prices
20,188,2009,,Table Note,Value added at basic prices
20,188,2010,,Table Note,Value added at basic prices
20,188,2011,,Table Note,Value added at basic prices
20,188,2012,,Table Note,Value added at basic prices
20,188,2013,,Table Note,Value added at basic prices
20,188,2014,,Table Note,Value added at basic prices
20,188,2015,,Table Note,Value added at basic prices
20,188,2016,,Table Note,Value added at basic prices
20,188,2017,,Table Note,Value added at basic prices
20,188,2018,,Table Note,Value added at basic prices
20,188,2019,,Table Note,Value added at basic prices
20,188,2020,,Table Note,Value added at basic prices
,191,,,Reference Period,Calendar year.
,191,,,Data Supplier,"Croatian Bureau of Statistics, Zagreb."
,191,,,Special note,Croatia adopted the Euro on 1 January 2023. All value data are now presented in Euro. Data relating to earlier years have been converted from its former currency Kuna to Euro using the appropriate irrevocable conversion rate.
,191,,,Deviations from ISIC,"Data presented in ISIC (Revision 4) were originally classified according to the National Classification of Activities, 2007 version (NKD 2007)."
,191,,,Type of enumeration,Complete enumeration.
,191,,,Footnote,"Data on Gross Fixed Capital Formation refer to Gross investment in tangible goods. They include all realized investments in new and existing tangible capital goods during the reference period, having a useful life of more than one year, including non-produced tangible goods such as land."
,191,2008,,Source,Survey on registered establishments.
,191,2008,,Scope,All establishments.
,191,2008,,Related national publications,"Persons in Employment by Sex and Economic Activities; Average Monthly Gross Earnings of Persons in Paid Employment; Statistical Report, all published by the Central Bureau of Statistics of the Republic of Croatia, Zagreb."
,191,2008,,Method of data collection,Mail questionnaires.
,191,2008,,Footnote,"For some industries, the number of employees may be less than the number of establishments owing to the reason that the workforce in those industries consists of personnel such as working proprietors, active business partners, unpaid family workers, etc. that are not included in the count of employees."
,191,2008,,Concepts and definitions,Number of employees is as of 31 March of the reference year.
,191,2008,,Footnote,"Output and Value added refer to administrative data on proxy enterprise equal legal units, compiled according to European Structural Business Statistics standards."
,191,2008,,Footnote,"Gross fixed capital formation refers to investment in industry during the reference year, regardless of the time of payment."
,191,2008,,Concepts and definitions,Figures for wages and salaries were computed by UNIDO from the reported monthly average wages and salaries per employee.
,191,2008,,Concepts and definitions,Number of female employees is as of 31 March of the reference year.
,191,2009,,Scope,All establishments.
,191,2009,,Source,Survey on registered establishments.
,191,2009,,Method of data collection,Mail questionnaires.
,191,2009,,Related national publications,"Persons in Employment by Sex and Economic Activities; Average Monthly Gross Earnings of Persons in Paid Employment; Statistical Report, all published by the Central Bureau of Statistics of the Republic of Croatia, Zagreb."
,191,2009,,Footnote,"For some industries, the number of employees may be less than the number of establishments owing to the reason that the workforce in those industries consists of personnel such as working proprietors, active business partners, unpaid family workers, etc. that are not included in the count of employees."
,191,2009,,Concepts and definitions,Number of employees is as of 31 March of the reference year.
,191,2009,,Footnote,"Output and Value added refer to administrative data on proxy enterprise equal legal units, compiled according to European Structural Business Statistics standards."
,191,2009,,Footnote,"Gross fixed capital formation refers to investment in industry during the reference year, regardless of the time of payment."
,191,2009,,Concepts and definitions,Number of female employees is as of 31 March of the reference year.
,191,2009,,Concepts and definitions,Figures for wages and salaries were computed by UNIDO from the reported monthly average wages and salaries per employee.
,191,2010,,Scope,All establishments.
,191,2010,,Source,Survey on registered establishments.
,191,2010,,Related national publications,"Persons in Employment by Sex and Economic Activities; Average Monthly Gross Earnings of Persons in Paid Employment; Statistical Report, all published by the Central Bureau of Statistics of the Republic of Croatia, Zagreb."
,191,2010,,Method of data collection,Mail questionnaires.
,191,2010,,Concepts and definitions,Number of employees is as of 31 March of the reference year.
,191,2010,,Footnote,"For some industries, the number of employees may be less than the number of establishments owing to the reason that the workforce in those industries consists of personnel such as working proprietors, active business partners, unpaid family workers, etc. that are not included in the count of employees."
,191,2010,,Footnote,"Output and Value added refer to administrative data on proxy enterprise equal legal units, compiled according to European Structural Business Statistics standards."
,191,2010,,Footnote,"Gross fixed capital formation refers to investment in industry during the reference year, regardless of the time of payment."
,191,2010,,Concepts and definitions,Figures for wages and salaries were computed by UNIDO from the reported monthly average wages and salaries per employee.
,191,2010,,Concepts and definitions,Number of female employees is as of 31 March of the reference year.
,191,2011,,Scope,All establishments.
,191,2011,,Source,Survey on registered establishments.
,191,2011,,Method of data collection,Mail questionnaires.
,191,2011,,Related national publications,"Persons in Employment by Sex and Economic Activities; Average Monthly Gross Earnings of Persons in Paid Employment; Statistical Report, all published by the Central Bureau of Statistics of the Republic of Croatia, Zagreb."
,191,2011,,Footnote,"For some industries, the number of employees may be less than the number of establishments owing to the reason that the workforce in those industries consists of personnel such as working proprietors, active business partners, unpaid family workers, etc. that are not included in the count of employees."
,191,2011,,Concepts and definitions,Number of employees is as of 31 March of the reference year.
,191,2011,,Footnote,"Output and Value added refer to administrative data on proxy enterprise equal legal units, compiled according to European Structural Business Statistics standards."
,191,2011,,Footnote,"Gross fixed capital formation refers to investment in industry during the reference year, regardless of the time of payment."
,191,2011,,Concepts and definitions,Figures for wages and salaries were computed by UNIDO from the reported monthly average wages and salaries per employee.
,191,2011,,Concepts and definitions,Number of female employees is as of 31 March of the reference year.
,191,2012,,Scope,All establishments.
,191,2012,,Source,Survey on registered establishments.
,191,2012,,Method of data collection,Mail questionnaires.
,191,2012,,Related national publications,"Persons in Employment by Sex and Economic Activities; Average Monthly Gross Earnings of Persons in Paid Employment; Statistical Report, all published by the Central Bureau of Statistics of the Republic of Croatia, Zagreb."
,191,2012,,Concepts and definitions,Number of employees is as of 31 March of the reference year.
,191,2012,,Footnote,"For some industries, the number of employees may be less than the number of establishments owing to the reason that the workforce in those industries consists of personnel such as working proprietors, active business partners, unpaid family workers, etc. that are not included in the count of employees."
,191,2012,,Footnote,"Output and Value added refer to administrative data on proxy enterprise equal legal units, compiled according to European Structural Business Statistics standards."
,191,2012,,Footnote,"Gross fixed capital formation refers to investment in industry during the reference year, regardless of the time of payment."
,191,2012,,Concepts and definitions,Number of female employees is as of 31 March of the reference year.
,191,2012,,Concepts and definitions,Figures for wages and salaries were computed by UNIDO from the reported monthly average wages and salaries per employee.
,191,2013,,Source,Survey on registered establishments.
,191,2013,,Related national publications,"Persons in Employment by Sex and Economic Activities; Average Monthly Gross Earnings of Persons in Paid Employment; Statistical Report, all published by the Central Bureau of Statistics of the Republic of Croatia, Zagreb."
,191,2013,,Method of data collection,Mail questionnaires.
,191,2013,,Scope,All establishments.
,191,2013,,Concepts and definitions,Number of employees is as of 31 March of the reference year.
,191,2013,,Footnote,"For some industries, the number of employees may be less than the number of establishments owing to the reason that the workforce in those industries consists of personnel such as working proprietors, active business partners, unpaid family workers, etc. that are not included in the count of employees."
,191,2013,,Footnote,"Output and Value added refer to administrative data on proxy enterprise equal legal units, compiled according to European Structural Business Statistics standards."
,191,2013,,Concepts and definitions,Figures for wages and salaries were computed by UNIDO from the reported monthly average wages and salaries per employee.
,191,2013,,Footnote,"Gross fixed capital formation refers to investment in industry during the reference year, regardless of the time of payment."
,191,2013,,Concepts and definitions,Number of female employees is as of 31 March of the reference year.
,191,2014,,Table Note,Number of enterprises
,191,2014,,Source,Administrative data.
,191,2014,,Method of data collection,"Data were derived from financial reports, records of the Tax Administration Office and other administrative sources."
,191,2014,,Scope,All proxy enterprise equal legal units registered in the statistical business register and were active during at least a part of the reference period. A statistical unit is considered to be active if it either had employment or realized turnover or investments. 
,191,2014,,Footnote,"For some industries, the number of employees may be less than the number of enterprises owing to the reason that the workforce in those industries consists of personnel such as working proprietors, active business partners, unpaid family workers, etc. that are not included in the count of employees."
,191,2014,,Footnote,Methodological break in 2014.
,191,2014,,Footnote,Methodological break in 2014.
,191,2014,,Footnote,Wages and salaries is compensation of employees.
,191,2014,,Footnote,Methodological break in 2014.
,191,2014,,Footnote,Methodological break in 2014.
,191,2015,,Table Note,Number of enterprises
,191,2015,,Method of data collection,"Data were derived from financial reports, records of the Tax Administration Office and other administrative sources."
,191,2015,,Footnote,"For some industries, the number of employees may be less than the number of enterprises owing to the reason that the workforce in those industries consists of personnel such as working proprietors, active business partners, unpaid family workers, etc. that are not included in the count of employees."
,191,2015,,Source,Administrative data.
,191,2015,,Scope,All proxy enterprise equal legal units registered in the statistical business register and were active during at least a part of the reference period. A statistical unit is considered to be active if it either had employment or realized turnover or investments. 
,191,2015,,Footnote,Wages and salaries is compensation of employees.
,191,2015,139,Footnote,"The value of sales of tangible goods for ISIC 139 far exceeded the value of corresponding acquisition, resulting in a negative Gross Fixed Capital Formation value."
,191,2016,,Table Note,Number of enterprises
,191,2016,,Source,Administrative data.
,191,2016,,Method of data collection,"Data were derived from financial reports, records of the Tax Administration Office and other administrative sources."
,191,2016,,Scope,All proxy enterprise equal legal units registered in the statistical business register and were active during at least a part of the reference period. A statistical unit is considered to be active if it either had employment or realized turnover or investments. 
,191,2016,,Footnote,"For some industries, the number of employees may be less than the number of enterprises owing to the reason that the workforce in those industries consists of personnel such as working proprietors, active business partners, unpaid family workers, etc. that are not included in the count of employees."
,191,2016,,Footnote,Wages and salaries is compensation of employees.
,191,2017,,Table Note,Number of enterprises
,191,2017,,Method of data collection,"Data were derived from financial reports, records of the Tax Administration Office and other administrative sources."
,191,2017,,Source,Administrative data.
,191,2017,,Scope,All proxy enterprise equal legal units registered in the statistical business register and were active during at least a part of the reference period. A statistical unit is considered to be active if it either had employment or realized turnover or investments. 
,191,2017,,Footnote,"For some industries, the number of employees may be less than the number of enterprises owing to the reason that the workforce in those industries consists of personnel such as working proprietors, active business partners, unpaid family workers, etc. that are not included in the count of employees."
,191,2017,,Footnote,Wages and salaries is compensation of employees.
,191,2018,,Table Note,Number of enterprises
,191,2018,,Method of data collection,"Data were derived from financial reports, records of the Tax Administration Office and other administrative sources."
,191,2018,,Footnote,"For some industries, the number of employees may be less than the number of enterprises owing to the reason that the workforce in those industries consists of personnel such as working proprietors, active business partners, unpaid family workers, etc. that are not included in the count of employees."
,191,2018,,Scope,All proxy enterprise equal legal units registered in the statistical business register and were active during at least a part of the reference period. A statistical unit is considered to be active if it either had employment or realized turnover or investments. 
,191,2018,,Source,Administrative data.
,191,2018,,Footnote,Wages and salaries is compensation of employees.
,191,2019,,Table Note,Number of enterprises
,191,2019,,Method of data collection,"Data were derived from financial reports, records of the Tax Administration Office and other administrative sources."
,191,2019,,Source,Administrative data.
,191,2019,,Scope,All proxy enterprise equal legal units registered in the statistical business register and were active during at least a part of the reference period. A statistical unit is considered to be active if it either had employment or realized turnover or investments. 
,191,2019,,Footnote,"For some industries, the number of employees may be less than the number of enterprises owing to the reason that the workforce in those industries consists of personnel such as working proprietors, active business partners, unpaid family workers, etc. that are not included in the count of employees."
,191,2019,,Footnote,Wages and salaries is compensation of employees.
,191,2020,,Table Note,Number of enterprises
,191,2020,,Source,Administrative data.
,191,2020,,Scope,All proxy enterprise equal legal units registered in the statistical business register and were active during at least a part of the reference period. A statistical unit is considered to be active if it either had employment or realized turnover or investments. 
,191,2020,,Method of data collection,"Data were derived from financial reports, records of the Tax Administration Office and other administrative sources."
,191,2020,,Footnote,"For some industries, the number of employees may be less than the number of enterprises owing to the reason that the workforce in those industries consists of personnel such as working proprietors, active business partners, unpaid family workers, etc. that are not included in the count of employees."
,191,2020,,Footnote,Wages and salaries is compensation of employees.
20,191,2008,,Table Note,Value added at factor values
20,191,2008,,Footnote,"Output and Value added refer to administrative data on proxy enterprise equal legal units, compiled according to European Structural Business Statistics standards."
20,191,2009,,Table Note,Value added at factor values
20,191,2009,,Footnote,"Output and Value added refer to administrative data on proxy enterprise equal legal units, compiled according to European Structural Business Statistics standards."
20,191,2010,,Table Note,Value added at factor values
20,191,2010,,Footnote,"Output and Value added refer to administrative data on proxy enterprise equal legal units, compiled according to European Structural Business Statistics standards."
20,191,2010,309,Footnote,Includes industries with negative value added.
20,191,2011,,Table Note,Value added at factor values
20,191,2011,,Footnote,"Output and Value added refer to administrative data on proxy enterprise equal legal units, compiled according to European Structural Business Statistics standards."
20,191,2012,,Table Note,Value added at factor values
20,191,2012,,Footnote,"Output and Value added refer to administrative data on proxy enterprise equal legal units, compiled according to European Structural Business Statistics standards."
20,191,2013,,Table Note,Value added at factor values
20,191,2013,,Footnote,"Output and Value added refer to administrative data on proxy enterprise equal legal units, compiled according to European Structural Business Statistics standards."
20,191,2014,,Table Note,Value added at factor values
20,191,2015,,Table Note,Value added at factor values
20,191,2016,,Table Note,Value added at factor values
20,191,2017,,Table Note,Value added at factor values
20,191,2018,,Table Note,Value added at factor values
20,191,2019,,Table Note,Value added at factor values
20,191,2020,,Table Note,Value added at factor values
,196,,,Data Supplier,"Statistical Service, Ministry of Finance, Nicosia."
,196,,,Deviations from ISIC,None reported.
,196,,,Footnote,A zero (0) indicates that a value is either nil or negligible.
,196,,,Method of data collection,Direct interview in the field.
,196,,,Related national publications,"Industrial Statistics (annual), published by the Statistical Service, Ministry of Finance, Nicosia."
,196,,,Type of enumeration,Sample survey.
,196,,,Scope,All privately owned enterprises.
,196,,,Reference Period,Calendar year.
,196,,,Source,Industrial survey.
,196,,,Adjusted for non-response,Yes (response rate: approximately 98%).
,196,2008,,Table Note,Number of enterprises
,196,2008,,Table Note,Output at producers' prices
,196,2008,,Footnote,"For some industries, the number of employees may be less than the number of enterprises owing to the reason that the workforce in those industries consists of: a) working proprietors and, b) unpaid family workers that are not included in the count of employees."
,196,2008,,Concepts and definitions,Wages and salaries excludes remuneration for time not worked.
,196,2008,,Concepts and definitions,Output includes revenues from non-industrial activities.
,196,2009,,Table Note,Number of enterprises
,196,2009,,Table Note,Output at producers' prices
,196,2009,,Footnote,"For some industries, the number of employees may be less than the number of enterprises owing to the reason that the workforce in those industries consists of: a) working proprietors and, b) unpaid family workers that are not included in the count of employees."
,196,2009,,Concepts and definitions,Wages and salaries excludes remuneration for time not worked.
,196,2009,,Concepts and definitions,Output includes revenues from non-industrial activities.
,196,2010,,Table Note,Number of enterprises
,196,2010,,Table Note,Output at producers' prices
,196,2010,,Footnote,"For some industries, the number of employees may be less than the number of enterprises owing to the reason that the workforce in those industries consists of: a) working proprietors and, b) unpaid family workers that are not included in the count of employees."
,196,2010,,Concepts and definitions,Wages and salaries excludes remuneration for time not worked.
,196,2010,,Concepts and definitions,Output includes revenues from non-industrial activities.
,196,2011,,Table Note,Number of enterprises
,196,2011,,Table Note,Output at producers' prices
,196,2011,,Footnote,"For some industries, the number of employees may be less than the number of enterprises owing to the reason that the workforce in those industries consists of: a) working proprietors and, b) unpaid family workers that are not included in the count of employees."
,196,2011,,Concepts and definitions,Wages and salaries excludes remuneration for time not worked.
,196,2011,,Concepts and definitions,Output includes revenues from non-industrial activities.
,196,2012,,Table Note,Number of enterprises
,196,2012,,Table Note,Output at producers' prices
,196,2012,,Footnote,"For some industries, the number of employees may be less than the number of enterprises owing to the reason that the workforce in those industries consists of: a) working proprietors and, b) unpaid family workers that are not included in the count of employees."
,196,2012,,Concepts and definitions,Wages and salaries excludes remuneration for time not worked.
,196,2012,,Concepts and definitions,Output includes revenues from non-industrial activities.
,196,2013,,Table Note,Number of enterprises
,196,2013,,Table Note,Output at producers' prices
,196,2013,,Footnote,"For some industries, the number of employees may be less than the number of enterprises owing to the reason that the workforce in those industries consists of: a) working proprietors and, b) unpaid family workers that are not included in the count of employees."
,196,2013,,Concepts and definitions,Wages and salaries excludes remuneration for time not worked.
,196,2013,,Concepts and definitions,Output includes revenues from non-industrial activities.
,196,2014,,Table Note,Number of enterprises
,196,2014,,Table Note,Output at producers' prices
,196,2014,,Footnote,"For some industries, the number of employees may be less than the number of enterprises owing to the reason that the workforce in those industries consists of: a) working proprietors and, b) unpaid family workers that are not included in the count of employees."
,196,2014,,Concepts and definitions,Wages and salaries excludes remuneration for time not worked.
,196,2014,,Concepts and definitions,Output includes revenues from non-industrial activities.
,196,2015,,Table Note,Number of enterprises
,196,2015,,Table Note,Output at producers' prices
,196,2015,,Footnote,"For some industries, the number of employees may be less than the number of enterprises owing to the reason that the workforce in those industries consists of: a) working proprietors and, b) unpaid family workers that are not included in the count of employees."
,196,2015,,Concepts and definitions,Wages and salaries excludes remuneration for time not worked.
,196,2015,,Concepts and definitions,Output includes revenues from non-industrial activities.
,196,2016,,Table Note,Number of enterprises
,196,2016,,Table Note,Output at producers' prices
,196,2016,,Footnote,"For some industries, the number of employees may be less than the number of enterprises owing to the reason that the workforce in those industries consists of: a) working proprietors and, b) unpaid family workers that are not included in the count of employees."
,196,2016,,Concepts and definitions,Wages and salaries excludes remuneration for time not worked.
,196,2016,,Concepts and definitions,Output includes revenues from non-industrial activities.
,196,2017,,Table Note,Number of enterprises
,196,2017,,Table Note,Output at producers' prices
,196,2017,,Footnote,"For some industries, the number of employees may be less than the number of enterprises owing to the reason that the workforce in those industries consists of: a) working proprietors and, b) unpaid family workers that are not included in the count of employees."
,196,2017,,Concepts and definitions,Wages and salaries excludes remuneration for time not worked.
,196,2017,,Concepts and definitions,Output includes revenues from non-industrial activities.
,196,2018,,Table Note,Number of enterprises
,196,2018,,Table Note,Output at producers' prices
,196,2018,,Footnote,"For some industries, the number of employees may be less than the number of enterprises owing to the reason that the workforce in those industries consists of: a) working proprietors and, b) unpaid family workers that are not included in the count of employees."
,196,2018,,Concepts and definitions,Wages and salaries excludes remuneration for time not worked.
,196,2018,,Concepts and definitions,Output includes revenues from non-industrial activities.
,196,2019,,Table Note,Number of enterprises
,196,2019,,Table Note,Output at producers' prices
,196,2019,,Footnote,"For some industries, the number of employees may be less than the number of enterprises owing to the reason that the workforce in those industries consists of: a) working proprietors and, b) unpaid family workers that are not included in the count of employees."
,196,2019,,Concepts and definitions,Wages and salaries excludes remuneration for time not worked.
,196,2019,,Concepts and definitions,Output includes revenues from non-industrial activities.
,196,2020,,Table Note,Number of enterprises
,196,2020,,Table Note,Output at producers' prices
,196,2020,,Footnote,"For some industries, the number of employees may be less than the number of enterprises owing to the reason that the workforce in those industries consists of: a) working proprietors and, b) unpaid family workers that are not included in the count of employees."
,196,2020,,Concepts and definitions,Wages and salaries excludes remuneration for time not worked.
,196,2020,,Concepts and definitions,Output includes revenues from non-industrial activities.
20,196,2008,,Table Note,Value added at producers' prices
20,196,2009,,Table Note,Value added at producers' prices
20,196,2010,,Table Note,Value added at producers' prices
20,196,2011,,Table Note,Value added at producers' prices
20,196,2012,,Table Note,Value added at producers' prices
20,196,2013,,Table Note,Value added at producers' prices
20,196,2014,,Table Note,Value added at producers' prices
20,196,2015,,Table Note,Value added at producers' prices
20,196,2016,,Table Note,Value added at producers' prices
20,196,2017,,Table Note,Value added at producers' prices
20,196,2018,,Table Note,Value added at producers' prices
20,196,2019,,Table Note,Value added at producers' prices
20,196,2020,,Table Note,Value added at producers' prices
,203,,,Scope,All enterprises.
,203,,,Source,Annual survey; administrative data; business register.
,203,,,Reference Period,Calendar year.
,203,,,Concepts and definitions,No deviations from the standard UN concepts and definitions are reported.
,203,,,Adjusted for non-response,Yes.
,203,,,Deviations from ISIC,Data presented in ISIC (Revision 4) were originally classified according to the national NACE-related classification system.
,203,,,Related national publications,"Statistical Yearbook of the Czech Republic, published by the Czech Statistical Office (CSO), Prague."
,203,,,Type of enumeration,Combination of survey and administrative data.
,203,,,Method of data collection,Mainly electronic questionnaire and administrative data.
,203,,,Footnote,"For some industries, the number of employees may be less than the number of enterprises owing to the reason that the workforce in those industries consists of personnel such as working proprietors, unpaid family workers, etc. that are not included in the count of employees."
,203,,,Footnote,Data derived from OECD's or Eurostat's databases refer to Gross investment in tangible goods only.
,203,2005,,Table Note,Number of enterprises
,203,2005,,Data Supplier,"Czech Statistical Office (CSO), Prague. 
Industrial statistics for the OECD countries are compiled by the OECD secretariat, which supplies them to UNIDO."
,203,2006,,Table Note,Number of enterprises
,203,2006,,Data Supplier,"Czech Statistical Office (CSO), Prague. 
Industrial statistics for the OECD countries are compiled by the OECD secretariat, which supplies them to UNIDO."
,203,2007,,Table Note,Number of enterprises
,203,2007,,Data Supplier,"Czech Statistical Office (CSO), Prague. 
Industrial statistics for the OECD countries are compiled by the OECD secretariat, which supplies them to UNIDO."
,203,2008,,Table Note,Number of enterprises
,203,2008,,Data Supplier,"Czech Statistical Office (CSO), Prague. 
Industrial statistics for the OECD countries are compiled by the OECD secretariat, which supplies them to UNIDO."
,203,2009,,Table Note,Number of enterprises
,203,2009,,Data Supplier,"Czech Statistical Office (CSO), Prague. 
Industrial statistics for the OECD countries are compiled by the OECD secretariat, which supplies them to UNIDO."
,203,2010,,Table Note,Number of enterprises
,203,2010,,Data Supplier,"Czech Statistical Office (CSO), Prague. 
Industrial statistics for the OECD countries are compiled by the OECD secretariat, which supplies them to UNIDO."
,203,2011,,Table Note,Number of enterprises
,203,2011,,Data Supplier,"Czech Statistical Office (CSO), Prague. 
Industrial statistics for the OECD countries are compiled by the OECD secretariat, which supplies them to UNIDO."
,203,2012,,Table Note,Number of enterprises
,203,2012,,Data Supplier,"Czech Statistical Office (CSO), Prague. 
Industrial statistics for the OECD countries are compiled by the OECD secretariat, which supplies them to UNIDO."
,203,2013,,Table Note,Number of enterprises
,203,2013,,Data Supplier,"Czech Statistical Office (CSO), Prague. 
Industrial statistics for the OECD countries are compiled by the OECD secretariat, which supplies them to UNIDO."
,203,2014,,Table Note,Number of enterprises
,203,2014,,Data Supplier,"Czech Statistical Office (CSO), Prague. 
Industrial statistics for the OECD countries are compiled by the OECD secretariat, which supplies them to UNIDO."
,203,2015,,Table Note,Number of enterprises
,203,2015,,Table Note,Output at producers' prices
,203,2015,,Data Supplier,"Czech Statistical Office (CZSO), Prague.
Data compiled by UNIDO were derived from Eurostat's structural business statistics (SBS) database."
,203,2016,,Table Note,Number of enterprises
,203,2016,,Table Note,Output at producers' prices
,203,2016,,Data Supplier,"Czech Statistical Office (CZSO), Prague.
Data compiled by UNIDO were derived from Eurostat's structural business statistics (SBS) database."
,203,2017,,Table Note,Number of enterprises
,203,2017,,Table Note,Output at producers' prices
,203,2017,,Data Supplier,"Czech Statistical Office (CZSO), Prague.
Data compiled by UNIDO were derived from Eurostat's structural business statistics (SBS) database."
,203,2018,,Table Note,Number of enterprises
,203,2018,,Table Note,Output at producers' prices
,203,2018,,Data Supplier,"Czech Statistical Office (CZSO), Prague.
Data compiled by UNIDO were derived from Eurostat's structural business statistics (SBS) database."
,203,2019,,Table Note,Number of enterprises
,203,2019,,Table Note,Output at producers' prices
,203,2019,,Data Supplier,"Czech Statistical Office (CZSO), Prague.
Data compiled by UNIDO were derived from Eurostat's structural business statistics (SBS) database."
,203,2020,,Table Note,Number of enterprises
,203,2020,,Table Note,Output at producers' prices
,203,2020,,Data Supplier,"Czech Statistical Office (CZSO), Prague.
Data compiled by UNIDO were derived from Eurostat's structural business statistics (SBS) database."
20,203,2005,,Table Note,Value added at factor values
20,203,2006,,Table Note,Value added at factor values
20,203,2007,,Table Note,Value added at factor values
20,203,2008,,Table Note,Value added at factor values
20,203,2009,,Table Note,Value added at factor values
20,203,2010,,Table Note,Value added at factor values
20,203,2011,,Table Note,Value added at factor values
20,203,2012,,Table Note,Value added at factor values
20,203,2013,,Table Note,Value added at factor values
20,203,2014,,Table Note,Value added at factor values
20,203,2015,,Table Note,Value added at factor values
20,203,2016,,Table Note,Value added at factor values
20,203,2017,,Table Note,Value added at factor values
20,203,2018,,Table Note,Value added at factor values
20,203,2019,,Table Note,Value added at factor values
20,203,2020,,Table Note,Value added at factor values
,208,,,Scope,All enterprises.
,208,,,Reference Period,"Calendar year (most enterprises have a fiscal year following the calendar year, some enterprises have other accounting periods)."
,208,,,Type of enumeration,Combination of survey and administrative data.
,208,,,Deviations from ISIC,Data presented in ISIC (Revision 4) were originally classified according to the national NACE-related classification system.
,208,,,Method of data collection,Electronic questionnaire; collection of annual accounts plus detailed specifications.
,208,,,Related national publications,"Statistical Yearbook of Denmark, published by Statistics Denmark, Copenhagen."
,208,,,Source,Annual survey; administrative data; business register.
,208,,,Concepts and definitions,No deviations from the standard UN concepts and definitions are reported.
,208,,,Adjusted for non-response,Not reported.
,208,,,Footnote,Data derived from OECD's or Eurostat's databases refer to Gross investment in tangible goods only.
,208,2005,,Table Note,Number of enterprises
,208,2005,,Data Supplier,"Statistics Denmark, Copenhagen.
Industrial statistics for the OECD countries are compiled by the OECD secretariat, which supplies them to UNIDO."
,208,2006,,Table Note,Number of enterprises
,208,2006,,Data Supplier,"Statistics Denmark, Copenhagen.
Industrial statistics for the OECD countries are compiled by the OECD secretariat, which supplies them to UNIDO."
,208,2007,,Table Note,Number of enterprises
,208,2007,,Data Supplier,"Statistics Denmark, Copenhagen.
Industrial statistics for the OECD countries are compiled by the OECD secretariat, which supplies them to UNIDO."
,208,2008,,Table Note,Number of enterprises
,208,2008,,Data Supplier,"Statistics Denmark, Copenhagen.
Industrial statistics for the OECD countries are compiled by the OECD secretariat, which supplies them to UNIDO."
,208,2008,,Footnote,"For some industries, the number of employees may be less than the number of enterprises owing to the reason that the workforce in those industries consists of personnel such as working proprietors, unpaid family workers, etc. that are not included in the count of employees."
,208,2009,,Table Note,Number of enterprises
,208,2009,,Data Supplier,"Statistics Denmark, Copenhagen.
Industrial statistics for the OECD countries are compiled by the OECD secretariat, which supplies them to UNIDO."
,208,2009,,Footnote,"For some industries, the number of employees may be less than the number of enterprises owing to the reason that the workforce in those industries consists of personnel such as working proprietors, unpaid family workers, etc. that are not included in the count of employees."
,208,2010,,Table Note,Number of enterprises
,208,2010,,Footnote,"For some industries, the number of employees may be less than the number of enterprises owing to the reason that the workforce in those industries consists of personnel such as working proprietors, unpaid family workers, etc. that are not included in the count of employees."
,208,2010,,Data Supplier,"Statistics Denmark, Copenhagen.
Industrial statistics for the OECD countries are compiled by the OECD secretariat, which supplies them to UNIDO."
,208,2011,,Table Note,Number of enterprises
,208,2011,,Data Supplier,"Statistics Denmark, Copenhagen.
Industrial statistics for the OECD countries are compiled by the OECD secretariat, which supplies them to UNIDO."
,208,2011,,Footnote,"For some industries, the number of employees may be less than the number of enterprises owing to the reason that the workforce in those industries consists of personnel such as working proprietors, unpaid family workers, etc. that are not included in the count of employees."
,208,2012,,Table Note,Number of enterprises
,208,2012,,Data Supplier,"Statistics Denmark, Copenhagen.
Industrial statistics for the OECD countries are compiled by the OECD secretariat, which supplies them to UNIDO."
,208,2012,,Footnote,"For some industries, the number of employees may be less than the number of enterprises owing to the reason that the workforce in those industries consists of personnel such as working proprietors, unpaid family workers, etc. that are not included in the count of employees."
,208,2013,,Table Note,Number of enterprises
,208,2013,,Footnote,"For some industries, the number of employees may be less than the number of enterprises owing to the reason that the workforce in those industries consists of personnel such as working proprietors, unpaid family workers, etc. that are not included in the count of employees."
,208,2013,,Data Supplier,"Statistics Denmark, Copenhagen.
Industrial statistics for the OECD countries are compiled by the OECD secretariat, which supplies them to UNIDO."
,208,2014,,Table Note,Number of enterprises
,208,2014,,Data Supplier,"Statistics Denmark, Copenhagen.
Industrial statistics for the OECD countries are compiled by the OECD secretariat, which supplies them to UNIDO."
,208,2014,,Footnote,"For some industries, the number of employees may be less than the number of enterprises owing to the reason that the workforce in those industries consists of personnel such as working proprietors, unpaid family workers, etc. that are not included in the count of employees."
,208,2015,,Table Note,Number of enterprises
,208,2015,,Table Note,Output at producers' prices
,208,2015,,Data Supplier,"Statistics Denmark, Copenhagen.
Data compiled by UNIDO were derived from Eurostat's structural business statistics (SBS) database."
,208,2015,,Footnote,"For some industries, the number of employees may be less than the number of enterprises owing to the reason that the workforce in those industries consists of personnel such as working proprietors, unpaid family workers, etc. that are not included in the count of employees."
,208,2016,,Table Note,Number of enterprises
,208,2016,,Table Note,Output at producers' prices
,208,2016,,Data Supplier,"Statistics Denmark, Copenhagen.
Data compiled by UNIDO were derived from Eurostat's structural business statistics (SBS) database."
,208,2016,,Footnote,Methodological break in 2016.
,208,2016,,Footnote,"For some industries, the number of employees may be less than the number of enterprises owing to the reason that the workforce in those industries consists of personnel such as working proprietors, unpaid family workers, etc. that are not included in the count of employees."
,208,2016,,Footnote,Methodological break in 2016.
,208,2017,,Table Note,Number of enterprises
,208,2017,,Table Note,Output at producers' prices
,208,2017,,Data Supplier,"Statistics Denmark, Copenhagen.
Data compiled by UNIDO were derived from Eurostat's structural business statistics (SBS) database."
,208,2017,,Footnote,"For some industries, the number of employees may be less than the number of enterprises owing to the reason that the workforce in those industries consists of personnel such as working proprietors, unpaid family workers, etc. that are not included in the count of employees."
,208,2017,,Footnote,Methodological break in 2017.
,208,2018,,Table Note,Number of enterprises
,208,2018,,Table Note,Output at producers' prices
,208,2018,,Data Supplier,"Statistics Denmark, Copenhagen.
Data compiled by UNIDO were derived from Eurostat's structural business statistics (SBS) database."
,208,2018,,Footnote,"For some industries, the number of employees may be less than the number of enterprises owing to the reason that the workforce in those industries consists of personnel such as working proprietors, unpaid family workers, etc. that are not included in the count of employees."
,208,2019,,Table Note,Number of enterprises
,208,2019,,Table Note,Output at producers' prices
,208,2019,,Data Supplier,"Statistics Denmark, Copenhagen.
Data compiled by UNIDO were derived from Eurostat's structural business statistics (SBS) database."
,208,2019,,Footnote,"For some industries, the number of employees may be less than the number of enterprises owing to the reason that the workforce in those industries consists of personnel such as working proprietors, unpaid family workers, etc. that are not included in the count of employees."
,208,2020,,Table Note,Number of enterprises
,208,2020,,Table Note,Output at producers' prices
,208,2020,,Data Supplier,"Statistics Denmark, Copenhagen.
Data compiled by UNIDO were derived from Eurostat's structural business statistics (SBS) database."
,208,2020,,Footnote,"For some industries, the number of employees may be less than the number of enterprises owing to the reason that the workforce in those industries consists of personnel such as working proprietors, unpaid family workers, etc. that are not included in the count of employees."
20,208,2005,,Table Note,Value added at factor values
20,208,2006,,Table Note,Value added at factor values
20,208,2007,,Table Note,Value added at factor values
20,208,2008,,Table Note,Value added at factor values
20,208,2009,,Table Note,Value added at factor values
20,208,2010,,Table Note,Value added at factor values
20,208,2011,,Table Note,Value added at factor values
20,208,2012,,Table Note,Value added at factor values
20,208,2013,,Table Note,Value added at factor values
20,208,2014,,Table Note,Value added at factor values
20,208,2015,,Table Note,Value added at factor values
20,208,2016,,Table Note,Value added at factor values
20,208,2017,,Table Note,Value added at factor values
20,208,2018,,Table Note,Value added at factor values
20,208,2019,,Table Note,Value added at factor values
20,208,2020,,Table Note,Value added at factor values
,214,,,Source,Administrative source.
,214,,,Concepts and definitions,No deviations from the standard UN concepts and definitions are reported.
,214,,,Deviations from ISIC,None reported.
,214,,,Reference Period,Calendar year.
,214,,,Data Supplier,"Oficina Nacional de Estad?stica, Santo Domingo."
,214,2011,,Scope,All economic units registered in the social security system and taxed in the reference year.
,214,2011,,Type of enumeration,Complete enumeration.
,214,2011,,Related national publications,"Resultados generales del Directorio de Empresas y Establecimientos, published by Oficina Nacional de Estad?stica, Santo Domingo."
,214,2012,,Scope,All economic units registered in the social security system and taxed in the reference year.
,214,2012,,Type of enumeration,Complete enumeration.
,214,2012,,Related national publications,"Resultados generales del Directorio de Empresas y Establecimientos, published by Oficina Nacional de Estad?stica, Santo Domingo."
,214,2013,,Scope,All economic units registered in the social security system and taxed in the reference year.
,214,2013,,Related national publications,"Resultados generales del Directorio de Empresas y Establecimientos, published by Oficina Nacional de Estad?stica, Santo Domingo."
,214,2013,,Type of enumeration,Complete enumeration.
,214,2016,,Table Note,Number of persons engaged
,214,2016,,Scope,All economic units registered in the social security system and taxed in the reference year.
,214,2016,,Type of enumeration,Complete enumeration.
,214,2016,,Related national publications,"Resultados generales del Directorio de Empresas y Establecimientos, published by Oficina Nacional de Estad?stica, Santo Domingo."
,214,2017,,Table Note,Number of persons engaged
,214,2017,,Scope,All economic units registered in the social security system and taxed in the reference year.
,214,2017,,Type of enumeration,Complete enumeration.
,214,2017,,Related national publications,"Resultados generales del Directorio de Empresas y Establecimientos, published by Oficina Nacional de Estad?stica, Santo Domingo."
,214,2018,,Table Note,Number of persons engaged
,214,2018,,Scope,All economic units registered in the social security system and taxed in the reference year.
,214,2018,,Related national publications,"Resultados generales del Directorio de Empresas y Establecimientos, published by Oficina Nacional de Estad?stica, Santo Domingo."
,214,2018,,Type of enumeration,Complete enumeration.
,214,2019,,Table Note,Number of persons engaged
,214,2019,,Scope,All economic units registered in the social security system and taxed in the reference year.
,214,2019,,Type of enumeration,Complete enumeration.
,214,2019,,Related national publications,"Resultados generales del Directorio de Empresas y Establecimientos, published by Oficina Nacional de Estad?stica, Santo Domingo."
,214,2020,,Table Note,Number of persons engaged
,214,2020,,Scope,All economic units registered in the social security system and taxed in the reference year.
,214,2020,,Type of enumeration,Complete enumeration.
,214,2020,,Related national publications,"Resultados generales del Directorio de Empresas y Establecimientos, published by Oficina Nacional de Estad?stica, Santo Domingo."
,218,,,Source,Annual survey of registered enterprises.
,218,,,Reference Period,Calendar year.
,218,,,Data Supplier,"Instituto Nacional de Estad?stica y Censos (INEC), Quito."
,218,,,Related national publications,"Encuesta Anual de Manufacturera y Miner?a (annual), published by Instituto Nacional de Estad?stica y Censos (INEC), Quito."
,218,,,Deviations from ISIC,None reported.
,218,,,Method of data collection,Online survey.
,218,,,Concepts and definitions,Wages and salaries refers to direct wages and salaries only.
,218,2010,,Table Note,Number of enterprises
,218,2010,,Table Note,Output at basic prices
,218,2010,,Scope,All enterprises.
,218,2010,,Adjusted for non-response,No. (Response rate: approximately 95%)
,218,2010,,Type of enumeration,Complete enumeration.
,218,2010,,Concepts and definitions,Output includes revenues from non-industrial activities.
,218,2010,,Footnote,Establishments less or equal to 3 are not shown. (Statistical law Art.21)
,218,2011,,Table Note,Number of enterprises
,218,2011,,Table Note,Output at basic prices
,218,2011,,Scope,All enterprises.
,218,2011,,Adjusted for non-response,No. (Response rate: approximately 95%)
,218,2011,,Type of enumeration,Complete enumeration.
,218,2011,,Footnote,Establishments less or equal to 3 are not shown. (Statistical law Art.21)
,218,2011,,Concepts and definitions,Output includes revenues from non-industrial activities.
,218,2012,,Table Note,Number of enterprises
,218,2012,,Table Note,Output at basic prices
,218,2012,,Adjusted for non-response,No. (Response rate: approximately 95%)
,218,2012,,Scope,All enterprises.
,218,2012,,Type of enumeration,Complete enumeration.
,218,2012,,Concepts and definitions,Output includes revenues from non-industrial activities.
,218,2012,,Footnote,Establishments less or equal to 3 are not shown. (Statistical law Art.21)
,218,2013,,Table Note,Number of enterprises
,218,2013,,Table Note,Output at basic prices
,218,2013,,Scope,All enterprises.
,218,2013,,Adjusted for non-response,No. (Response rate: approximately 95%)
,218,2013,,Type of enumeration,Complete enumeration.
,218,2013,,Footnote,Establishments less or equal to 3 are not shown. (Statistical law Art.21)
,218,2013,,Concepts and definitions,Output includes revenues from non-industrial activities.
,218,2014,,Table Note,Number of enterprises
,218,2014,,Table Note,Output at basic prices
,218,2014,,Scope,All enterprises.
,218,2014,,Adjusted for non-response,No. (Response rate: approximately 95%)
,218,2014,,Type of enumeration,Complete enumeration.
,218,2014,,Footnote,Establishments less or equal to 3 are not shown. (Statistical law Art.21)
,218,2014,,Concepts and definitions,Output includes revenues from non-industrial activities.
,218,2015,,Table Note,Number of enterprises
,218,2015,,Table Note,Output at basic prices
,218,2015,,Adjusted for non-response,No. (Response rate: approximately 95%)
,218,2015,,Scope,All enterprises.
,218,2015,,Type of enumeration,Complete enumeration.
,218,2015,,Concepts and definitions,Output includes revenues from non-industrial activities.
,218,2015,,Footnote,Establishments less or equal to 3 are not shown. (Statistical law Art.21)
,218,2015,,Concepts and definitions,"Gross fixed capital formation excludes intellectual property products such as products of R&D, computer software, databases, etc."
,218,2016,,Table Note,Number of enterprises
,218,2016,,Table Note,Output at basic prices
,218,2016,,Footnote,Methodological break in 2016.
,218,2016,,Footnote,Establishments less or equal to 3 are not shown. (Statistical law Art.21)
,218,2016,,Scope,Enterprises with 50 or more employees or with an annual turnover of more than one million USD.
,218,2016,,Adjusted for non-response,No. (Response rate: approximately 95%)
,218,2016,,Type of enumeration,Sample survey.
,218,2016,,Footnote,Methodological break in 2016.
,218,2016,,Concepts and definitions,Output excludes value of industrial work done or industrial services rendered to others and includes revenue from non-industrial activities.
,218,2016,,Footnote,Methodological break in 2016.
,218,2016,,Footnote,Methodological break in 2016.
,218,2016,,Footnote,Methodological break in 2016.
,218,2016,,Footnote,Methodological break in 2016.
,218,2016,,Concepts and definitions,"Gross fixed capital formation excludes intellectual property products such as products of R&D, computer software, databases, etc."
,218,2017,,Table Note,Number of enterprises
,218,2017,,Table Note,Output at basic prices
,218,2017,,Scope,Enterprises with 50 or more employees or with an annual turnover of more than one million USD.
,218,2017,,Type of enumeration,Sample survey.
,218,2017,,Adjusted for non-response,No. (Response rate: approximately 95%)
,218,2017,,Concepts and definitions,Output excludes value of industrial work done or industrial services rendered to others and includes revenue from non-industrial activities.
,218,2017,,Footnote,Establishments less or equal to 3 are not shown. (Statistical law Art.21)
,218,2017,,Concepts and definitions,"Gross fixed capital formation excludes intellectual property products such as products of R&D, computer software, databases, etc."
,218,2018,,Table Note,Number of enterprises
,218,2018,,Table Note,Output at basic prices
,218,2018,,Adjusted for non-response,No. (Response rate: approximately 95%)
,218,2018,,Type of enumeration,Sample survey.
,218,2018,,Scope,Enterprises with 50 or more employees or with an annual turnover of more than one million USD.
,218,2018,,Concepts and definitions,Output excludes value of industrial work done or industrial services rendered to others and includes revenue from non-industrial activities.
,218,2018,,Footnote,Establishments less or equal to 3 are not shown. (Statistical law Art.21)
,218,2018,,Concepts and definitions,"Gross fixed capital formation excludes intellectual property products such as products of R&D, computer software, databases, etc."
,218,2019,,Table Note,Number of enterprises
,218,2019,,Table Note,Output at basic prices
,218,2019,,Scope,Enterprises with 50 or more employees or with an annual turnover of more than one million USD.
,218,2019,,Adjusted for non-response,Yes. (Response rate: approximately 89%)
,218,2019,,Footnote,Establishments less or equal to 3 are not shown. (Statistical law Art.21)
,218,2019,,Type of enumeration,Sample survey.
,218,2019,,Concepts and definitions,Output excludes value of industrial work done or industrial services rendered to others and includes revenue from non-industrial activities.
,218,2019,,Concepts and definitions,"Gross fixed capital formation excludes intellectual property products such as products of R&D, computer software, databases, etc."
,218,2020,,Table Note,Number of enterprises
,218,2020,,Table Note,Output at basic prices
,218,2020,,Scope,Enterprises with 50 or more employees or with an annual turnover of more than one million USD.
,218,2020,,Adjusted for non-response,Yes (response rate: approximately 87%).
,218,2020,,Type of enumeration,Sample survey.
,218,2020,,Concepts and definitions,Output excludes value of industrial work done or industrial services rendered to others and includes revenue from non-industrial activities.
,218,2020,,Footnote,Establishments less or equal to 3 are not shown. (Statistical law Art.21)
,218,2020,,Concepts and definitions,"Gross fixed capital formation excludes intellectual property products such as products of R&D, computer software, databases, etc."
20,218,2010,,Table Note,Value added at basic prices
20,218,2011,,Table Note,Value added at basic prices
20,218,2012,,Table Note,Value added at basic prices
20,218,2013,,Table Note,Value added at basic prices
20,218,2014,,Table Note,Value added at basic prices
20,218,2015,,Table Note,Value added at basic prices
20,218,2016,,Table Note,Value added at basic prices
20,218,2016,,Footnote,Methodological break in 2016.
20,218,2017,,Table Note,Value added at basic prices
20,218,2018,,Table Note,Value added at basic prices
20,218,2019,,Table Note,Value added at basic prices
20,218,2020,,Table Note,Value added at basic prices
,233,,,Scope,All enterprises.
,233,,,Reference Period,Calendar year.
,233,,,Source,Annual survey; administrative source.
,233,,,Adjusted for non-response,Yes.
,233,,,Deviations from ISIC,None reported.
,233,,,Type of enumeration,Sample survey.
,233,,,Related national publications,"Statistical Yearbook of Estonia; Quarterly Bulletin of Statistics, both published by Statistics Estonia, Tallinn."
,233,,,Method of data collection,Online survey.
,233,,,Footnote,Data derived from OECD's or Eurostat's databases refer to Gross investment in tangible goods only.
,233,2008,,Table Note,Number of enterprises
,233,2008,,Table Note,Output at producers' prices
,233,2008,,Data Supplier,"Statistics Estonia, Tallinn."
,233,2008,,Concepts and definitions,"Number of employees includes home workers, paid working proprietors, seasonal workers, apprentices on the pay-roll, persons on strike or on short-term leave."
,233,2008,,Footnote,Data were derived from OECD's databases.
,233,2008,,Concepts and definitions,Wages and salaries is compensation of employees.
,233,2009,,Table Note,Number of enterprises
,233,2009,,Table Note,Output at producers' prices
,233,2009,,Data Supplier,"Statistics Estonia, Tallinn."
,233,2009,,Concepts and definitions,"Number of employees includes home workers, paid working proprietors, seasonal workers, apprentices on the pay-roll, persons on strike or on short-term leave."
,233,2009,,Footnote,Data were derived from OECD's databases.
,233,2009,,Concepts and definitions,Wages and salaries is compensation of employees.
,233,2010,,Table Note,Number of enterprises
,233,2010,,Table Note,Output at producers' prices
,233,2010,,Data Supplier,"Statistics Estonia, Tallinn."
,233,2010,,Concepts and definitions,"Number of employees includes home workers, paid working proprietors, seasonal workers, apprentices on the pay-roll, persons on strike or on short-term leave."
,233,2010,,Footnote,Data were derived from OECD's databases.
,233,2010,,Concepts and definitions,Wages and salaries is compensation of employees.
,233,2011,,Table Note,Number of enterprises
,233,2011,,Table Note,Output at producers' prices
,233,2011,,Data Supplier,"Statistics Estonia, Tallinn."
,233,2011,,Concepts and definitions,"Number of employees includes home workers, paid working proprietors, seasonal workers, apprentices on the pay-roll, persons on strike or on short-term leave."
,233,2011,,Footnote,Data were derived from OECD's databases.
,233,2011,,Concepts and definitions,Wages and salaries is compensation of employees.
,233,2012,,Table Note,Number of enterprises
,233,2012,,Table Note,Output at producers' prices
,233,2012,,Data Supplier,"Statistics Estonia, Tallinn."
,233,2012,,Concepts and definitions,"Number of employees includes home workers, paid working proprietors, seasonal workers, apprentices on the pay-roll, persons on strike or on short-term leave."
,233,2012,,Footnote,"For some industries, the number of employees may be less than the number of enterprises owing to the reason that the workforce in those industries consists of personnel such as working proprietors, unpaid family workers, etc. that are not included in the count of employees."
,233,2012,,Footnote,Data were derived from OECD's databases.
,233,2012,,Concepts and definitions,Wages and salaries is compensation of employees.
,233,2013,,Table Note,Number of enterprises
,233,2013,,Table Note,Output at producers' prices
,233,2013,,Data Supplier,"Statistics Estonia, Tallinn."
,233,2013,,Concepts and definitions,"Number of employees includes home workers, paid working proprietors, seasonal workers, apprentices on the pay-roll, persons on strike or on short-term leave."
,233,2013,,Footnote,"For some industries, the number of employees may be less than the number of enterprises owing to the reason that the workforce in those industries consists of personnel such as working proprietors, unpaid family workers, etc. that are not included in the count of employees."
,233,2013,,Footnote,Data were derived from OECD's databases.
,233,2013,,Concepts and definitions,Wages and salaries is compensation of employees.
,233,2014,,Table Note,Number of enterprises
,233,2014,,Table Note,Output at producers' prices
,233,2014,,Data Supplier,"Statistics Estonia, Tallinn."
,233,2014,,Footnote,A zero (0) indicates that a value is either nil or negligible.
,233,2014,,Footnote,"For some industries, the number of employees may be less than the number of enterprises owing to the reason that the workforce in those industries consists of personnel such as working proprietors, unpaid family workers, etc. that are not included in the count of employees."
,233,2014,,Concepts and definitions,"Number of employees includes home workers, paid working proprietors, seasonal workers, apprentices on the pay-roll, persons on strike or on short-term leave."
,233,2014,,Footnote,Data were derived from OECD's databases.
,233,2014,,Concepts and definitions,Wages and salaries is compensation of employees.
,233,2015,,Table Note,Number of enterprises
,233,2015,,Table Note,Output at producers' prices
,233,2015,,Data Supplier,"Statistics Estonia, Tallinn.
Data compiled by UNIDO were derived from Eurostat's structural business statistics (SBS) database."
,233,2015,,Footnote,"For some industries, the number of employees may be less than the number of enterprises owing to the reason that the workforce in those industries consists of personnel such as working proprietors, unpaid family workers, etc. that are not included in the count of employees."
,233,2015,,Footnote,A zero (0) indicates that a value is either nil or negligible.
,233,2016,,Table Note,Number of enterprises
,233,2016,,Table Note,Output at producers' prices
,233,2016,,Data Supplier,"Statistics Estonia, Tallinn.
Data compiled by UNIDO were derived from Eurostat's structural business statistics (SBS) database."
,233,2016,,Footnote,A zero (0) indicates that a value is either nil or negligible.
,233,2016,,Footnote,"For some industries, the number of employees may be less than the number of enterprises owing to the reason that the workforce in those industries consists of personnel such as working proprietors, unpaid family workers, etc. that are not included in the count of employees."
,233,2017,,Table Note,Number of enterprises
,233,2017,,Table Note,Output at producers' prices
,233,2017,,Data Supplier,"Statistics Estonia, Tallinn.
Data compiled by UNIDO were derived from Eurostat's structural business statistics (SBS) database."
,233,2017,,Footnote,A zero (0) indicates that a value is either nil or negligible.
,233,2017,,Footnote,"For some industries, the number of employees may be less than the number of enterprises owing to the reason that the workforce in those industries consists of personnel such as working proprietors, unpaid family workers, etc. that are not included in the count of employees."
,233,2018,,Table Note,Number of enterprises
,233,2018,,Table Note,Output at producers' prices
,233,2018,,Data Supplier,"Statistics Estonia, Tallinn.
Data compiled by UNIDO were derived from Eurostat's structural business statistics (SBS) database."
,233,2018,,Special note,Methodological break in 2018.
,233,2018,,Footnote,"For some industries, the number of employees may be less than the number of enterprises owing to the reason that the workforce in those industries consists of personnel such as working proprietors, unpaid family workers, etc. that are not included in the count of employees."
,233,2018,,Footnote,A zero (0) indicates that a value is either nil or negligible.
,233,2019,,Table Note,Number of enterprises
,233,2019,,Table Note,Output at producers' prices
,233,2019,,Data Supplier,"Statistics Estonia, Tallinn.
Data compiled by UNIDO were derived from Eurostat's structural business statistics (SBS) database."
,233,2019,,Footnote,A zero (0) indicates that a value is either nil or negligible.
,233,2019,,Footnote,"For some industries, the number of employees may be less than the number of enterprises owing to the reason that the workforce in those industries consists of personnel such as working proprietors, unpaid family workers, etc. that are not included in the count of employees."
,233,2020,,Table Note,Number of enterprises
,233,2020,,Table Note,Output at producers' prices
,233,2020,,Data Supplier,"Statistics Estonia, Tallinn.
Data compiled by UNIDO were derived from Eurostat's structural business statistics (SBS) database."
,233,2020,,Footnote,"For some industries, the number of employees may be less than the number of enterprises owing to the reason that the workforce in those industries consists of personnel such as working proprietors, unpaid family workers, etc. that are not included in the count of employees."
,233,2020,,Footnote,A zero (0) indicates that a value is either nil or negligible.
20,233,2008,,Table Note,Value added at factor values
20,233,2009,,Table Note,Value added at factor values
20,233,2010,,Table Note,Value added at factor values
20,233,2011,,Table Note,Value added at factor values
20,233,2012,,Table Note,Value added at factor values
20,233,2013,,Table Note,Value added at factor values
20,233,2013,201,Footnote,Includes industries with negative value added.
20,233,2014,,Table Note,Value added at factor values
20,233,2015,,Table Note,Value added at factor values
20,233,2016,,Table Note,Value added at factor values
20,233,2017,,Table Note,Value added at factor values
20,233,2018,,Table Note,Value added at factor values
20,233,2019,,Table Note,Value added at factor values
20,233,2020,,Table Note,Value added at factor values
,242,2005,,Scope,All establishments.
,242,2005,,Source,Annual survey on registered establishments.
,242,2005,,Data Supplier,"Bureau of Statistics, Suva."
,242,2005,,Reference Period,"Calendar year; however, data given for a financial year are accepted and incorporated into the calendar year which covered the major part."
,242,2005,,Concepts and definitions,No deviations from the standard UN concepts and definitions are reported.
,242,2005,,Adjusted for non-response,Yes.
,242,2005,,Type of enumeration,Complete enumeration.
,242,2005,,Related national publications,"Economic Surveys Series, published by the Fiji Bureau of Statistics, Suva."
,242,2005,,Method of data collection,Data are collected by mail/online questionnaires and field enumerators.
,242,2005,,Deviations from ISIC,Data for 2005-2007 were originally classified according to the 2004 Fiji Industrial Classification System; data as of 2008 were originally classified according to the 2010 Fiji Classification System.
,242,2006,,Source,Annual survey on registered establishments.
,242,2006,,Scope,All establishments.
,242,2006,,Data Supplier,"Bureau of Statistics, Suva."
,242,2006,,Reference Period,"Calendar year; however, data given for a financial year are accepted and incorporated into the calendar year which covered the major part."
,242,2006,,Concepts and definitions,No deviations from the standard UN concepts and definitions are reported.
,242,2006,,Adjusted for non-response,Yes.
,242,2006,,Type of enumeration,Complete enumeration.
,242,2006,,Method of data collection,Data are collected by mail/online questionnaires and field enumerators.
,242,2006,,Deviations from ISIC,Data for 2005-2007 were originally classified according to the 2004 Fiji Industrial Classification System; data as of 2008 were originally classified according to the 2010 Fiji Classification System.
,242,2006,,Related national publications,"Economic Surveys Series, published by the Fiji Bureau of Statistics, Suva."
,242,2007,,Data Supplier,"Bureau of Statistics, Suva."
,242,2007,,Reference Period,"Calendar year; however, data given for a financial year are accepted and incorporated into the calendar year which covered the major part."
,242,2007,,Concepts and definitions,No deviations from the standard UN concepts and definitions are reported.
,242,2007,,Scope,All establishments.
,242,2007,,Source,Annual survey on registered establishments.
,242,2007,,Adjusted for non-response,Yes.
,242,2007,,Related national publications,"Economic Surveys Series, published by the Fiji Bureau of Statistics, Suva."
,242,2007,,Type of enumeration,Complete enumeration.
,242,2007,,Method of data collection,Data are collected by mail/online questionnaires and field enumerators.
,242,2007,,Deviations from ISIC,Data for 2005-2007 were originally classified according to the 2004 Fiji Industrial Classification System; data as of 2008 were originally classified according to the 2010 Fiji Classification System.
,242,2008,,Scope,All establishments.
,242,2008,,Source,Annual survey on registered establishments.
,242,2008,,Reference Period,"Calendar year; however, data given for a financial year are accepted and incorporated into the calendar year which covered the major part."
,242,2008,,Concepts and definitions,No deviations from the standard UN concepts and definitions are reported.
,242,2008,,Adjusted for non-response,Yes.
,242,2008,,Data Supplier,"Bureau of Statistics, Suva."
,242,2008,,Type of enumeration,Complete enumeration.
,242,2008,,Method of data collection,Data are collected by mail/online questionnaires and field enumerators.
,242,2008,,Deviations from ISIC,Data for 2005-2007 were originally classified according to the 2004 Fiji Industrial Classification System; data as of 2008 were originally classified according to the 2010 Fiji Classification System.
,242,2008,,Related national publications,"Economic Surveys Series, published by the Fiji Bureau of Statistics, Suva."
,242,2009,,Scope,All establishments.
,242,2009,,Source,Annual survey on registered establishments.
,242,2009,,Method of data collection,Data are collected by mail/online questionnaires and field enumerators.
,242,2009,,Deviations from ISIC,Data for 2005-2007 were originally classified according to the 2004 Fiji Industrial Classification System; data as of 2008 were originally classified according to the 2010 Fiji Classification System.
,242,2009,,Data Supplier,"Bureau of Statistics, Suva."
,242,2009,,Reference Period,"Calendar year; however, data given for a financial year are accepted and incorporated into the calendar year which covered the major part."
,242,2009,,Concepts and definitions,No deviations from the standard UN concepts and definitions are reported.
,242,2009,,Adjusted for non-response,Yes.
,242,2009,,Type of enumeration,Complete enumeration.
,242,2009,,Related national publications,"Economic Surveys Series, published by the Fiji Bureau of Statistics, Suva."
,242,2010,,Scope,All establishments.
,242,2010,,Data Supplier,"Bureau of Statistics, Suva."
,242,2010,,Reference Period,"Calendar year; however, data given for a financial year are accepted and incorporated into the calendar year which covered the major part."
,242,2010,,Source,Annual survey on registered establishments.
,242,2010,,Concepts and definitions,No deviations from the standard UN concepts and definitions are reported.
,242,2010,,Adjusted for non-response,Yes.
,242,2010,,Type of enumeration,Complete enumeration.
,242,2010,,Method of data collection,Data are collected by mail/online questionnaires and field enumerators.
,242,2010,,Deviations from ISIC,Data for 2005-2007 were originally classified according to the 2004 Fiji Industrial Classification System; data as of 2008 were originally classified according to the 2010 Fiji Classification System.
,242,2010,,Related national publications,"Economic Surveys Series, published by the Fiji Bureau of Statistics, Suva."
,242,2011,,Scope,All establishments.
,242,2011,,Data Supplier,"Bureau of Statistics, Suva."
,242,2011,,Reference Period,"Calendar year; however, data given for a financial year are accepted and incorporated into the calendar year which covered the major part."
,242,2011,,Concepts and definitions,No deviations from the standard UN concepts and definitions are reported.
,242,2011,,Source,Annual survey on registered establishments.
,242,2011,,Adjusted for non-response,Yes.
,242,2011,,Related national publications,"Economic Surveys Series, published by the Fiji Bureau of Statistics, Suva."
,242,2011,,Type of enumeration,Complete enumeration.
,242,2011,,Method of data collection,Data are collected by mail/online questionnaires and field enumerators.
,242,2011,,Deviations from ISIC,Data for 2005-2007 were originally classified according to the 2004 Fiji Industrial Classification System; data as of 2008 were originally classified according to the 2010 Fiji Classification System.
,242,2012,,Scope,All establishments.
,242,2012,,Source,Annual survey on registered establishments.
,242,2012,,Reference Period,"Calendar year; however, data given for a financial year are accepted and incorporated into the calendar year which covered the major part."
,242,2012,,Concepts and definitions,No deviations from the standard UN concepts and definitions are reported.
,242,2012,,Adjusted for non-response,Yes.
,242,2012,,Data Supplier,"Bureau of Statistics, Suva."
,242,2012,,Type of enumeration,Complete enumeration.
,242,2012,,Method of data collection,Data are collected by mail/online questionnaires and field enumerators.
,242,2012,,Deviations from ISIC,Data for 2005-2007 were originally classified according to the 2004 Fiji Industrial Classification System; data as of 2008 were originally classified according to the 2010 Fiji Classification System.
,242,2012,,Related national publications,"Economic Surveys Series, published by the Fiji Bureau of Statistics, Suva."
,242,2013,,Scope,All establishments.
,242,2013,,Source,Annual survey on registered establishments.
,242,2013,,Data Supplier,"Bureau of Statistics, Suva."
,242,2013,,Reference Period,"Calendar year; however, data given for a financial year are accepted and incorporated into the calendar year which covered the major part."
,242,2013,,Concepts and definitions,No deviations from the standard UN concepts and definitions are reported.
,242,2013,,Method of data collection,Data are collected by mail/online questionnaires and field enumerators.
,242,2013,,Deviations from ISIC,Data for 2005-2007 were originally classified according to the 2004 Fiji Industrial Classification System; data as of 2008 were originally classified according to the 2010 Fiji Classification System.
,242,2013,,Adjusted for non-response,Yes.
,242,2013,,Type of enumeration,Complete enumeration.
,242,2013,,Related national publications,"Economic Surveys Series, published by the Fiji Bureau of Statistics, Suva."
,242,2014,,Scope,All establishments.
,242,2014,,Data Supplier,"Bureau of Statistics, Suva."
,242,2014,,Reference Period,"Calendar year; however, data given for a financial year are accepted and incorporated into the calendar year which covered the major part."
,242,2014,,Concepts and definitions,No deviations from the standard UN concepts and definitions are reported.
,242,2014,,Adjusted for non-response,Yes.
,242,2014,,Related national publications,"Economic Surveys Series, published by the Fiji Bureau of Statistics, Suva."
,242,2014,,Source,Annual survey on registered establishments.
,242,2014,,Type of enumeration,Complete enumeration.
,242,2014,,Method of data collection,Data are collected by mail/online questionnaires and field enumerators.
,242,2014,,Deviations from ISIC,Data for 2005-2007 were originally classified according to the 2004 Fiji Industrial Classification System; data as of 2008 were originally classified according to the 2010 Fiji Classification System.
,242,2015,,Source,Annual survey on registered establishments.
,242,2015,,Type of enumeration,Complete enumeration.
,242,2015,,Method of data collection,Data are collected by mail/online questionnaires and field enumerators.
,242,2015,,Deviations from ISIC,Data for 2005-2007 were originally classified according to the 2004 Fiji Industrial Classification System; data as of 2008 were originally classified according to the 2010 Fiji Classification System.
,242,2015,,Scope,All establishments.
,242,2015,,Data Supplier,"Bureau of Statistics, Suva."
,242,2015,,Reference Period,"Calendar year; however, data given for a financial year are accepted and incorporated into the calendar year which covered the major part."
,242,2015,,Concepts and definitions,No deviations from the standard UN concepts and definitions are reported.
,242,2015,,Adjusted for non-response,Yes.
,242,2015,,Related national publications,"Economic Surveys Series, published by the Fiji Bureau of Statistics, Suva."
,242,2016,,Scope,All establishments.
,242,2016,,Source,Annual survey on registered establishments.
,242,2016,,Concepts and definitions,No deviations from the standard UN concepts and definitions are reported.
,242,2016,,Adjusted for non-response,Yes.
,242,2016,,Data Supplier,"Bureau of Statistics, Suva."
,242,2016,,Reference Period,"Calendar year; however, data given for a financial year are accepted and incorporated into the calendar year which covered the major part."
,242,2016,,Type of enumeration,Complete enumeration.
,242,2016,,Method of data collection,Data are collected by mail/online questionnaires and field enumerators.
,242,2016,,Deviations from ISIC,Data for 2005-2007 were originally classified according to the 2004 Fiji Industrial Classification System; data as of 2008 were originally classified according to the 2010 Fiji Classification System.
,242,2016,,Related national publications,"Economic Surveys Series, published by the Fiji Bureau of Statistics, Suva."
,242,2017,,Scope,All establishments.
,242,2017,,Source,Annual survey on registered establishments.
,242,2017,,Data Supplier,"Bureau of Statistics, Suva."
,242,2017,,Reference Period,"Calendar year; however, data given for a financial year are accepted and incorporated into the calendar year which covered the major part."
,242,2017,,Concepts and definitions,No deviations from the standard UN concepts and definitions are reported.
,242,2017,,Adjusted for non-response,Yes.
,242,2017,,Method of data collection,Data are collected by mail/online questionnaires and field enumerators.
,242,2017,,Deviations from ISIC,Data for 2005-2007 were originally classified according to the 2004 Fiji Industrial Classification System; data as of 2008 were originally classified according to the 2010 Fiji Classification System.
,242,2017,,Type of enumeration,Complete enumeration.
,242,2017,,Related national publications,"Economic Surveys Series, published by the Fiji Bureau of Statistics, Suva."
,242,2018,,Scope,All establishments.
,242,2018,,Source,Annual survey on registered establishments.
,242,2018,,Data Supplier,"Bureau of Statistics, Suva."
,242,2018,,Reference Period,"Calendar year; however, data given for a financial year are accepted and incorporated into the calendar year which covered the major part."
,242,2018,,Concepts and definitions,No deviations from the standard UN concepts and definitions are reported.
,242,2018,,Adjusted for non-response,Yes.
,242,2018,,Related national publications,"Economic Surveys Series, published by the Fiji Bureau of Statistics, Suva."
,242,2018,,Type of enumeration,Complete enumeration.
,242,2018,,Method of data collection,Data are collected by mail/online questionnaires and field enumerators.
,242,2018,,Deviations from ISIC,Data for 2005-2007 were originally classified according to the 2004 Fiji Industrial Classification System; data as of 2008 were originally classified according to the 2010 Fiji Classification System.
,242,2019,,Source,Annual survey on registered establishments.
,242,2019,,Adjusted for non-response,Yes.
,242,2019,,Scope,All establishments.
,242,2019,,Data Supplier,"Bureau of Statistics, Suva."
,242,2019,,Reference Period,"Calendar year; however, data given for a financial year are accepted and incorporated into the calendar year which covered the major part."
,242,2019,,Concepts and definitions,No deviations from the standard UN concepts and definitions are reported.
,242,2019,,Type of enumeration,Complete enumeration.
,242,2019,,Method of data collection,Data are collected by mail/online questionnaires and field enumerators.
,242,2019,,Deviations from ISIC,Data for 2005-2007 were originally classified according to the 2004 Fiji Industrial Classification System; data as of 2008 were originally classified according to the 2010 Fiji Classification System.
,242,2019,,Special note,Data were derived from the national publication 'Economic surveys: Manufacturing'.
,242,2019,,Related national publications,"Economic Surveys Series, published by the Fiji Bureau of Statistics, Suva."
,246,,,Footnote,A zero (0) indicates that a value is either nil or negligible.
,246,,,Deviations from ISIC,Data presented in ISIC (Revision 4) were originally classified according to the national NACE-related classification system.
,246,,,Method of data collection,Mainly electronic questionnaire and administrative data.
,246,,,Source,Annual survey; administrative data; business register.
,246,,,Scope,All enterprises.
,246,,,Reference Period,Calendar year.
,246,,,Adjusted for non-response,Not reported.
,246,,,Footnote,Data derived from OECD's or Eurostat's databases refer to Gross investment in tangible goods only.
,246,2005,,Table Note,Number of enterprises
,246,2005,,Data Supplier,"Statistics Finland, Helsinki.  
Industrial statistics for the OECD countries are compiled by the OECD secretariat, which supplies them to UNIDO."
,246,2006,,Table Note,Number of enterprises
,246,2006,,Data Supplier,"Statistics Finland, Helsinki.  
Industrial statistics for the OECD countries are compiled by the OECD secretariat, which supplies them to UNIDO."
,246,2007,,Table Note,Number of enterprises
,246,2007,,Data Supplier,"Statistics Finland, Helsinki.  
Industrial statistics for the OECD countries are compiled by the OECD secretariat, which supplies them to UNIDO."
,246,2008,,Table Note,Number of enterprises
,246,2008,,Related national publications,None reported.
,246,2008,,Type of enumeration,The survey is used for enterprises with twenty or more employees; administrative financial data from the tax authorities are used for enterprises below that threshold; the business register provides information on the principal activity and employment in enterprises not surveyed.
,246,2008,,Data Supplier,"Statistics Finland, Helsinki.  
Industrial statistics for the OECD countries are compiled by the OECD secretariat, which supplies them to UNIDO."
,246,2008,,Footnote,"For some industries, the number of employees may be less than the number of enterprises owing to the reason that the workforce in those industries consists of personnel such as working proprietors, unpaid family workers, etc. that are not included in the count of employees."
,246,2009,,Table Note,Number of enterprises
,246,2009,,Related national publications,None reported.
,246,2009,,Type of enumeration,The survey is used for enterprises with twenty or more employees; administrative financial data from the tax authorities are used for enterprises below that threshold; the business register provides information on the principal activity and employment in enterprises not surveyed.
,246,2009,,Data Supplier,"Statistics Finland, Helsinki.  
Industrial statistics for the OECD countries are compiled by the OECD secretariat, which supplies them to UNIDO."
,246,2009,,Footnote,"For some industries, the number of employees may be less than the number of enterprises owing to the reason that the workforce in those industries consists of personnel such as working proprietors, unpaid family workers, etc. that are not included in the count of employees."
,246,2010,,Table Note,Number of enterprises
,246,2010,,Type of enumeration,The survey is used for enterprises with twenty or more employees; administrative financial data from the tax authorities are used for enterprises below that threshold; the business register provides information on the principal activity and employment in enterprises not surveyed.
,246,2010,,Related national publications,None reported.
,246,2010,,Data Supplier,"Statistics Finland, Helsinki.  
Industrial statistics for the OECD countries are compiled by the OECD secretariat, which supplies them to UNIDO."
,246,2010,,Footnote,"For some industries, the number of employees may be less than the number of enterprises owing to the reason that the workforce in those industries consists of personnel such as working proprietors, unpaid family workers, etc. that are not included in the count of employees."
,246,2011,,Table Note,Number of enterprises
,246,2011,,Related national publications,None reported.
,246,2011,,Type of enumeration,The survey is used for enterprises with twenty or more employees; administrative financial data from the tax authorities are used for enterprises below that threshold; the business register provides information on the principal activity and employment in enterprises not surveyed.
,246,2011,,Data Supplier,"Statistics Finland, Helsinki.  
Industrial statistics for the OECD countries are compiled by the OECD secretariat, which supplies them to UNIDO."
,246,2011,,Footnote,"For some industries, the number of employees may be less than the number of enterprises owing to the reason that the workforce in those industries consists of personnel such as working proprietors, unpaid family workers, etc. that are not included in the count of employees."
,246,2012,,Table Note,Number of enterprises
,246,2012,,Related national publications,None reported.
,246,2012,,Type of enumeration,The survey is used for enterprises with twenty or more employees; administrative financial data from the tax authorities are used for enterprises below that threshold; the business register provides information on the principal activity and employment in enterprises not surveyed.
,246,2012,,Data Supplier,"Statistics Finland, Helsinki.  
Industrial statistics for the OECD countries are compiled by the OECD secretariat, which supplies them to UNIDO."
,246,2012,,Footnote,"For some industries, the number of employees may be less than the number of enterprises owing to the reason that the workforce in those industries consists of personnel such as working proprietors, unpaid family workers, etc. that are not included in the count of employees."
,246,2013,,Table Note,Number of enterprises
,246,2013,,Special note,Methodological break in 2013.
,246,2013,,Data Supplier,"Statistics Finland, Helsinki.  
Industrial statistics for the OECD countries are compiled by the OECD secretariat, which supplies them to UNIDO."
,246,2013,,Type of enumeration,Combination of survey and administrative data.
,246,2013,,Related national publications,"Structural business and financial statement statistics, published by Statistics Finland, Helsinki."
,246,2013,,Footnote,"For some industries, the number of employees may be less than the number of enterprises owing to the reason that the workforce in those industries consists of personnel such as working proprietors, unpaid family workers, etc. that are not included in the count of employees."
,246,2014,,Table Note,Number of enterprises
,246,2014,,Data Supplier,"Statistics Finland, Helsinki.  
Industrial statistics for the OECD countries are compiled by the OECD secretariat, which supplies them to UNIDO."
,246,2014,,Related national publications,"Structural business and financial statement statistics, published by Statistics Finland, Helsinki."
,246,2014,,Type of enumeration,Combination of survey and administrative data.
,246,2014,,Footnote,"For some industries, the number of employees may be less than the number of enterprises owing to the reason that the workforce in those industries consists of personnel such as working proprietors, unpaid family workers, etc. that are not included in the count of employees."
,246,2015,,Table Note,Number of enterprises
,246,2015,,Table Note,Output at producers' prices
,246,2015,,Data Supplier,"Statistics Finland, Helsinki. 
Data compiled by UNIDO were derived from Eurostat's structural business statistics (SBS) database."
,246,2015,,Type of enumeration,Combination of survey and administrative data.
,246,2015,,Footnote,"For some industries, the number of employees may be less than the number of enterprises owing to the reason that the workforce in those industries consists of personnel such as working proprietors, unpaid family workers, etc. that are not included in the count of employees."
,246,2015,,Related national publications,"Structural business and financial statement statistics, published by Statistics Finland, Helsinki."
,246,2016,,Table Note,Number of enterprises
,246,2016,,Table Note,Output at producers' prices
,246,2016,,Type of enumeration,Combination of survey and administrative data.
,246,2016,,Related national publications,"Structural business and financial statement statistics, published by Statistics Finland, Helsinki."
,246,2016,,Footnote,"For some industries, the number of employees may be less than the number of enterprises owing to the reason that the workforce in those industries consists of personnel such as working proprietors, unpaid family workers, etc. that are not included in the count of employees."
,246,2016,,Data Supplier,"Statistics Finland, Helsinki. 
Data compiled by UNIDO were derived from Eurostat's structural business statistics (SBS) database."
,246,2017,,Table Note,Number of enterprises
,246,2017,,Table Note,Output at producers' prices
,246,2017,,Type of enumeration,Combination of survey and administrative data.
,246,2017,,Special note,Methodological break in 2017.
,246,2017,,Related national publications,"Structural business and financial statement statistics, published by Statistics Finland, Helsinki."
,246,2017,,Data Supplier,"Statistics Finland, Helsinki. 
Data compiled by UNIDO were derived from Eurostat's structural business statistics (SBS) database."
,246,2017,,Footnote,"For some industries, the number of employees may be less than the number of enterprises owing to the reason that the workforce in those industries consists of personnel such as working proprietors, unpaid family workers, etc. that are not included in the count of employees."
,246,2018,,Table Note,Number of enterprises
,246,2018,,Table Note,Output at producers' prices
,246,2018,,Data Supplier,"Statistics Finland, Helsinki. 
Data compiled by UNIDO were derived from Eurostat's structural business statistics (SBS) database."
,246,2018,,Type of enumeration,Combination of survey and administrative data.
,246,2018,,Related national publications,"Structural business and financial statement statistics, published by Statistics Finland, Helsinki."
,246,2018,,Footnote,"For some industries, the number of employees may be less than the number of enterprises owing to the reason that the workforce in those industries consists of personnel such as working proprietors, unpaid family workers, etc. that are not included in the count of employees."
,246,2019,,Table Note,Number of enterprises
,246,2019,,Table Note,Output at producers' prices
,246,2019,,Related national publications,"Structural business and financial statement statistics, published by Statistics Finland, Helsinki."
,246,2019,,Type of enumeration,Combination of survey and administrative data.
,246,2019,,Data Supplier,"Statistics Finland, Helsinki. 
Data compiled by UNIDO were derived from Eurostat's structural business statistics (SBS) database."
,246,2019,,Footnote,"For some industries, the number of employees may be less than the number of enterprises owing to the reason that the workforce in those industries consists of personnel such as working proprietors, unpaid family workers, etc. that are not included in the count of employees."
,246,2020,,Table Note,Number of enterprises
,246,2020,,Table Note,Output at producers' prices
,246,2020,,Data Supplier,"Statistics Finland, Helsinki. 
Data compiled by UNIDO were derived from Eurostat's structural business statistics (SBS) database."
,246,2020,,Type of enumeration,Combination of survey and administrative data.
,246,2020,,Related national publications,"Structural business and financial statement statistics, published by Statistics Finland, Helsinki."
,246,2020,,Footnote,"For some industries, the number of employees may be less than the number of enterprises owing to the reason that the workforce in those industries consists of personnel such as working proprietors, unpaid family workers, etc. that are not included in the count of employees."
20,246,2005,,Table Note,Value added at factor values
20,246,2006,,Table Note,Value added at factor values
20,246,2007,,Table Note,Value added at factor values
20,246,2008,,Table Note,Value added at factor values
20,246,2009,,Table Note,Value added at factor values
20,246,2010,,Table Note,Value added at factor values
20,246,2011,,Table Note,Value added at factor values
20,246,2012,,Table Note,Value added at factor values
20,246,2013,,Table Note,Value added at factor values
20,246,2014,,Table Note,Value added at factor values
20,246,2015,,Table Note,Value added at factor values
20,246,2016,,Table Note,Value added at factor values
20,246,2017,,Table Note,Value added at factor values
20,246,2018,,Table Note,Value added at factor values
20,246,2019,,Table Note,Value added at factor values
20,246,2020,,Table Note,Value added at factor values
,250,,,Type of enumeration,Combination of survey and administrative data.
,250,,,Deviations from ISIC,Data presented in ISIC (Revision 4) were originally classified according to the national NACE-related classification system (Nomenclature d'Activit?s Fran?aise - NAF Revision 2).
,250,,,Related national publications,None reported.
,250,,,Scope,All enterprises.
,250,,,Reference Period,Calendar year.
,250,,,Concepts and definitions,No deviations from the standard UN concepts and definitions are reported.
,250,,,Adjusted for non-response,Yes.
,250,,,Source,Annual survey; administrative data; business register.
,250,,,Footnote,Data derived from OECD's or Eurostat's databases refer to Gross investment in tangible goods only.
,250,2005,,Table Note,Number of enterprises
,250,2005,,Data Supplier,"Institut National de la Statistique et des ?tudes ?conomiques, Paris.
Industrial statistics for the OECD countries are compiled by the OECD secretariat, which supplies them to UNIDO."
,250,2006,,Table Note,Number of enterprises
,250,2006,,Data Supplier,"Institut National de la Statistique et des ?tudes ?conomiques, Paris.
Industrial statistics for the OECD countries are compiled by the OECD secretariat, which supplies them to UNIDO."
,250,2007,,Table Note,Number of enterprises
,250,2007,,Data Supplier,"Institut National de la Statistique et des ?tudes ?conomiques, Paris.
Industrial statistics for the OECD countries are compiled by the OECD secretariat, which supplies them to UNIDO."
,250,2008,,Table Note,Number of enterprises
,250,2008,,Method of data collection,Mail questionnaires.
,250,2008,,Data Supplier,"Institut National de la Statistique et des ?tudes ?conomiques, Paris.
Industrial statistics for the OECD countries are compiled by the OECD secretariat, which supplies them to UNIDO."
,250,2009,,Table Note,Number of enterprises
,250,2009,,Method of data collection,Mail questionnaires.
,250,2009,,Data Supplier,"Institut National de la Statistique et des ?tudes ?conomiques, Paris.
Industrial statistics for the OECD countries are compiled by the OECD secretariat, which supplies them to UNIDO."
,250,2009,,Footnote,"For some industries, the number of employees may be less than the number of enterprises owing to the reason that the workforce in those industries consists of personnel such as working proprietors, unpaid family workers, etc. that are not included in the count of employees."
,250,2010,,Table Note,Number of enterprises
,250,2010,,Method of data collection,Mail questionnaires.
,250,2010,,Data Supplier,"Institut National de la Statistique et des ?tudes ?conomiques, Paris.
Industrial statistics for the OECD countries are compiled by the OECD secretariat, which supplies them to UNIDO."
,250,2010,,Footnote,"For some industries, the number of employees may be less than the number of enterprises owing to the reason that the workforce in those industries consists of personnel such as working proprietors, unpaid family workers, etc. that are not included in the count of employees."
,250,2011,,Table Note,Number of enterprises
,250,2011,,Method of data collection,Mail questionnaires.
,250,2011,,Data Supplier,"Institut National de la Statistique et des ?tudes ?conomiques, Paris.
Industrial statistics for the OECD countries are compiled by the OECD secretariat, which supplies them to UNIDO."
,250,2011,,Footnote,"For some industries, the number of employees may be less than the number of enterprises owing to the reason that the workforce in those industries consists of personnel such as working proprietors, unpaid family workers, etc. that are not included in the count of employees."
,250,2012,,Table Note,Number of enterprises
,250,2012,,Method of data collection,Mail questionnaires (possibility to answer via internet by filling out a form identical to the paper questionnaire with a specific file format).
,250,2012,,Data Supplier,"Institut National de la Statistique et des ?tudes ?conomiques, Paris.
Industrial statistics for the OECD countries are compiled by the OECD secretariat, which supplies them to UNIDO."
,250,2012,,Footnote,"For some industries, the number of employees may be less than the number of enterprises owing to the reason that the workforce in those industries consists of personnel such as working proprietors, unpaid family workers, etc. that are not included in the count of employees."
,250,2013,,Table Note,Number of enterprises
,250,2013,,Method of data collection,Mail questionnaires (possibility to answer via internet by filling out a form identical to the paper questionnaire with a specific file format).
,250,2013,,Data Supplier,"Institut National de la Statistique et des ?tudes ?conomiques, Paris.
Industrial statistics for the OECD countries are compiled by the OECD secretariat, which supplies them to UNIDO."
,250,2013,,Footnote,"For some industries, the number of employees may be less than the number of enterprises owing to the reason that the workforce in those industries consists of personnel such as working proprietors, unpaid family workers, etc. that are not included in the count of employees."
,250,2014,,Table Note,Number of enterprises
,250,2014,,Method of data collection,Mail questionnaires (possibility to answer via internet by filling out a form identical to the paper questionnaire with a specific file format).
,250,2014,,Special note,Methodological breaks between 2014 and 2017.
,250,2014,,Data Supplier,"Institut National de la Statistique et des ?tudes ?conomiques, Paris.
Industrial statistics for the OECD countries are compiled by the OECD secretariat, which supplies them to UNIDO."
,250,2014,,Footnote,"For some industries, the number of employees may be less than the number of enterprises owing to the reason that the workforce in those industries consists of personnel such as working proprietors, unpaid family workers, etc. that are not included in the count of employees."
,250,2015,,Table Note,Number of enterprises
,250,2015,,Table Note,Output at producers' prices
,250,2015,,Data Supplier,"Institut National de la Statistique et des ?tudes ?conomiques (Insee), Paris.
Data compiled by UNIDO were derived from Eurostat's structural business statistics (SBS) database."
,250,2015,,Method of data collection,Mail questionnaires (possibility to answer via internet by filling out a form identical to the paper questionnaire with a specific file format).
,250,2015,,Special note,Methodological breaks between 2014 and 2017.
,250,2015,,Footnote,"For some industries, the number of employees may be less than the number of enterprises owing to the reason that the workforce in those industries consists of personnel such as working proprietors, unpaid family workers, etc. that are not included in the count of employees."
,250,2016,,Table Note,Number of enterprises
,250,2016,,Table Note,Output at producers' prices
,250,2016,,Method of data collection,Mail questionnaires (possibility to answer via internet by filling out a form identical to the paper questionnaire with a specific file format).
,250,2016,,Special note,Methodological breaks between 2014 and 2017.
,250,2016,,Data Supplier,"Institut National de la Statistique et des ?tudes ?conomiques (Insee), Paris.
Data compiled by UNIDO were derived from Eurostat's structural business statistics (SBS) database."
,250,2016,,Footnote,"For some industries, the number of employees may be less than the number of enterprises owing to the reason that the workforce in those industries consists of personnel such as working proprietors, unpaid family workers, etc. that are not included in the count of employees."
,250,2017,,Table Note,Number of enterprises
,250,2017,,Table Note,Output at producers' prices
,250,2017,,Data Supplier,"Institut National de la Statistique et des ?tudes ?conomiques (Insee), Paris.
Data compiled by UNIDO were derived from Eurostat's structural business statistics (SBS) database."
,250,2017,,Method of data collection,Mail questionnaires (possibility to answer via internet by filling out a form identical to the paper questionnaire with a specific file format).
,250,2017,,Special note,Methodological breaks between 2014 and 2017.
,250,2017,,Footnote,"For some industries, the number of employees may be less than the number of enterprises owing to the reason that the workforce in those industries consists of personnel such as working proprietors, unpaid family workers, etc. that are not included in the count of employees."
,250,2018,,Table Note,Number of enterprises
,250,2018,,Table Note,Output at producers' prices
,250,2018,,Method of data collection,Mail questionnaires (possibility to answer via internet by filling out a form identical to the paper questionnaire with a specific file format).
,250,2018,,Footnote,"For some industries, the number of employees may be less than the number of enterprises owing to the reason that the workforce in those industries consists of personnel such as working proprietors, unpaid family workers, etc. that are not included in the count of employees."
,250,2018,,Data Supplier,"Institut National de la Statistique et des ?tudes ?conomiques (Insee), Paris.
Data compiled by UNIDO were derived from Eurostat's structural business statistics (SBS) database."
,250,2019,,Table Note,Number of enterprises
,250,2019,,Table Note,Output at producers' prices
,250,2019,,Method of data collection,Mail questionnaires (possibility to answer via internet by filling out a form identical to the paper questionnaire with a specific file format).
,250,2019,,Data Supplier,"Institut National de la Statistique et des ?tudes ?conomiques (Insee), Paris.
Data compiled by UNIDO were derived from Eurostat's structural business statistics (SBS) database."
,250,2019,,Footnote,"For some industries, the number of employees may be less than the number of enterprises owing to the reason that the workforce in those industries consists of personnel such as working proprietors, unpaid family workers, etc. that are not included in the count of employees."
,250,2020,,Table Note,Number of enterprises
,250,2020,,Table Note,Output at producers' prices
,250,2020,,Method of data collection,Mail questionnaires (possibility to answer via internet by filling out a form identical to the paper questionnaire with a specific file format).
,250,2020,,Footnote,"For some industries, the number of employees may be less than the number of enterprises owing to the reason that the workforce in those industries consists of personnel such as working proprietors, unpaid family workers, etc. that are not included in the count of employees."
,250,2020,,Data Supplier,"Institut National de la Statistique et des ?tudes ?conomiques (Insee), Paris.
Data compiled by UNIDO were derived from Eurostat's structural business statistics (SBS) database."
20,250,2005,,Table Note,Value added at factor values
20,250,2006,,Table Note,Value added at factor values
20,250,2007,,Table Note,Value added at factor values
20,250,2008,,Table Note,Value added at factor values
20,250,2009,,Table Note,Value added at factor values
20,250,2010,,Table Note,Value added at factor values
20,250,2011,,Table Note,Value added at factor values
20,250,2012,,Table Note,Value added at factor values
20,250,2013,,Table Note,Value added at factor values
20,250,2014,,Table Note,Value added at factor values
20,250,2015,,Table Note,Value added at factor values
20,250,2016,,Table Note,Value added at factor values
20,250,2017,,Table Note,Value added at factor values
20,250,2018,,Table Note,Value added at factor values
20,250,2019,,Table Note,Value added at factor values
20,250,2020,,Table Note,Value added at factor values
,268,,,Reference Period,Calendar year.
,268,,,Scope,All enterprises.
,268,,,Data Supplier,"National Statistics Office of Georgia (GEOSTAT), Tbilisi."
,268,,,Source,Survey on registered establishments; administrative data.
,268,,,Adjusted for non-response,Yes (response rate: approximately 98%).
,268,,,Deviations from ISIC,Data presented in ISIC (Revision 4) were originally classified according to NACE Rev. 2.
,268,,,Related national publications,"Entrepreneurship in Georgia; Statistical Yearbook, both published by National Statistics Office of Georgia, Tbilisi."
,268,,,Method of data collection,"Mail questionnaires, direct interviews in the field and on-line survey (self entry)."
,268,,,Type of enumeration,Sample survey.
,268,2012,,Table Note,Number of enterprises
,268,2012,,Table Note,Output at basic prices
,268,2013,,Table Note,Number of enterprises
,268,2013,,Table Note,Output at basic prices
,268,2014,,Table Note,Number of enterprises
,268,2014,,Table Note,Output at basic prices
,268,2015,,Table Note,Number of enterprises
,268,2015,,Table Note,Output at basic prices
,268,2016,,Table Note,Number of enterprises
,268,2016,,Table Note,Output at basic prices
,268,2017,,Table Note,Number of enterprises
,268,2017,,Table Note,Number of persons engaged
,268,2017,,Table Note,Output at basic prices
,268,2018,,Table Note,Number of enterprises
,268,2018,,Table Note,Output at basic prices
,268,2019,,Table Note,Number of enterprises
,268,2019,,Table Note,Output at basic prices
,268,2020,,Table Note,Number of enterprises
,268,2020,,Table Note,Output at basic prices
20,268,2012,,Table Note,Value added at basic prices
20,268,2013,,Table Note,Value added at basic prices
20,268,2014,,Table Note,Value added at basic prices
20,268,2015,,Table Note,Value added at basic prices
20,268,2016,,Table Note,Value added at basic prices
20,268,2017,,Table Note,Value added at basic prices
20,268,2018,,Table Note,Value added at basic prices
20,268,2019,,Table Note,Value added at basic prices
20,268,2020,,Table Note,Value added at basic prices
,275,,,Related national publications,"Economic Surveys Series, published by the Palestinian Central Bureau of Statistics, Ramallah."
,275,,,Concepts and definitions,Wages and salaries paid to employees is compensation of employees.
,275,2010,,Table Note,Number of enterprises
,275,2010,,Scope,All privately-owned enterprises.
,275,2010,,Data Supplier,"Palestinian Central Bureau of Statistics, Ramallah."
,275,2010,,Adjusted for non-response,Yes.
,275,2010,,Method of data collection,Direct interview in the field.
,275,2010,,Deviations from ISIC,None reported.
,275,2010,,Type of enumeration,Sample survey.
,275,2010,,Source,Annual survey.
,275,2010,,Reference Period,Calendar year.
,275,2011,,Table Note,Number of enterprises
,275,2011,,Source,Annual survey.
,275,2011,,Data Supplier,"Palestinian Central Bureau of Statistics, Ramallah."
,275,2011,,Method of data collection,Direct interview in the field.
,275,2011,,Scope,All privately-owned enterprises.
,275,2011,,Reference Period,Calendar year.
,275,2011,,Adjusted for non-response,Yes.
,275,2011,,Deviations from ISIC,None reported.
,275,2011,,Type of enumeration,Sample survey.
,275,2012,,Table Note,Number of enterprises
,275,2012,,Scope,All privately-owned enterprises.
,275,2012,,Reference Period,Calendar year.
,275,2012,,Type of enumeration,Sample survey.
,275,2012,,Source,Annual survey.
,275,2012,,Data Supplier,"Palestinian Central Bureau of Statistics, Ramallah."
,275,2012,,Adjusted for non-response,Yes.
,275,2012,,Method of data collection,Direct interview in the field.
,275,2012,,Deviations from ISIC,None reported.
,275,2013,,Table Note,Number of enterprises
,275,2013,,Method of data collection,Direct interview in the field.
,275,2013,,Source,Annual survey.
,275,2013,,Data Supplier,"Palestinian Central Bureau of Statistics, Ramallah."
,275,2013,,Adjusted for non-response,Yes.
,275,2013,,Scope,All privately-owned enterprises.
,275,2013,,Reference Period,Calendar year.
,275,2013,,Deviations from ISIC,None reported.
,275,2013,,Type of enumeration,Sample survey.
,275,2014,,Table Note,Number of enterprises
,275,2014,,Source,Annual survey.
,275,2014,,Reference Period,Calendar year.
,275,2014,,Scope,All privately-owned enterprises.
,275,2014,,Data Supplier,"Palestinian Central Bureau of Statistics, Ramallah."
,275,2014,,Adjusted for non-response,Yes.
,275,2014,,Method of data collection,Direct interview in the field.
,275,2014,,Deviations from ISIC,None reported.
,275,2014,,Type of enumeration,Sample survey.
,275,2015,,Table Note,Number of enterprises
,275,2015,,Scope,All privately-owned enterprises.
,275,2015,,Reference Period,Calendar year.
,275,2015,,Adjusted for non-response,Yes.
,275,2015,,Source,Annual survey.
,275,2015,,Method of data collection,Direct interview in the field.
,275,2015,,Deviations from ISIC,None reported.
,275,2015,,Type of enumeration,Sample survey.
,275,2015,,Data Supplier,"Palestinian Central Bureau of Statistics, Ramallah."
,275,2016,,Table Note,Number of enterprises
,275,2016,,Source,Annual survey.
,275,2016,,Data Supplier,"Palestinian Central Bureau of Statistics, Ramallah."
,275,2016,,Adjusted for non-response,Yes.
,275,2016,,Method of data collection,Direct interview in the field.
,275,2016,,Deviations from ISIC,None reported.
,275,2016,,Type of enumeration,Sample survey.
,275,2016,,Footnote,"For some industries, the number of employees may be less than the number of enterprises owing to the reason that the workforce in those industries consists of personnel such as working proprietors, unpaid family workers, etc. that are not included in the count of employees."
,275,2016,,Scope,All privately-owned enterprises.
,275,2016,,Reference Period,Calendar year.
,275,2017,,Table Note,Number of enterprises
,275,2017,,Scope,All privately-owned enterprises.
,275,2017,,Reference Period,Calendar year.
,275,2017,,Type of enumeration,Sample survey.
,275,2017,,Footnote,"For some industries, the number of employees may be less than the number of enterprises owing to the reason that the workforce in those industries consists of personnel such as working proprietors, unpaid family workers, etc. that are not included in the count of employees."
,275,2017,,Method of data collection,Direct interview in the field.
,275,2017,,Deviations from ISIC,None reported.
,275,2017,,Source,Annual survey.
,275,2017,,Data Supplier,"Palestinian Central Bureau of Statistics, Ramallah."
,275,2017,,Adjusted for non-response,Yes.
,275,2018,,Table Note,Number of enterprises
,275,2018,,Scope,All privately-owned enterprises.
,275,2018,,Data Supplier,"Palestinian Central Bureau of Statistics, Ramallah."
,275,2018,,Adjusted for non-response,Yes.
,275,2018,,Method of data collection,Direct interview in the field.
,275,2018,,Deviations from ISIC,None reported.
,275,2018,,Type of enumeration,Sample survey.
,275,2018,,Footnote,"For some industries, the number of employees may be less than the number of enterprises owing to the reason that the workforce in those industries consists of personnel such as working proprietors, unpaid family workers, etc. that are not included in the count of employees."
,275,2018,,Source,Annual survey.
,275,2018,,Reference Period,Calendar year.
,275,2019,,Table Note,Number of enterprises
,275,2019,,Source,Annual survey.
,275,2019,,Data Supplier,"Palestinian Central Bureau of Statistics, Ramallah."
,275,2019,,Method of data collection,Direct interview in the field.
,275,2019,,Deviations from ISIC,None reported.
,275,2019,,Type of enumeration,Sample survey.
,275,2019,,Footnote,"For some industries, the number of employees may be less than the number of enterprises owing to the reason that the workforce in those industries consists of personnel such as working proprietors, unpaid family workers, etc. that are not included in the count of employees."
,275,2019,,Scope,All privately-owned enterprises.
,275,2019,,Reference Period,Calendar year.
,275,2019,,Adjusted for non-response,Yes.
,276,,,Scope,All enterprises.
,276,,,Source,Annual surveys.
,276,,,Concepts and definitions,No deviations from the standard UN concepts and definitions are reported.
,276,,,Type of enumeration,"Enterprises with 20 employees or more are surveyed, while a sampling method is used for smaller enterprises."
,276,,,Method of data collection,Mainly electronic questionnaires.
,276,,,Related national publications,None reported.
,276,,,Deviations from ISIC,Data presented in ISIC (Revision 4) were originally classified according to the national NACE-related classification system.
,276,,,Reference Period,Calendar year.
,276,,,Adjusted for non-response,Yes.
,276,,,Footnote,Data derived from OECD's or Eurostat's databases refer to Gross investment in tangible goods only.
,276,2005,,Table Note,Number of enterprises
,276,2005,,Data Supplier,"Federal Statistical Office, Wiesbaden. 
Industrial statistics for the OECD countries are compiled by the OECD secretariat, which supplies them to UNIDO."
,276,2006,,Table Note,Number of enterprises
,276,2006,,Data Supplier,"Federal Statistical Office, Wiesbaden. 
Industrial statistics for the OECD countries are compiled by the OECD secretariat, which supplies them to UNIDO."
,276,2007,,Table Note,Number of enterprises
,276,2007,,Data Supplier,"Federal Statistical Office, Wiesbaden. 
Industrial statistics for the OECD countries are compiled by the OECD secretariat, which supplies them to UNIDO."
,276,2008,,Table Note,Number of enterprises
,276,2008,,Data Supplier,"Federal Statistical Office, Wiesbaden. 
Industrial statistics for the OECD countries are compiled by the OECD secretariat, which supplies them to UNIDO."
,276,2009,,Table Note,Number of enterprises
,276,2009,,Data Supplier,"Federal Statistical Office, Wiesbaden. 
Industrial statistics for the OECD countries are compiled by the OECD secretariat, which supplies them to UNIDO."
,276,2010,,Table Note,Number of enterprises
,276,2010,,Data Supplier,"Federal Statistical Office, Wiesbaden. 
Industrial statistics for the OECD countries are compiled by the OECD secretariat, which supplies them to UNIDO."
,276,2011,,Table Note,Number of enterprises
,276,2011,,Data Supplier,"Federal Statistical Office, Wiesbaden. 
Industrial statistics for the OECD countries are compiled by the OECD secretariat, which supplies them to UNIDO."
,276,2012,,Table Note,Number of enterprises
,276,2012,,Data Supplier,"Federal Statistical Office, Wiesbaden. 
Industrial statistics for the OECD countries are compiled by the OECD secretariat, which supplies them to UNIDO."
,276,2013,,Table Note,Number of enterprises
,276,2013,,Data Supplier,"Federal Statistical Office, Wiesbaden. 
Industrial statistics for the OECD countries are compiled by the OECD secretariat, which supplies them to UNIDO."
,276,2014,,Table Note,Number of enterprises
,276,2014,,Data Supplier,"Federal Statistical Office, Wiesbaden. 
Industrial statistics for the OECD countries are compiled by the OECD secretariat, which supplies them to UNIDO."
,276,2015,,Table Note,Number of enterprises
,276,2015,,Table Note,Output at producers' prices
,276,2015,,Data Supplier,"Federal Statistical Office, Wiesbaden. 
Data compiled by UNIDO were derived from Eurostat's structural business statistics (SBS) database."
,276,2016,,Table Note,Number of enterprises
,276,2016,,Table Note,Output at producers' prices
,276,2016,,Data Supplier,"Federal Statistical Office, Wiesbaden. 
Data compiled by UNIDO were derived from Eurostat's structural business statistics (SBS) database."
,276,2017,,Table Note,Number of enterprises
,276,2017,,Table Note,Output at producers' prices
,276,2017,,Data Supplier,"Federal Statistical Office, Wiesbaden. 
Data compiled by UNIDO were derived from Eurostat's structural business statistics (SBS) database."
,276,2018,,Table Note,Number of enterprises
,276,2018,,Table Note,Output at producers' prices
,276,2018,,Special note,Methodological break in 2018.
,276,2018,,Data Supplier,"Federal Statistical Office, Wiesbaden. 
Data compiled by UNIDO were derived from Eurostat's structural business statistics (SBS) database."
,276,2019,,Table Note,Number of enterprises
,276,2019,,Table Note,Output at producers' prices
,276,2019,,Data Supplier,"Federal Statistical Office, Wiesbaden. 
Data compiled by UNIDO were derived from Eurostat's structural business statistics (SBS) database."
,276,2020,,Table Note,Number of enterprises
,276,2020,,Table Note,Output at producers' prices
,276,2020,,Data Supplier,"Federal Statistical Office, Wiesbaden. 
Data compiled by UNIDO were derived from Eurostat's structural business statistics (SBS) database."
20,276,2005,,Table Note,Value added at factor values
20,276,2006,,Table Note,Value added at factor values
20,276,2007,,Table Note,Value added at factor values
20,276,2008,,Table Note,Value added at factor values
20,276,2009,,Table Note,Value added at factor values
20,276,2010,,Table Note,Value added at factor values
20,276,2011,,Table Note,Value added at factor values
20,276,2012,,Table Note,Value added at factor values
20,276,2013,,Table Note,Value added at factor values
20,276,2014,,Table Note,Value added at factor values
20,276,2015,,Table Note,Value added at factor values
20,276,2016,,Table Note,Value added at factor values
20,276,2017,,Table Note,Value added at factor values
20,276,2018,,Table Note,Value added at factor values
20,276,2019,,Table Note,Value added at factor values
20,276,2020,,Table Note,Value added at factor values
,288,,,Reference Period,Calendar year.
,288,,,Concepts and definitions,"Output includes revenue from non-industrial activities.
Value added includes cost of non-industrial activities."
,288,,,Method of data collection,Direct interview in the field.
,288,,,Deviations from ISIC,None reported.
,288,,,Scope,All privately owned establishments.
,288,,,Data Supplier,"Ghana Statistical Service, Accra."
,288,,,Source,Industrial census.
,288,,,Adjusted for non-response,No.
,288,,,Type of enumeration,Complete enumeration; sample survey.
,288,,,Related national publications,"IBESII Comprehensive Report, IBES II Summary Report, Spatial Business Report, all published by Ghana Statistical Service, Accra."
,288,2013,,Table Note,Output at factor values
20,288,2013,,Table Note,Value added at basic prices
,300,,,Related national publications,None reported.
,300,,,Method of data collection,Not reported.
,300,,,Deviations from ISIC,Data presented in ISIC (Revision 4) were originally classified according to the national NACE-related classification system.
,300,,,Scope,All enterprises.
,300,,,Reference Period,Calendar year.
,300,,,Concepts and definitions,No deviations from the standard UN concepts and definitions are reported.
,300,,,Adjusted for non-response,Not reported.
,300,,,Footnote,Data derived from OECD's or Eurostat's databases refer to Gross investment in tangible goods only.
,300,2008,,Table Note,Number of enterprises
,300,2008,,Type of enumeration,Not reported.
,300,2008,,Footnote,"For some industries, the number of employees may be less than the number of enterprises owing to the reason that the workforce in those industries consists of personnel such as working proprietors, unpaid family workers, etc. that are not included in the count of employees."
,300,2008,,Source,Annual industrial survey; business register.
,300,2009,,Table Note,Number of enterprises
,300,2009,,Type of enumeration,Not reported.
,300,2009,,Footnote,"For some industries, the number of employees may be less than the number of enterprises owing to the reason that the workforce in those industries consists of personnel such as working proprietors, unpaid family workers, etc. that are not included in the count of employees."
,300,2009,,Source,Annual industrial survey; business register.
,300,2010,,Table Note,Number of enterprises
,300,2010,,Type of enumeration,Not reported.
,300,2010,,Footnote,"For some industries, the number of employees may be less than the number of enterprises owing to the reason that the workforce in those industries consists of personnel such as working proprietors, unpaid family workers, etc. that are not included in the count of employees."
,300,2010,,Source,Annual industrial survey; business register.
,300,2011,,Table Note,Number of enterprises
,300,2011,,Type of enumeration,Not reported.
,300,2011,,Footnote,"For some industries, the number of employees may be less than the number of enterprises owing to the reason that the workforce in those industries consists of personnel such as working proprietors, unpaid family workers, etc. that are not included in the count of employees."
,300,2011,,Source,Annual industrial survey; business register.
,300,2012,,Table Note,Number of enterprises
,300,2012,,Type of enumeration,Not reported.
,300,2012,,Footnote,"For some industries, the number of employees may be less than the number of enterprises owing to the reason that the workforce in those industries consists of personnel such as working proprietors, unpaid family workers, etc. that are not included in the count of employees."
,300,2012,,Source,Annual industrial survey; business register.
,300,2013,,Table Note,Number of enterprises
,300,2013,,Type of enumeration,Not reported.
,300,2013,,Footnote,"For some industries, the number of employees may be less than the number of enterprises owing to the reason that the workforce in those industries consists of personnel such as working proprietors, unpaid family workers, etc. that are not included in the count of employees."
,300,2013,,Source,Annual industrial survey; business register.
,300,2014,,Table Note,Number of enterprises
,300,2014,,Special note,Methodological break in 2014.
,300,2014,,Type of enumeration,Not reported.
,300,2014,,Footnote,"For some industries, the number of employees may be less than the number of enterprises owing to the reason that the workforce in those industries consists of personnel such as working proprietors, unpaid family workers, etc. that are not included in the count of employees."
,300,2014,,Source,Annual industrial survey; business register.
,300,2015,,Table Note,Number of enterprises
,300,2015,,Table Note,Output at producers' prices
,300,2015,,Type of enumeration,Administrative data as main source beginning with reference year 2015; survey conducted on large enterprises of each sector.
,300,2015,,Footnote,"For some industries, the number of employees may be less than the number of enterprises owing to the reason that the workforce in those industries consists of personnel such as working proprietors, unpaid family workers, etc. that are not included in the count of employees."
,300,2015,,Source,Annual survey; administrative data; business register.
,300,2015,,Data Supplier,"Hellenic Statistical Authority (ELSTAT), Piraeus.
Data compiled by UNIDO were derived from Eurostat's structural business statistics (SBS) database."
,300,2016,,Table Note,Number of enterprises
,300,2016,,Table Note,Output at producers' prices
,300,2016,,Type of enumeration,Administrative data as main source beginning with reference year 2015; survey conducted on large enterprises of each sector.
,300,2016,,Data Supplier,"Hellenic Statistical Authority (ELSTAT), Piraeus.
Data compiled by UNIDO were derived from Eurostat's structural business statistics (SBS) database."
,300,2016,,Source,Annual survey; administrative data; business register.
,300,2016,,Footnote,"For some industries, the number of employees may be less than the number of enterprises owing to the reason that the workforce in those industries consists of personnel such as working proprietors, unpaid family workers, etc. that are not included in the count of employees."
,300,2017,,Table Note,Number of enterprises
,300,2017,,Table Note,Output at producers' prices
,300,2017,,Footnote,"For some industries, the number of employees may be less than the number of enterprises owing to the reason that the workforce in those industries consists of personnel such as working proprietors, unpaid family workers, etc. that are not included in the count of employees."
,300,2017,,Type of enumeration,Administrative data as main source beginning with reference year 2015; survey conducted on large enterprises of each sector.
,300,2017,,Data Supplier,"Hellenic Statistical Authority (ELSTAT), Piraeus.
Data compiled by UNIDO were derived from Eurostat's structural business statistics (SBS) database."
,300,2017,,Source,Annual survey; administrative data; business register.
,300,2018,,Table Note,Number of enterprises
,300,2018,,Table Note,Output at producers' prices
,300,2018,,Type of enumeration,Administrative data as main source beginning with reference year 2015; survey conducted on large enterprises of each sector.
,300,2018,,Special note,Methodological break in 2018.
,300,2018,,Footnote,"For some industries, the number of employees may be less than the number of enterprises owing to the reason that the workforce in those industries consists of personnel such as working proprietors, unpaid family workers, etc. that are not included in the count of employees."
,300,2018,,Source,Annual survey; administrative data; business register.
,300,2018,,Data Supplier,"Hellenic Statistical Authority (ELSTAT), Piraeus.
Data compiled by UNIDO were derived from Eurostat's structural business statistics (SBS) database."
,300,2019,,Table Note,Number of enterprises
,300,2019,,Table Note,Output at producers' prices
,300,2019,,Type of enumeration,Administrative data as main source beginning with reference year 2015; survey conducted on large enterprises of each sector.
,300,2019,,Source,Annual survey; administrative data; business register.
,300,2019,,Data Supplier,"Hellenic Statistical Authority (ELSTAT), Piraeus.
Data compiled by UNIDO were derived from Eurostat's structural business statistics (SBS) database."
,300,2019,,Footnote,"For some industries, the number of employees may be less than the number of enterprises owing to the reason that the workforce in those industries consists of personnel such as working proprietors, unpaid family workers, etc. that are not included in the count of employees."
,300,2020,,Table Note,Number of enterprises
,300,2020,,Table Note,Output at producers' prices
,300,2020,,Type of enumeration,Administrative data as main source beginning with reference year 2015; survey conducted on large enterprises of each sector.
,300,2020,,Source,Annual survey; administrative data; business register.
,300,2020,,Data Supplier,"Hellenic Statistical Authority (ELSTAT), Piraeus.
Data compiled by UNIDO were derived from Eurostat's structural business statistics (SBS) database."
,300,2020,,Footnote,"For some industries, the number of employees may be less than the number of enterprises owing to the reason that the workforce in those industries consists of personnel such as working proprietors, unpaid family workers, etc. that are not included in the count of employees."
20,300,2008,,Table Note,Value added at factor values
20,300,2009,,Table Note,Value added at factor values
20,300,2010,,Table Note,Value added at factor values
20,300,2011,,Table Note,Value added at factor values
20,300,2012,,Table Note,Value added at factor values
20,300,2013,,Table Note,Value added at factor values
20,300,2014,,Table Note,Value added at factor values
20,300,2015,,Table Note,Value added at factor values
20,300,2016,,Table Note,Value added at factor values
20,300,2017,,Table Note,Value added at factor values
20,300,2018,,Table Note,Value added at factor values
20,300,2019,,Table Note,Value added at factor values
20,300,2020,,Table Note,Value added at factor values
,344,,,Source,Annual survey.
,344,,,Adjusted for non-response,Yes.
,344,,,Related national publications,"Key Statistics on Business Performance and Operating Characteristics of the Industrial Sector, published by the Census and Statistics Department, Hong Kong SAR."
,344,,,Scope,All privately owned establishments.
,344,,,Reference Period,Calendar year.
,344,,,Data Supplier,"Census and Statistics Department, Hong Kong SAR."
,344,,,Deviations from ISIC,"Data presented in accordance with ISIC (Revision 4) were originally classified according 
to Hong Kong Standard Industrial Classification (HSIC) system."
,344,,,Method of data collection,"Mail questionnaires, telephone interviews and direct interviews in the field."
,344,,,Type of enumeration,Sample survey.
,344,2005,,Table Note,Output at producers' prices
,344,2005,,Concepts and definitions,Output refers to gross output.
,344,2005,,Concepts and definitions,Wages and salaries is compensation of employees.
,344,2006,,Table Note,Output at producers' prices
,344,2006,,Concepts and definitions,Wages and salaries is compensation of employees.
,344,2006,,Concepts and definitions,Output refers to gross output.
,344,2007,,Table Note,Output at producers' prices
,344,2007,,Concepts and definitions,Wages and salaries is compensation of employees.
,344,2007,,Concepts and definitions,Output refers to gross output.
,344,2008,,Table Note,Output at producers' prices
,344,2008,,Concepts and definitions,Output refers to gross output.
,344,2008,,Concepts and definitions,Wages and salaries is compensation of employees.
,344,2009,,Table Note,Output at producers' prices
,344,2009,,Concepts and definitions,Wages and salaries is compensation of employees.
,344,2009,,Concepts and definitions,Output refers to gross output.
,344,2010,,Table Note,Output at producers' prices
,344,2010,,Concepts and definitions,Output refers to gross output.
,344,2010,,Concepts and definitions,Wages and salaries is compensation of employees.
,344,2011,,Table Note,Output at producers' prices
,344,2011,,Concepts and definitions,Wages and salaries is compensation of employees.
,344,2011,,Concepts and definitions,Output refers to gross output.
,344,2012,,Table Note,Output at producers' prices
,344,2012,,Concepts and definitions,Wages and salaries is compensation of employees.
,344,2012,,Concepts and definitions,Output refers to gross output.
,344,2013,,Table Note,Output at producers' prices
,344,2013,,Concepts and definitions,Output refers to gross output.
,344,2013,,Concepts and definitions,Wages and salaries is compensation of employees.
,344,2014,,Table Note,Output at producers' prices
,344,2014,,Concepts and definitions,Wages and salaries is compensation of employees.
,344,2014,,Concepts and definitions,Output refers to gross output.
,344,2015,,Table Note,Output at producers' prices
,344,2015,,Concepts and definitions,Wages and salaries is compensation of employees.
,344,2015,,Concepts and definitions,Output refers to gross output.
,344,2016,,Table Note,Output at producers' prices
,344,2016,,Concepts and definitions,Output refers to gross output.
,344,2016,,Concepts and definitions,Wages and salaries is compensation of employees.
,344,2017,,Table Note,Output at producers' prices
,344,2017,,Concepts and definitions,Wages and salaries is compensation of employees.
,344,2017,,Concepts and definitions,Output refers to gross output.
,344,2018,,Table Note,Output at producers' prices
,344,2018,,Concepts and definitions,Output refers to gross output.
,344,2018,,Concepts and definitions,Wages and salaries is compensation of employees.
,344,2019,,Table Note,Output at producers' prices
,344,2019,,Concepts and definitions,Wages and salaries is compensation of employees.
,344,2019,,Concepts and definitions,Output refers to gross output.
,344,2020,,Table Note,Output at producers' prices
,344,2020,,Concepts and definitions,Wages and salaries is compensation of employees.
,344,2020,,Concepts and definitions,Output refers to gross output.
20,344,2005,,Table Note,Value added at producers' prices
20,344,2005,,Concepts and definitions,Value added refers to total value added.
20,344,2006,,Table Note,Value added at producers' prices
20,344,2006,,Concepts and definitions,Value added refers to total value added.
20,344,2007,,Table Note,Value added at producers' prices
20,344,2007,,Concepts and definitions,Value added refers to total value added.
20,344,2008,,Table Note,Value added at producers' prices
20,344,2008,,Concepts and definitions,Value added refers to total value added.
20,344,2009,,Table Note,Value added at producers' prices
20,344,2009,,Concepts and definitions,Value added refers to total value added.
20,344,2010,,Table Note,Value added at producers' prices
20,344,2010,,Concepts and definitions,Value added refers to total value added.
20,344,2011,,Table Note,Value added at producers' prices
20,344,2011,,Concepts and definitions,Value added refers to total value added.
20,344,2012,,Table Note,Value added at producers' prices
20,344,2012,,Concepts and definitions,Value added refers to total value added.
20,344,2013,,Table Note,Value added at producers' prices
20,344,2013,,Concepts and definitions,Value added refers to total value added.
20,344,2014,,Table Note,Value added at producers' prices
20,344,2014,,Concepts and definitions,Value added refers to total value added.
20,344,2015,,Table Note,Value added at producers' prices
20,344,2015,,Concepts and definitions,Value added refers to total value added.
20,344,2016,,Table Note,Value added at producers' prices
20,344,2016,,Concepts and definitions,Value added refers to total value added.
20,344,2017,,Table Note,Value added at producers' prices
20,344,2017,,Concepts and definitions,Value added refers to total value added.
20,344,2018,,Table Note,Value added at producers' prices
20,344,2018,,Concepts and definitions,Value added refers to total value added.
20,344,2019,,Table Note,Value added at producers' prices
20,344,2019,,Concepts and definitions,Value added refers to total value added.
20,344,2020,,Table Note,Value added at producers' prices
20,344,2020,,Concepts and definitions,Value added refers to total value added.
,348,,,Footnote,"For some industries, the number of employees may be less than the number of enterprises owing to the reason that the workforce in those industries consists of personnel such as working proprietors, unpaid family workers, etc. that are not included in the count of employees."
,348,,,Footnote,Data derived from OECD's or Eurostat's databases refer to Gross investment in tangible goods only.
,348,2005,,Table Note,Number of enterprises
,348,2005,,Deviations from ISIC,Data presented in ISIC (Revision 4) were originally classified according to the national NACE-related classification system.
,348,2005,,Related national publications,None reported.
,348,2005,,Reference Period,Calendar year.
,348,2005,,Concepts and definitions,No deviations from the standard UN concepts and definitions are reported.
,348,2005,,Adjusted for non-response,Not reported.
,348,2005,,Source,Annual surveys; administrative data; business register.
,348,2005,,Scope,Enterprises (legal units) with one or more employees.
,348,2005,,Data Supplier,"Hungarian Central Statistical Office, Budapest. 
Industrial statistics for the OECD countries are compiled by the OECD secretariat, which supplies them to UNIDO."
,348,2005,,Method of data collection,Electronic questionnaire and administrative data.
,348,2005,,Type of enumeration,Enterprises (legal units) with 20 or more persons employed are completely enumerated; smaller enterprises are surveyed through sampling; additional use of administrative data.
,348,2006,,Table Note,Number of enterprises
,348,2006,,Method of data collection,Electronic questionnaire and administrative data.
,348,2006,,Type of enumeration,Enterprises (legal units) with 20 or more persons employed are completely enumerated; smaller enterprises are surveyed through sampling; additional use of administrative data.
,348,2006,,Reference Period,Calendar year.
,348,2006,,Scope,Enterprises (legal units) with one or more employees.
,348,2006,,Source,Annual surveys; administrative data; business register.
,348,2006,,Data Supplier,"Hungarian Central Statistical Office, Budapest. 
Industrial statistics for the OECD countries are compiled by the OECD secretariat, which supplies them to UNIDO."
,348,2006,,Concepts and definitions,No deviations from the standard UN concepts and definitions are reported.
,348,2006,,Adjusted for non-response,Not reported.
,348,2006,,Deviations from ISIC,Data presented in ISIC (Revision 4) were originally classified according to the national NACE-related classification system.
,348,2006,,Related national publications,None reported.
,348,2007,,Table Note,Number of enterprises
,348,2007,,Related national publications,None reported.
,348,2007,,Source,Annual surveys; administrative data; business register.
,348,2007,,Data Supplier,"Hungarian Central Statistical Office, Budapest. 
Industrial statistics for the OECD countries are compiled by the OECD secretariat, which supplies them to UNIDO."
,348,2007,,Reference Period,Calendar year.
,348,2007,,Scope,Enterprises (legal units) with one or more employees.
,348,2007,,Concepts and definitions,No deviations from the standard UN concepts and definitions are reported.
,348,2007,,Adjusted for non-response,Not reported.
,348,2007,,Deviations from ISIC,Data presented in ISIC (Revision 4) were originally classified according to the national NACE-related classification system.
,348,2007,,Method of data collection,Electronic questionnaire and administrative data.
,348,2007,,Type of enumeration,Enterprises (legal units) with 20 or more persons employed are completely enumerated; smaller enterprises are surveyed through sampling; additional use of administrative data.
,348,2008,,Table Note,Number of enterprises
,348,2008,,Deviations from ISIC,Data presented in ISIC (Revision 4) were originally classified according to the national NACE-related classification system.
,348,2008,,Related national publications,None reported.
,348,2008,,Reference Period,Calendar year.
,348,2008,,Concepts and definitions,No deviations from the standard UN concepts and definitions are reported.
,348,2008,,Adjusted for non-response,Not reported.
,348,2008,,Source,Annual surveys; administrative data; business register.
,348,2008,,Scope,Enterprises (legal units) with one or more employees.
,348,2008,,Data Supplier,"Hungarian Central Statistical Office, Budapest. 
Industrial statistics for the OECD countries are compiled by the OECD secretariat, which supplies them to UNIDO."
,348,2008,,Method of data collection,Electronic questionnaire and administrative data.
,348,2008,,Type of enumeration,Enterprises (legal units) with 20 or more persons employed are completely enumerated; smaller enterprises are surveyed through sampling; additional use of administrative data.
,348,2009,,Table Note,Number of enterprises
,348,2009,,Method of data collection,Electronic questionnaire and administrative data.
,348,2009,,Type of enumeration,Enterprises (legal units) with 20 or more persons employed are completely enumerated; smaller enterprises are surveyed through sampling; additional use of administrative data.
,348,2009,,Source,Annual surveys; administrative data; business register.
,348,2009,,Scope,Enterprises (legal units) with one or more employees.
,348,2009,,Data Supplier,"Hungarian Central Statistical Office, Budapest. 
Industrial statistics for the OECD countries are compiled by the OECD secretariat, which supplies them to UNIDO."
,348,2009,,Reference Period,Calendar year.
,348,2009,,Concepts and definitions,No deviations from the standard UN concepts and definitions are reported.
,348,2009,,Adjusted for non-response,Not reported.
,348,2009,,Deviations from ISIC,Data presented in ISIC (Revision 4) were originally classified according to the national NACE-related classification system.
,348,2009,,Related national publications,None reported.
,348,2010,,Table Note,Number of enterprises
,348,2010,,Source,Annual surveys; administrative data; business register.
,348,2010,,Data Supplier,"Hungarian Central Statistical Office, Budapest. 
Industrial statistics for the OECD countries are compiled by the OECD secretariat, which supplies them to UNIDO."
,348,2010,,Concepts and definitions,No deviations from the standard UN concepts and definitions are reported.
,348,2010,,Adjusted for non-response,Not reported.
,348,2010,,Reference Period,Calendar year.
,348,2010,,Scope,Enterprises (legal units) with one or more employees.
,348,2010,,Deviations from ISIC,Data presented in ISIC (Revision 4) were originally classified according to the national NACE-related classification system.
,348,2010,,Related national publications,None reported.
,348,2010,,Method of data collection,Electronic questionnaire and administrative data.
,348,2010,,Type of enumeration,Enterprises (legal units) with 20 or more persons employed are completely enumerated; smaller enterprises are surveyed through sampling; additional use of administrative data.
,348,2011,,Table Note,Number of enterprises
,348,2011,,Reference Period,Calendar year.
,348,2011,,Source,Annual surveys; administrative data; business register.
,348,2011,,Data Supplier,"Hungarian Central Statistical Office, Budapest. 
Industrial statistics for the OECD countries are compiled by the OECD secretariat, which supplies them to UNIDO."
,348,2011,,Deviations from ISIC,Data presented in ISIC (Revision 4) were originally classified according to the national NACE-related classification system.
,348,2011,,Method of data collection,Electronic questionnaire and administrative data.
,348,2011,,Related national publications,None reported.
,348,2011,,Type of enumeration,Enterprises (legal units) with 20 or more persons employed are completely enumerated; smaller enterprises are surveyed through sampling; additional use of administrative data.
,348,2011,,Scope,Enterprises (legal units) with one or more employees.
,348,2011,,Concepts and definitions,No deviations from the standard UN concepts and definitions are reported.
,348,2011,,Adjusted for non-response,Not reported.
,348,2012,,Table Note,Number of enterprises
,348,2012,,Deviations from ISIC,Data presented in ISIC (Revision 4) were originally classified according to the national NACE-related classification system.
,348,2012,,Related national publications,None reported.
,348,2012,,Reference Period,Calendar year.
,348,2012,,Concepts and definitions,No deviations from the standard UN concepts and definitions are reported.
,348,2012,,Adjusted for non-response,Not reported.
,348,2012,,Method of data collection,Electronic questionnaire and administrative data.
,348,2012,,Type of enumeration,Enterprises (legal units) with 20 or more persons employed are completely enumerated; smaller enterprises are surveyed through sampling; additional use of administrative data.
,348,2012,,Source,Annual surveys; administrative data; business register.
,348,2012,,Scope,Enterprises (legal units) with one or more employees.
,348,2012,,Data Supplier,"Hungarian Central Statistical Office, Budapest. 
Industrial statistics for the OECD countries are compiled by the OECD secretariat, which supplies them to UNIDO."
,348,2013,,Table Note,Number of enterprises
,348,2013,,Method of data collection,Electronic questionnaire and administrative data.
,348,2013,,Type of enumeration,Enterprises (legal units) with 20 or more persons employed are completely enumerated; smaller enterprises are surveyed through sampling; additional use of administrative data.
,348,2013,,Source,Annual surveys; administrative data; business register.
,348,2013,,Scope,Enterprises (legal units) with one or more employees.
,348,2013,,Data Supplier,"Hungarian Central Statistical Office, Budapest. 
Industrial statistics for the OECD countries are compiled by the OECD secretariat, which supplies them to UNIDO."
,348,2013,,Deviations from ISIC,Data presented in ISIC (Revision 4) were originally classified according to the national NACE-related classification system.
,348,2013,,Reference Period,Calendar year.
,348,2013,,Concepts and definitions,No deviations from the standard UN concepts and definitions are reported.
,348,2013,,Adjusted for non-response,Not reported.
,348,2013,,Related national publications,None reported.
,348,2014,,Table Note,Number of enterprises
,348,2014,,Deviations from ISIC,Data presented in ISIC (Revision 4) were originally classified according to the national NACE-related classification system.
,348,2014,,Data Supplier,"Hungarian Central Statistical Office, Budapest. 
Industrial statistics for the OECD countries are compiled by the OECD secretariat, which supplies them to UNIDO."
,348,2014,,Concepts and definitions,No deviations from the standard UN concepts and definitions are reported.
,348,2014,,Adjusted for non-response,Not reported.
,348,2014,,Related national publications,None reported.
,348,2014,,Source,Annual surveys; administrative data; business register.
,348,2014,,Reference Period,Calendar year.
,348,2014,,Scope,Enterprises (legal units) with one or more employees.
,348,2014,,Method of data collection,Electronic questionnaire and administrative data.
,348,2014,,Type of enumeration,Enterprises (legal units) with 20 or more persons employed are completely enumerated; smaller enterprises are surveyed through sampling; additional use of administrative data.
,348,2015,,Table Note,Number of enterprises
,348,2015,,Table Note,Output at producers' prices
,348,2015,,Reference Period,Calendar year.
,348,2015,,Scope,Enterprises (legal units) with one or more employees.
,348,2015,,Concepts and definitions,No deviations from the standard UN concepts and definitions are reported.
,348,2015,,Adjusted for non-response,Not reported.
,348,2015,,Deviations from ISIC,Data presented in ISIC (Revision 4) were originally classified according to the national NACE-related classification system.
,348,2015,,Method of data collection,Electronic questionnaire and administrative data.
,348,2015,,Type of enumeration,Enterprises (legal units) with 20 or more persons employed are completely enumerated; smaller enterprises are surveyed through sampling; additional use of administrative data.
,348,2015,,Source,Annual surveys; administrative data; business register.
,348,2015,,Data Supplier,"Hungarian Central Statistical Office, Budapest. 
Data compiled by UNIDO were derived from Eurostat's structural business statistics (SBS) database."
,348,2015,,Related national publications,None reported.
,348,2016,,Table Note,Number of enterprises
,348,2016,,Table Note,Output at producers' prices
,348,2016,,Method of data collection,Electronic questionnaire and administrative data.
,348,2016,,Type of enumeration,Enterprises (legal units) with 20 or more persons employed are completely enumerated; smaller enterprises are surveyed through sampling; additional use of administrative data.
,348,2016,,Source,Annual surveys; administrative data; business register.
,348,2016,,Scope,Enterprises (legal units) with one or more employees.
,348,2016,,Reference Period,Calendar year.
,348,2016,,Data Supplier,"Hungarian Central Statistical Office, Budapest. 
Data compiled by UNIDO were derived from Eurostat's structural business statistics (SBS) database."
,348,2016,,Concepts and definitions,No deviations from the standard UN concepts and definitions are reported.
,348,2016,,Adjusted for non-response,Not reported.
,348,2016,,Deviations from ISIC,Data presented in ISIC (Revision 4) were originally classified according to the national NACE-related classification system.
,348,2016,,Related national publications,None reported.
,348,2017,,Table Note,Number of enterprises
,348,2017,,Table Note,Output at producers' prices
,348,2017,,Deviations from ISIC,Data presented in ISIC (Revision 4) were originally classified according to the national NACE-related classification system.
,348,2017,,Reference Period,Calendar year.
,348,2017,,Data Supplier,"Hungarian Central Statistical Office, Budapest. 
Data compiled by UNIDO were derived from Eurostat's structural business statistics (SBS) database."
,348,2017,,Concepts and definitions,No deviations from the standard UN concepts and definitions are reported.
,348,2017,,Source,Annual surveys; administrative data; business register.
,348,2017,,Scope,Enterprises (legal units) with one or more employees.
,348,2017,,Adjusted for non-response,Not reported.
,348,2017,,Method of data collection,Electronic questionnaire and administrative data.
,348,2017,,Type of enumeration,Enterprises (legal units) with 20 or more persons employed are completely enumerated; smaller enterprises are surveyed through sampling; additional use of administrative data.
,348,2017,,Related national publications,None reported.
,348,2018,,Table Note,Number of enterprises
,348,2018,,Table Note,Output at producers' prices
,348,2018,,Data Supplier,"Hungarian Central Statistical Office, Budapest. 
Data compiled by UNIDO were derived from Eurostat's structural business statistics (SBS) database."
,348,2018,,Concepts and definitions,No deviations from the standard UN concepts and definitions are reported.
,348,2018,,Adjusted for non-response,Not reported.
,348,2018,,Source,Annual surveys; administrative data; business register.
,348,2018,,Reference Period,Calendar year.
,348,2018,,Scope,Enterprises (legal units) with one or more employees.
,348,2018,,Deviations from ISIC,Data presented in ISIC (Revision 4) were originally classified according to the national NACE-related classification system.
,348,2018,,Special note,Methodological break in 2018.
,348,2018,,Related national publications,None reported.
,348,2018,,Method of data collection,Electronic questionnaire and administrative data.
,348,2018,,Type of enumeration,Enterprises (legal units) with 20 or more persons employed are completely enumerated; smaller enterprises are surveyed through sampling; additional use of administrative data.
,348,2019,,Table Note,Number of enterprises
,348,2019,,Table Note,Output at producers' prices
,348,2019,,Reference Period,Calendar year.
,348,2019,,Scope,Enterprises (legal units) with one or more employees.
,348,2019,,Concepts and definitions,No deviations from the standard UN concepts and definitions are reported.
,348,2019,,Adjusted for non-response,Not reported.
,348,2019,,Source,Annual surveys; administrative data; business register.
,348,2019,,Data Supplier,"Hungarian Central Statistical Office, Budapest. 
Data compiled by UNIDO were derived from Eurostat's structural business statistics (SBS) database."
,348,2019,,Deviations from ISIC,Data presented in ISIC (Revision 4) were originally classified according to the national NACE-related classification system.
,348,2019,,Method of data collection,Electronic questionnaire and administrative data.
,348,2019,,Type of enumeration,Enterprises (legal units) with 20 or more persons employed are completely enumerated; smaller enterprises are surveyed through sampling; additional use of administrative data.
,348,2019,,Related national publications,None reported.
,348,2020,,Table Note,Number of enterprises
,348,2020,,Table Note,Output at producers' prices
,348,2020,,Source,Annual surveys; administrative data; business register.
,348,2020,,Scope,Enterprises (legal units) with one or more employees.
,348,2020,,Data Supplier,"Hungarian Central Statistical Office, Budapest. 
Data compiled by UNIDO were derived from Eurostat's structural business statistics (SBS) database."
,348,2020,,Reference Period,Calendar year.
,348,2020,,Method of data collection,Electronic questionnaire and administrative data.
,348,2020,,Type of enumeration,Enterprises (legal units) with 20 or more persons employed are completely enumerated; smaller enterprises are surveyed through sampling; additional use of administrative data.
,348,2020,,Related national publications,None reported.
,348,2020,,Deviations from ISIC,Data presented in ISIC (Revision 4) were originally classified according to the national NACE-related classification system.
,348,2020,,Concepts and definitions,No deviations from the standard UN concepts and definitions are reported.
,348,2020,,Adjusted for non-response,Not reported.
20,348,2005,,Table Note,Value added at factor values
20,348,2006,,Table Note,Value added at factor values
20,348,2007,,Table Note,Value added at factor values
20,348,2008,,Table Note,Value added at factor values
20,348,2009,,Table Note,Value added at factor values
20,348,2010,,Table Note,Value added at factor values
20,348,2011,,Table Note,Value added at factor values
20,348,2012,,Table Note,Value added at factor values
20,348,2013,,Table Note,Value added at factor values
20,348,2014,,Table Note,Value added at factor values
20,348,2015,,Table Note,Value added at factor values
20,348,2016,,Table Note,Value added at factor values
20,348,2017,,Table Note,Value added at factor values
20,348,2018,,Table Note,Value added at factor values
20,348,2019,,Table Note,Value added at factor values
20,348,2020,,Table Note,Value added at factor values
,352,,,Deviations from ISIC,Data presented in ISIC (Revision 4) were originally classified according to the national NACE-related classification system.
,352,,,Method of data collection,Information was derived from official administrative data.
,352,,,Source,Administrative data.
,352,,,Reference Period,Calendar year.
,352,,,Adjusted for non-response,Not reported
,352,,,Scope,All enterprises.
,352,,,Concepts and definitions,No deviations from the standard UN concepts and definitions are reported.
,352,,,Data Supplier,"Statistics Iceland, Reykjavik. 
Industrial statistics for the OECD countries are compiled by the OECD secretariat, which supplies them to UNIDO."
,352,2015,,Table Note,Number of enterprises
,352,2015,,Table Note,Output at producers' prices
,352,2015,,Data Supplier,"Statistics Iceland, Reykjavik. 
Data compiled by UNIDO were derived from Eurostat's structural business statistics (SBS) database."
,352,2015,,Type of enumeration,Complete enumeration.
,352,2015,,Related national publications,"Statistical Yearbook of Iceland, published by Statistics Iceland, Reykjavik."
,352,2016,,Table Note,Number of enterprises
,352,2016,,Table Note,Output at producers' prices
,352,2016,,Related national publications,"Statistical Yearbook of Iceland, published by Statistics Iceland, Reykjavik."
,352,2016,,Data Supplier,"Statistics Iceland, Reykjavik. 
Data compiled by UNIDO were derived from Eurostat's structural business statistics (SBS) database."
,352,2016,,Type of enumeration,Complete enumeration.
,352,2017,,Table Note,Number of enterprises
,352,2017,,Table Note,Output at producers' prices
,352,2017,,Type of enumeration,Complete enumeration.
,352,2017,,Related national publications,"Statistical Yearbook of Iceland, published by Statistics Iceland, Reykjavik."
,352,2017,,Data Supplier,"Statistics Iceland, Reykjavik. 
Data compiled by UNIDO were derived from Eurostat's structural business statistics (SBS) database."
,352,2018,,Table Note,Number of enterprises
,352,2018,,Table Note,Output at producers' prices
,352,2018,,Data Supplier,"Statistics Iceland, Reykjavik. 
Data compiled by UNIDO were derived from Eurostat's structural business statistics (SBS) database."
,352,2018,,Type of enumeration,Complete enumeration.
,352,2018,,Related national publications,"Statistical Yearbook of Iceland, published by Statistics Iceland, Reykjavik."
,352,2019,,Table Note,Number of enterprises
,352,2019,,Table Note,Output at producers' prices
,352,2019,,Type of enumeration,Complete enumeration.
,352,2019,,Related national publications,"Statistical Yearbook of Iceland, published by Statistics Iceland, Reykjavik."
,352,2019,,Data Supplier,"Statistics Iceland, Reykjavik. 
Data compiled by UNIDO were derived from Eurostat's structural business statistics (SBS) database."
,352,2020,,Table Note,Number of enterprises
,352,2020,,Table Note,Output at producers' prices
,352,2020,,Type of enumeration,Complete enumeration.
,352,2020,,Data Supplier,"Statistics Iceland, Reykjavik. 
Data compiled by UNIDO were derived from Eurostat's structural business statistics (SBS) database."
,352,2020,,Related national publications,"Statistical Yearbook of Iceland, published by Statistics Iceland, Reykjavik."
20,352,2015,,Table Note,Value added at factor values
20,352,2016,,Table Note,Value added at factor values
20,352,2017,,Table Note,Value added at factor values
20,352,2018,,Table Note,Value added at factor values
20,352,2019,,Table Note,Value added at factor values
20,352,2020,,Table Note,Value added at factor values
,356,,,Scope,"All manufacturing units registered under sections 2m(i) & 2m(ii) of Factories Act,1948; Bidi & Cigar units employing 10 or more workers with aid of power or 20 or more workers without aid of power and registered under Bidi & Cigar (Conditions of Employment) Act, 1966 and electricity undertakings engaged in generation, transmission and distribution of electricity and not registered with Central Electricity Authority."
,356,,,Reference Period,"From 1 April of the year indicated to 31 March of the following year. However, individual factory returns for an accounting year ending on any day during the reference period are also accepted."
,356,,,Concepts and definitions,Output refers to gross output.
,356,,,Related national publications,"Annual Survey of Industries, published by the National Statistical Office, Industrial Statistics Wing, Kolkata."
,356,,,Deviations from ISIC,"Data were originally classified according to the National Industrial Classification 2008, which was based on ISIC Revision 4."
,356,,,Concepts and definitions,Wages and salaries refers to compensation of employees and it excludes payments in kind.
,356,,,Source,Annual survey of registered establishments.
,356,,,Data Supplier,"National Statistical Office, Industrial Statistics Wing, Kolkata."
,356,,,Adjusted for non-response,Yes.
,356,,,Type of enumeration,Sample survey.
,356,2008,,Table Note,Output at basic prices
,356,2008,,Method of data collection,Data are collected by questionnaires and field enumerators.
,356,2009,,Table Note,Output at basic prices
,356,2009,,Method of data collection,Data are collected by questionnaires and field enumerators.
,356,2010,,Table Note,Output at basic prices
,356,2010,,Method of data collection,Data are collected by questionnaires and field enumerators.
,356,2011,,Table Note,Output at basic prices
,356,2011,,Method of data collection,Online survey.
,356,2012,,Table Note,Output at basic prices
,356,2012,,Method of data collection,Online survey.
,356,2013,,Table Note,Output at basic prices
,356,2013,,Method of data collection,Online survey.
,356,2014,,Table Note,Output at basic prices
,356,2014,,Method of data collection,Online survey.
,356,2015,,Table Note,Output at basic prices
,356,2015,,Method of data collection,Online survey.
,356,2016,,Table Note,Output at basic prices
,356,2016,,Method of data collection,Online survey.
,356,2017,,Table Note,Output at basic prices
,356,2017,,Method of data collection,Online survey.
,356,2018,,Table Note,Output at basic prices
,356,2018,,Method of data collection,Online survey.
,356,2019,,Table Note,Output at basic prices
,356,2019,,Method of data collection,Online survey.
20,356,,,Concepts and definitions,Value added refers to total value added.
20,356,2008,,Table Note,Value added at basic prices
20,356,2009,,Table Note,Value added at basic prices
20,356,2010,,Table Note,Value added at basic prices
20,356,2011,,Table Note,Value added at basic prices
20,356,2012,,Table Note,Value added at basic prices
20,356,2013,,Table Note,Value added at basic prices
20,356,2014,,Table Note,Value added at basic prices
20,356,2015,,Table Note,Value added at basic prices
20,356,2016,,Table Note,Value added at basic prices
20,356,2017,,Table Note,Value added at basic prices
20,356,2018,,Table Note,Value added at basic prices
20,356,2019,,Table Note,Value added at basic prices
,360,,,Reference Period,Calendar year.
,360,,,Scope,Establishments with 30 or more employees.
,360,,,Adjusted for non-response,Yes. (Response rate: approximately 50%)
,360,,,Related national publications,"Annual Manufacturing Survey, published by the Central Bureau of Statistics (BPS), Jakarta."
,360,,,Type of enumeration,Complete enumeration.
,360,,,Concepts and definitions,"Wages and salaries includes employers' contributions (in respect of their employees) paid to social security, pension and insurance schemes as well as the benefits received by employees under these schemes and severance and termination pay."
,360,,,Data Supplier,"Central Bureau of Statistics (BPS), Jakarta."
,360,,,Source,Survey on registered establishments.
,360,,,Method of data collection,Mail questionnaires.
,360,,,Deviations from ISIC,None reported.
,360,2008,,Table Note,Output at producers' prices
,360,2008,,Footnote,Data were derived from the official website.
,360,2008,,Footnote,"For some industries, the number of employees may be less than the number of enterprises owing to the reason that the workforce in those industries consists of: a) working proprietors, b) active business partners and, c) home workers that are not included in the count of employees."
,360,2008,,Footnote,Data were derived from the official website.
,360,2008,,Footnote,Data were derived from the official website.
,360,2008,,Footnote,Data were derived from the official website.
,360,2009,,Table Note,Output at producers' prices
,360,2009,,Footnote,"For some industries, the number of employees may be less than the number of enterprises owing to the reason that the workforce in those industries consists of: a) working proprietors, b) active business partners and, c) home workers that are not included in the count of employees."
,360,2009,,Footnote,Data were derived from the official website.
,360,2009,,Footnote,Data were derived from the official website.
,360,2009,,Footnote,Data were derived from the official website.
,360,2009,,Footnote,Data were derived from the official website.
,360,2010,,Table Note,Output at producers' prices
,360,2010,,Footnote,Data were derived from the official website.
,360,2010,,Footnote,"For some industries, the number of employees may be less than the number of enterprises owing to the reason that the workforce in those industries consists of: a) working proprietors, b) active business partners and, c) home workers that are not included in the count of employees."
,360,2011,,Table Note,Output at producers' prices
,360,2011,,Footnote,"For some industries, the number of employees may be less than the number of enterprises owing to the reason that the workforce in those industries consists of: a) working proprietors, b) active business partners and, c) home workers that are not included in the count of employees."
,360,2011,,Footnote,Data were derived from the official website.
,360,2012,,Table Note,Output at producers' prices
,360,2012,,Footnote,Data were derived from the official website.
,360,2012,,Footnote,"For some industries, the number of employees may be less than the number of enterprises owing to the reason that the workforce in those industries consists of: a) working proprietors, b) active business partners and, c) home workers that are not included in the count of employees."
,360,2013,,Table Note,Output at producers' prices
,360,2013,,Footnote,Data were derived from the official website.
,360,2013,,Footnote,"For some industries, the number of employees may be less than the number of enterprises owing to the reason that the workforce in those industries consists of: a) working proprietors, b) active business partners and, c) home workers that are not included in the count of employees."
,360,2013,,Footnote,Data were derived from the official website.
,360,2014,,Table Note,Output at producers' prices
,360,2014,,Footnote,Data were derived from the official website.
,360,2014,,Footnote,"For some industries, the number of employees may be less than the number of enterprises owing to the reason that the workforce in those industries consists of: a) working proprietors, b) active business partners and, c) home workers that are not included in the count of employees."
,360,2014,,Footnote,Data were derived from the official website.
,360,2014,,Footnote,Data were derived from the official website.
,360,2014,,Footnote,Data were derived from the official website.
,360,2015,,Table Note,Output at producers' prices
,360,2015,,Footnote,Data were derived from the official website.
,360,2015,,Footnote,"For some industries, the number of employees may be less than the number of enterprises owing to the reason that the workforce in those industries consists of: a) working proprietors, b) active business partners and, c) home workers that are not included in the count of employees."
,360,2015,,Footnote,Data were derived from the official website.
,360,2015,,Footnote,Data were derived from the official website.
,360,2015,,Footnote,Data were derived from the official website.
,360,2015,,Concepts and definitions,Output includes revenue from non-industrial activities.
,360,2016,,Table Note,Output at producers' prices
,360,2016,,Footnote,"For some industries, the number of employees may be less than the number of enterprises owing to the reason that the workforce in those industries consists of: a) working proprietors, b) active business partners and, c) home workers that are not included in the count of employees."
,360,2016,,Footnote,Data were derived from the official website.
,360,2016,,Footnote,Data were derived from the official website.
,360,2016,,Footnote,Data were derived from the official website.
,360,2016,,Footnote,Data were derived from the official website.
,360,2016,,Concepts and definitions,Output includes revenue from non-industrial activities.
,360,2017,,Table Note,Output at producers' prices
,360,2017,,Footnote,Data were derived from the official website.
,360,2017,,Footnote,"For some industries, the number of employees may be less than the number of enterprises owing to the reason that the workforce in those industries consists of: a) working proprietors, b) active business partners and, c) home workers that are not included in the count of employees."
,360,2017,,Footnote,Data were derived from the official website.
,360,2017,,Footnote,Data were derived from the official website.
,360,2017,,Footnote,Data were derived from the official website.
,360,2017,,Concepts and definitions,Output includes revenue from non-industrial activities.
,360,2018,,Table Note,Output at producers' prices
,360,2018,,Footnote,Data were derived from the official website.
,360,2018,,Footnote,"For some industries, the number of employees may be less than the number of enterprises owing to the reason that the workforce in those industries consists of: a) working proprietors, b) active business partners and, c) home workers that are not included in the count of employees."
,360,2018,,Footnote,Data were derived from the official website.
,360,2018,,Footnote,Data were derived from the official website.
,360,2018,,Concepts and definitions,Output includes revenue from non-industrial activities.
,360,2018,,Footnote,Data were derived from the official website.
,360,2019,,Table Note,Output at producers' prices
,360,2019,,Footnote,"For some industries, the number of employees may be less than the number of enterprises owing to the reason that the workforce in those industries consists of: a) working proprietors, b) active business partners and, c) home workers that are not included in the count of employees."
,360,2019,,Footnote,Data were derived from the official website.
,360,2019,,Footnote,Data were derived from the official website.
,360,2019,,Footnote,Data were derived from the official website.
,360,2019,,Footnote,Data were derived from the official website.
,360,2019,,Concepts and definitions,Output includes revenue from non-industrial activities.
,360,2020,,Footnote,Data were derived from the official website.
,360,2020,,Footnote,Data were derived from the official website.
,360,2020,,Footnote,"For some industries, the number of employees may be less than the number of enterprises owing to the reason that the workforce in those industries consists of: a) working proprietors, b) active business partners and, c) home workers that are not included in the count of employees."
20,360,2008,,Table Note,Value added at factor values
20,360,2008,,Footnote,Data were derived from the official website.
20,360,2009,,Table Note,Value added at factor values
20,360,2009,,Footnote,Data were derived from the official website.
20,360,2010,,Table Note,Value added at factor values
20,360,2010,,Footnote,Data were derived from the official website.
20,360,2011,,Table Note,Value added at factor values
20,360,2011,,Footnote,Data were derived from the official website.
20,360,2012,,Table Note,Value added at factor values
20,360,2012,,Footnote,Data were derived from the official website.
20,360,2013,,Table Note,Value added at factor values
20,360,2013,,Footnote,Data were derived from the official website.
20,360,2014,,Table Note,Value added at factor values
20,360,2014,,Footnote,Data were derived from the official website.
20,360,2015,,Table Note,Value added at factor values
20,360,2015,,Footnote,Data were derived from the official website.
20,360,2016,,Table Note,Value added at factor values
20,360,2016,,Footnote,Data were derived from the official website.
20,360,2017,,Table Note,Value added at factor values
20,360,2017,,Footnote,Data were derived from the official website.
20,360,2018,,Table Note,Value added at factor values
20,360,2018,,Footnote,Data were derived from the official website.
20,360,2019,,Table Note,Value added at factor values
20,360,2019,,Footnote,Data were derived from the official website.
20,360,2020,,Table Note,Value added at factor values
20,360,2020,,Footnote,Data were derived from the official website.
,364,2015,,Table Note,Output at factor values
,364,2015,,Method of data collection,Direct interview in the field and administrative source.
,364,2015,,Source,Annual survey.
,364,2015,,Reference Period,Calendar year.
,364,2015,,Scope,Establishments with 10 or more employees.
,364,2015,,Data Supplier,"Statistical Centre of Iran, Teheran."
,364,2015,,Adjusted for non-response,Yes.
,364,2015,,Concepts and definitions,Output includes revenue from non-industrial activities.
,364,2015,,Related national publications,None reported.
,364,2015,,Type of enumeration,Complete enumeration for large and medium manufacturing units; sample survey for those with less than 50 employees.
,364,2015,,Deviations from ISIC,None reported.
,364,2015,,Concepts and definitions,"Wages and salaries includes employers' contributions (in respect of their employees) paid to social security, pension and insurance schemes as well as the benefits received by employees under these schemes and severance and termination pay."
,364,2016,,Table Note,Output at factor values
,364,2016,,Reference Period,Calendar year.
,364,2016,,Scope,Establishments with 10 or more employees.
,364,2016,,Source,Annual survey.
,364,2016,,Data Supplier,"Statistical Centre of Iran, Teheran."
,364,2016,,Adjusted for non-response,Yes.
,364,2016,,Concepts and definitions,Output includes revenue from non-industrial activities.
,364,2016,,Deviations from ISIC,None reported.
,364,2016,,Related national publications,None reported.
,364,2016,,Type of enumeration,Complete enumeration for large and medium manufacturing units; sample survey for those with less than 50 employees.
,364,2016,,Method of data collection,Direct interview in the field and administrative source.
,364,2016,,Concepts and definitions,"Wages and salaries includes employers' contributions (in respect of their employees) paid to social security, pension and insurance schemes as well as the benefits received by employees under these schemes and severance and termination pay."
,364,2017,,Table Note,Output at factor values
,364,2017,,Source,Annual survey.
,364,2017,,Scope,Establishments with 10 or more employees.
,364,2017,,Data Supplier,"Statistical Centre of Iran, Teheran."
,364,2017,,Adjusted for non-response,Yes (response rate: approximately 75%).
,364,2017,,Concepts and definitions,Output excludes net change between the beginning and end of the year in the value of stocks of finished goods.
,364,2017,,Reference Period,Calendar year.
,364,2017,,Type of enumeration,Complete enumeration for large and medium manufacturing units; sample survey for those with less than 50 employees.
,364,2017,,Method of data collection,Direct interview in the field and online survey.
,364,2017,,Related national publications,None reported.
,364,2017,,Deviations from ISIC,None reported.
,364,2017,,Concepts and definitions,"Wages and salaries includes employers' contributions (in respect of their employees) paid to social security, pension and insurance schemes as well as the benefits received by employees under these schemes and severance and termination pay."
,364,2018,,Table Note,Output at factor values
,364,2018,,Adjusted for non-response,Yes (response rate: approximately 75%).
,364,2018,,Source,Annual survey.
,364,2018,,Reference Period,Calendar year.
,364,2018,,Scope,Establishments with 10 or more employees.
,364,2018,,Data Supplier,"Statistical Centre of Iran, Teheran."
,364,2018,,Concepts and definitions,Output excludes net change between the beginning and end of the year in the value of stocks of finished goods.
,364,2018,,Type of enumeration,Complete enumeration for large and medium manufacturing units; sample survey for those with less than 50 employees.
,364,2018,,Deviations from ISIC,None reported.
,364,2018,,Method of data collection,Direct interview in the field and online survey.
,364,2018,,Related national publications,None reported.
,364,2018,,Concepts and definitions,"Wages and salaries includes employers' contributions (in respect of their employees) paid to social security, pension and insurance schemes as well as the benefits received by employees under these schemes and severance and termination pay."
,364,2019,,Table Note,Output at factor values
,364,2019,,Source,Annual survey.
,364,2019,,Reference Period,Calendar year.
,364,2019,,Scope,Establishments with 10 or more employees.
,364,2019,,Data Supplier,"Statistical Centre of Iran, Teheran."
,364,2019,,Concepts and definitions,Output excludes net change between the beginning and end of the year in the value of stocks of finished goods.
,364,2019,,Adjusted for non-response,Yes (response rate: approximately 75%).
,364,2019,,Related national publications,None reported.
,364,2019,,Type of enumeration,Complete enumeration for large and medium manufacturing units; sample survey for those with less than 50 employees.
,364,2019,,Method of data collection,Direct interview in the field and online survey.
,364,2019,,Deviations from ISIC,None reported.
,364,2019,,Concepts and definitions,"Wages and salaries includes employers' contributions (in respect of their employees) paid to social security, pension and insurance schemes as well as the benefits received by employees under these schemes and severance and termination pay."
20,364,2015,,Table Note,Value added at factor values
20,364,2016,,Table Note,Value added at factor values
20,364,2017,,Table Note,Value added at factor values
20,364,2018,,Table Note,Value added at factor values
20,364,2019,,Table Note,Value added at factor values
,368,,,Source,Annual industrial survey.
,368,,,Reference Period,Calendar year.
,368,,,Data Supplier,"Central Statistical Organization, Ministry of Planning, Baghdad."
,368,,,Special note,Iraqi Kurdistan is not included.
,368,,,Deviations from ISIC,None reported.
,368,2013,,Table Note,Output at factor values
,368,2013,,Adjusted for non-response,Not reported.
,368,2013,,Scope,All establishments.
,368,2013,,Type of enumeration,Complete enumeration of establishments with 10 or more employees and a sample of smaller establishments.
,368,2013,,Related national publications,None reported.
,368,2013,,Method of data collection,Direct interview in the field.
,368,2013,,Footnote,"For some industries, the number of employees may be less than the number of establishments owing to the reason that the workforce in those industries consists of: a) working proprietors, b) active business partners and, c) home workers that are not included in the count of employees."
,368,2013,,Concepts and definitions,"Wages and salaries includes employers' contributions (in respect of their employees) paid to social security, pension and insurance schemes as well as the benefits received by employees under these schemes and severance and termination pay."
,368,2014,,Table Note,Output at factor values
,368,2014,,Scope,All establishments.
,368,2014,,Type of enumeration,Complete enumeration of establishments with 10 or more employees and a sample of smaller establishments.
,368,2014,,Related national publications,None reported.
,368,2014,,Method of data collection,Direct interview in the field.
,368,2014,,Adjusted for non-response,Not reported.
,368,2014,,Concepts and definitions,Wages and salaries excludes housing and family allowances paid directly by the employer and payments in kind.
,368,2014,,Footnote,"For some industries, the number of employees may be less than the number of establishments owing to the reason that the workforce in those industries consists of: a) working proprietors, b) active business partners and, c) home workers that are not included in the count of employees."
,368,2015,,Table Note,Output at factor values
,368,2015,,Related national publications,"Annual Statistics of Large Industrial Establishments, published by the Central Statistical Organization, Ministry of Planning, Baghdad."
,368,2015,,Type of enumeration,Complete enumeration of establishments with 10 or more employees and a sample of smaller establishments.
,368,2015,,Method of data collection,Direct interview in the field.
,368,2015,,Scope,All establishments.
,368,2015,,Adjusted for non-response,Not reported.
,368,2015,,Concepts and definitions,Wages and salaries excludes housing and family allowances paid directly by the employer and payments in kind.
,368,2015,,Footnote,"For some industries, the number of employees may be less than the number of establishments owing to the reason that the workforce in those industries consists of: a) working proprietors, b) active business partners and, c) home workers that are not included in the count of employees."
,368,2016,,Table Note,Output at factor values
,368,2016,,Adjusted for non-response,Not reported.
,368,2016,,Type of enumeration,Complete enumeration of establishments with 10 or more employees and a sample of smaller establishments.
,368,2016,,Footnote,"For some industries, the number of employees may be less than the number of establishments owing to the reason that the workforce in those industries consists of: a) working proprietors, b) active business partners and, c) home workers that are not included in the count of employees."
,368,2016,,Related national publications,"Annual Statistics of Large Industrial Establishments, published by the Central Statistical Organization, Ministry of Planning, Baghdad."
,368,2016,,Method of data collection,Direct interview in the field.
,368,2016,,Scope,All establishments.
,368,2016,,Concepts and definitions,Wages and salaries excludes housing and family allowances paid directly by the employer and payments in kind.
,368,2017,,Table Note,Output at factor values
,368,2017,,Scope,All establishments.
,368,2017,,Related national publications,"Annual Statistics of Large Industrial Establishments, published by the Central Statistical Organization, Ministry of Planning, Baghdad."
,368,2017,,Method of data collection,Direct interview in the field.
,368,2017,,Type of enumeration,Complete enumeration of establishments with 10 or more employees and a sample of smaller establishments.
,368,2017,,Adjusted for non-response,Not reported.
,368,2017,,Footnote,"For some industries, the number of employees may be less than the number of establishments owing to the reason that the workforce in those industries consists of: a) working proprietors, b) active business partners and, c) home workers that are not included in the count of employees."
,368,2017,,Concepts and definitions,Wages and salaries excludes housing and family allowances paid directly by the employer and payments in kind.
,368,2018,,Table Note,Output at factor values
,368,2018,,Related national publications,"Annual Statistics of Large Industrial Establishments, published by the Central Statistical Organization, Ministry of Planning, Baghdad."
,368,2018,,Footnote,"For some industries, the number of employees may be less than the number of establishments owing to the reason that the workforce in those industries consists of: a) working proprietors, b) active business partners and, c) home workers that are not included in the count of employees."
,368,2018,,Type of enumeration,Complete enumeration of establishments with 10 or more employees and a sample of smaller establishments.
,368,2018,,Method of data collection,Direct interview in the field.
,368,2018,,Adjusted for non-response,Yes. (Response rate: approximately 95%)
,368,2018,,Scope,All establishments.
,368,2018,,Concepts and definitions,Wages and salaries excludes housing and family allowances paid directly by the employer and payments in kind.
,368,2018,1311,Footnote,Inconsistencies are due to changed main activity of important business entity from 1311 to 1312.
,368,2018,1311,Footnote,Inconsistencies are due to changed main activity of important business entity from 1311 to 1312.
,368,2018,1311,Footnote,Inconsistencies are due to changed main activity of important business entity from 1311 to 1312.
,368,2018,1311,Footnote,Inconsistencies are due to changed main activity of important business entity from 1311 to 1312.
,368,2018,1312,Footnote,Inconsistencies are due to changed main activity of important business entity from 1311 to 1312.
,368,2018,1312,Footnote,Inconsistencies are due to changed main activity of important business entity from 1311 to 1312.
,368,2018,1312,Footnote,Inconsistencies are due to changed main activity of important business entity from 1311 to 1312.
,368,2018,1312,Footnote,Inconsistencies are due to changed main activity of important business entity from 1311 to 1312.
,368,2019,,Table Note,Output at factor values
,368,2019,,Type of enumeration,Complete enumeration.
,368,2019,,Method of data collection,Direct interview in the field.
,368,2019,,Footnote,"For some industries, the number of employees may be less than the number of establishments owing to the reason that the workforce in those industries consists of: a) working proprietors, b) active business partners and, c) home workers that are not included in the count of employees."
,368,2019,,Scope,Establishments with 30 or more employees.
,368,2019,,Adjusted for non-response,Yes. (Response rate: approximately 95%)
,368,2019,,Related national publications,"Annual Statistics of Large Industrial Establishments, published by the Central Statistical Organization, Ministry of Planning, Baghdad."
,368,2019,,Concepts and definitions,Wages and salaries excludes housing and family allowances paid directly by the employer and payments in kind.
,368,2020,,Table Note,Output at factor values
,368,2020,,Related national publications,"Annual Statistics of Large Industrial Establishments, published by the Central Statistical Organization, Ministry of Planning, Baghdad."
,368,2020,,Method of data collection,Direct interview in the field.
,368,2020,,Adjusted for non-response,Not reported.
,368,2020,,Scope,All establishments.
,368,2020,,Type of enumeration,Complete enumeration.
,368,2020,,Concepts and definitions,Wages and salaries excludes housing and family allowances paid directly by the employer and payments in kind.
,368,2020,,Footnote,"For some industries, the number of employees may be less than the number of establishments owing to the reason that the workforce in those industries consists of: a) working proprietors, b) active business partners and, c) home workers that are not included in the count of employees."
20,368,2018,1311,Footnote,Inconsistencies are due to changed main activity of important business entity from 1311 to 1312.
20,368,2018,1312,Footnote,Inconsistencies are due to changed main activity of important business entity from 1311 to 1312.
,372,,,Source,Annual surveys; administrative data; business registers.
,372,,,Type of enumeration,Census covers principally all enterprises; detail of questionnaire depends on size; administrative data is used to estimate enterprises with less than three persons engaged.
,372,,,Method of data collection,Mail questionnaires; electronic questionnaires.
,372,,,Related national publications,"Statistical Yearbook of Ireland, published by Irish Central Statistics Office, Dublin."
,372,,,Deviations from ISIC,Data presented in ISIC (Revision 4) were originally classified according to NACE Rev. 2.
,372,,,Scope,All units wholly or primarily engaged in industrial production.
,372,,,Reference Period,Calendar year.
,372,,,Concepts and definitions,No deviations from the standard UN concepts and definitions are reported.
,372,,,Adjusted for non-response,Not reported.
,372,,,Footnote,Data derived from OECD's or Eurostat's databases refer to Gross investment in tangible goods only.
,372,2005,,Table Note,Number of enterprises
,372,2005,,Data Supplier,"Irish Central Statistics Office, Dublin. 
Industrial statistics for the OECD countries are compiled by the OECD secretariat, which supplies them to UNIDO."
,372,2006,,Table Note,Number of enterprises
,372,2006,,Data Supplier,"Irish Central Statistics Office, Dublin. 
Industrial statistics for the OECD countries are compiled by the OECD secretariat, which supplies them to UNIDO."
,372,2007,,Table Note,Number of enterprises
,372,2007,,Data Supplier,"Irish Central Statistics Office, Dublin. 
Industrial statistics for the OECD countries are compiled by the OECD secretariat, which supplies them to UNIDO."
,372,2008,,Table Note,Number of enterprises
,372,2008,,Special note,Methodological break in 2008.
,372,2008,,Footnote,"For some industries, the number of employees may be less than the number of enterprises owing to the reason that the workforce in those industries consists of: a) working proprietors and, b) unpaid family workers that are not included in the count of employees."
,372,2008,,Data Supplier,"Irish Central Statistics Office, Dublin. 
Industrial statistics for the OECD countries are compiled by the OECD secretariat, which supplies them to UNIDO."
,372,2009,,Table Note,Number of enterprises
,372,2009,,Footnote,"For some industries, the number of employees may be less than the number of enterprises owing to the reason that the workforce in those industries consists of: a) working proprietors and, b) unpaid family workers that are not included in the count of employees."
,372,2009,,Data Supplier,"Irish Central Statistics Office, Dublin. 
Industrial statistics for the OECD countries are compiled by the OECD secretariat, which supplies them to UNIDO."
,372,2010,,Table Note,Number of enterprises
,372,2010,,Data Supplier,"Irish Central Statistics Office, Dublin. 
Industrial statistics for the OECD countries are compiled by the OECD secretariat, which supplies them to UNIDO."
,372,2010,,Footnote,"For some industries, the number of employees may be less than the number of enterprises owing to the reason that the workforce in those industries consists of: a) working proprietors and, b) unpaid family workers that are not included in the count of employees."
,372,2011,,Table Note,Number of enterprises
,372,2011,,Footnote,"For some industries, the number of employees may be less than the number of enterprises owing to the reason that the workforce in those industries consists of: a) working proprietors and, b) unpaid family workers that are not included in the count of employees."
,372,2011,,Data Supplier,"Irish Central Statistics Office, Dublin. 
Industrial statistics for the OECD countries are compiled by the OECD secretariat, which supplies them to UNIDO."
,372,2012,,Table Note,Number of enterprises
,372,2012,,Data Supplier,"Irish Central Statistics Office, Dublin. 
Industrial statistics for the OECD countries are compiled by the OECD secretariat, which supplies them to UNIDO."
,372,2012,,Footnote,"For some industries, the number of employees may be less than the number of enterprises owing to the reason that the workforce in those industries consists of: a) working proprietors and, b) unpaid family workers that are not included in the count of employees."
,372,2013,,Table Note,Number of enterprises
,372,2013,,Data Supplier,"Irish Central Statistics Office, Dublin. 
Industrial statistics for the OECD countries are compiled by the OECD secretariat, which supplies them to UNIDO."
,372,2013,,Footnote,"For some industries, the number of employees may be less than the number of enterprises owing to the reason that the workforce in those industries consists of: a) working proprietors and, b) unpaid family workers that are not included in the count of employees."
,372,2014,,Table Note,Number of enterprises
,372,2014,,Data Supplier,"Irish Central Statistics Office, Dublin. 
Industrial statistics for the OECD countries are compiled by the OECD secretariat, which supplies them to UNIDO."
,372,2014,,Footnote,"For some industries, the number of employees may be less than the number of enterprises owing to the reason that the workforce in those industries consists of: a) working proprietors and, b) unpaid family workers that are not included in the count of employees."
,372,2015,,Table Note,Number of enterprises
,372,2015,,Table Note,Output at producers' prices
,372,2015,,Data Supplier,"Irish Central Statistics Office, Dublin. 
Data compiled by UNIDO were derived from Eurostat's structural business statistics (SBS) database."
,372,2015,,Special note,Limited comparability over time due to relocations of entire balance sheets to Ireland in 2015. Associated with the relocations were significant increases in contract manufacturing activity attributable to Ireland.
,372,2015,,Footnote,"For some industries, the number of employees may be less than the number of enterprises owing to the reason that the workforce in those industries consists of: a) working proprietors and, b) unpaid family workers that are not included in the count of employees."
,372,2016,,Table Note,Number of enterprises
,372,2016,,Table Note,Output at producers' prices
,372,2016,,Special note,Limited comparability over time due to relocations of entire balance sheets to Ireland in 2015. Associated with the relocations were significant increases in contract manufacturing activity attributable to Ireland.
,372,2016,,Footnote,"For some industries, the number of employees may be less than the number of enterprises owing to the reason that the workforce in those industries consists of: a) working proprietors and, b) unpaid family workers that are not included in the count of employees."
,372,2016,,Data Supplier,"Irish Central Statistics Office, Dublin. 
Data compiled by UNIDO were derived from Eurostat's structural business statistics (SBS) database."
,372,2017,,Table Note,Number of enterprises
,372,2017,,Table Note,Output at producers' prices
,372,2017,,Special note,Limited comparability over time due to relocations of entire balance sheets to Ireland in 2015. Associated with the relocations were significant increases in contract manufacturing activity attributable to Ireland.
,372,2017,,Footnote,"For some industries, the number of employees may be less than the number of enterprises owing to the reason that the workforce in those industries consists of: a) working proprietors and, b) unpaid family workers that are not included in the count of employees."
,372,2017,,Data Supplier,"Irish Central Statistics Office, Dublin. 
Data compiled by UNIDO were derived from Eurostat's structural business statistics (SBS) database."
,372,2018,,Table Note,Number of enterprises
,372,2018,,Table Note,Output at producers' prices
,372,2018,,Special note,Limited comparability over time due to relocations of entire balance sheets to Ireland in 2015. Associated with the relocations were significant increases in contract manufacturing activity attributable to Ireland.
,372,2018,,Data Supplier,"Irish Central Statistics Office, Dublin. 
Data compiled by UNIDO were derived from Eurostat's structural business statistics (SBS) database."
,372,2018,,Footnote,"For some industries, the number of employees may be less than the number of enterprises owing to the reason that the workforce in those industries consists of: a) working proprietors and, b) unpaid family workers that are not included in the count of employees."
,372,2019,,Table Note,Number of enterprises
,372,2019,,Table Note,Output at producers' prices
,372,2019,,Special note,Limited comparability over time due to relocations of entire balance sheets to Ireland in 2015. Associated with the relocations were significant increases in contract manufacturing activity attributable to Ireland.
,372,2019,,Footnote,"For some industries, the number of employees may be less than the number of enterprises owing to the reason that the workforce in those industries consists of: a) working proprietors and, b) unpaid family workers that are not included in the count of employees."
,372,2019,,Data Supplier,"Irish Central Statistics Office, Dublin. 
Data compiled by UNIDO were derived from Eurostat's structural business statistics (SBS) database."
,372,2020,,Table Note,Number of enterprises
,372,2020,,Table Note,Output at producers' prices
,372,2020,,Special note,Limited comparability over time due to relocations of entire balance sheets to Ireland in 2015. Associated with the relocations were significant increases in contract manufacturing activity attributable to Ireland.
,372,2020,,Data Supplier,"Irish Central Statistics Office, Dublin. 
Data compiled by UNIDO were derived from Eurostat's structural business statistics (SBS) database."
,372,2020,,Footnote,"For some industries, the number of employees may be less than the number of enterprises owing to the reason that the workforce in those industries consists of: a) working proprietors and, b) unpaid family workers that are not included in the count of employees."
20,372,2005,,Table Note,Value added at factor values
20,372,2006,,Table Note,Value added at factor values
20,372,2007,,Table Note,Value added at factor values
20,372,2008,,Table Note,Value added at factor values
20,372,2009,,Table Note,Value added at factor values
20,372,2010,,Table Note,Value added at factor values
20,372,2011,,Table Note,Value added at factor values
20,372,2012,,Table Note,Value added at factor values
20,372,2013,,Table Note,Value added at factor values
20,372,2014,,Table Note,Value added at factor values
20,372,2015,,Table Note,Value added at factor values
20,372,2016,,Table Note,Value added at factor values
20,372,2017,,Table Note,Value added at factor values
20,372,2018,,Table Note,Value added at factor values
20,372,2019,,Table Note,Value added at factor values
20,372,2020,,Table Note,Value added at factor values
,376,,,Related national publications,"Manufacturing, Mining and Quarrying Survey, published by the Central Bureau of Statistics, Jerusalem."
,376,,,Deviations from ISIC,None reported.
,376,,,Type of enumeration,Sample survey.
,376,,,Scope,All establishments.
,376,,,Reference Period,Calendar year.
,376,,,Source,Annual survey; administrative data.
,376,,,Data Supplier,"Central Bureau of Statistics, Jerusalem."
,376,,,Adjusted for non-response,Yes.
,376,,,Method of data collection,Data derived from administrative source.
,376,,,Footnote,Output refers to gross output.
,376,,,Footnote,Wages and salaries is compensation of employees.
,376,2011,,Table Note,Number of persons engaged
,376,2011,,Table Note,Output at basic prices
,376,2012,,Table Note,Number of persons engaged
,376,2012,,Table Note,Output at basic prices
,376,2013,,Table Note,Number of persons engaged
,376,2013,,Table Note,Output at basic prices
,376,2014,,Table Note,Number of persons engaged
,376,2014,,Table Note,Output at basic prices
,376,2015,,Table Note,Number of persons engaged
,376,2015,,Table Note,Output at basic prices
,376,2016,,Table Note,Number of persons engaged
,376,2016,,Table Note,Output at basic prices
,376,2017,,Table Note,Number of persons engaged
,376,2017,,Table Note,Output at basic prices
,376,2018,,Table Note,Number of persons engaged
,376,2018,,Table Note,Output at basic prices
,376,2019,,Table Note,Number of persons engaged
,376,2019,,Table Note,Output at basic prices
20,376,,,Footnote,Value added refers to total value added.
20,376,2011,,Table Note,Value added at basic prices
20,376,2012,,Table Note,Value added at basic prices
20,376,2013,,Table Note,Value added at basic prices
20,376,2014,,Table Note,Value added at basic prices
20,376,2015,,Table Note,Value added at basic prices
20,376,2016,,Table Note,Value added at basic prices
20,376,2017,,Table Note,Value added at basic prices
20,376,2018,,Table Note,Value added at basic prices
20,376,2019,,Table Note,Value added at basic prices
,380,,,Type of enumeration,Enterprises with 100 or more employees are completely enumerated; enterprises below that threshold are sampled.
,380,,,Method of data collection,Not reported.
,380,,,Scope,All enterprises.
,380,,,Reference Period,Calendar year.
,380,,,Concepts and definitions,No deviations from the standard UN concepts and definitions are reported.
,380,,,Adjusted for non-response,Not reported.
,380,,,Source,Annual surveys; administrative data; business register.
,380,,,Deviations from ISIC,Data presented in ISIC (Revision 4) were originally classified according to the national NACE-related classification system.
,380,,,Related national publications,None reported.
,380,,,Footnote,Data derived from OECD's or Eurostat's databases refer to Gross investment in tangible goods only.
,380,2005,,Table Note,Number of enterprises
,380,2005,,Data Supplier,"Istituto Nazionale di Statistica (National Institute of Statistics), Rome. 
Industrial statistics for the OECD countries are compiled by the OECD secretariat, which supplies them to UNIDO."
,380,2006,,Table Note,Number of enterprises
,380,2006,,Data Supplier,"Istituto Nazionale di Statistica (National Institute of Statistics), Rome. 
Industrial statistics for the OECD countries are compiled by the OECD secretariat, which supplies them to UNIDO."
,380,2007,,Table Note,Number of enterprises
,380,2007,,Data Supplier,"Istituto Nazionale di Statistica (National Institute of Statistics), Rome. 
Industrial statistics for the OECD countries are compiled by the OECD secretariat, which supplies them to UNIDO."
,380,2008,,Table Note,Number of enterprises
,380,2008,,Special note,Methodological break in 2008.
,380,2008,,Data Supplier,"Istituto Nazionale di Statistica (National Institute of Statistics), Rome. 
Industrial statistics for the OECD countries are compiled by the OECD secretariat, which supplies them to UNIDO."
,380,2009,,Table Note,Number of enterprises
,380,2009,,Data Supplier,"Istituto Nazionale di Statistica (National Institute of Statistics), Rome. 
Industrial statistics for the OECD countries are compiled by the OECD secretariat, which supplies them to UNIDO."
,380,2009,,Footnote,"For some industries, the number of employees may be less than the number of enterprises owing to the reason that the workforce in those industries consists of personnel such as working proprietors, unpaid family workers, etc. that are not included in the count of employees."
,380,2010,,Table Note,Number of enterprises
,380,2010,,Data Supplier,"Istituto Nazionale di Statistica (National Institute of Statistics), Rome. 
Industrial statistics for the OECD countries are compiled by the OECD secretariat, which supplies them to UNIDO."
,380,2011,,Table Note,Number of enterprises
,380,2011,,Data Supplier,"Istituto Nazionale di Statistica (National Institute of Statistics), Rome. 
Industrial statistics for the OECD countries are compiled by the OECD secretariat, which supplies them to UNIDO."
,380,2012,,Table Note,Number of enterprises
,380,2012,,Data Supplier,"Istituto Nazionale di Statistica (National Institute of Statistics), Rome. 
Industrial statistics for the OECD countries are compiled by the OECD secretariat, which supplies them to UNIDO."
,380,2013,,Table Note,Number of enterprises
,380,2013,,Data Supplier,"Istituto Nazionale di Statistica (National Institute of Statistics), Rome. 
Industrial statistics for the OECD countries are compiled by the OECD secretariat, which supplies them to UNIDO."
,380,2014,,Table Note,Number of enterprises
,380,2014,,Data Supplier,"Istituto Nazionale di Statistica (National Institute of Statistics), Rome. 
Industrial statistics for the OECD countries are compiled by the OECD secretariat, which supplies them to UNIDO."
,380,2015,,Table Note,Number of enterprises
,380,2015,,Table Note,Output at producers' prices
,380,2015,,Data Supplier,"Istituto Nazionale di Statistica (National Institute of Statistics), Rome. 
Data compiled by UNIDO were derived from Eurostat's structural business statistics (SBS) database."
,380,2016,,Table Note,Number of enterprises
,380,2016,,Table Note,Output at producers' prices
,380,2016,,Data Supplier,"Istituto Nazionale di Statistica (National Institute of Statistics), Rome. 
Data compiled by UNIDO were derived from Eurostat's structural business statistics (SBS) database."
,380,2017,,Table Note,Number of enterprises
,380,2017,,Table Note,Output at producers' prices
,380,2017,,Special note,Methodological break in 2017.
,380,2017,,Data Supplier,"Istituto Nazionale di Statistica (National Institute of Statistics), Rome. 
Data compiled by UNIDO were derived from Eurostat's structural business statistics (SBS) database."
,380,2018,,Table Note,Number of enterprises
,380,2018,,Table Note,Output at producers' prices
,380,2018,,Data Supplier,"Istituto Nazionale di Statistica (National Institute of Statistics), Rome. 
Data compiled by UNIDO were derived from Eurostat's structural business statistics (SBS) database."
,380,2019,,Table Note,Number of enterprises
,380,2019,,Table Note,Output at producers' prices
,380,2019,,Data Supplier,"Istituto Nazionale di Statistica (National Institute of Statistics), Rome. 
Data compiled by UNIDO were derived from Eurostat's structural business statistics (SBS) database."
,380,2020,,Table Note,Number of enterprises
,380,2020,,Table Note,Output at producers' prices
,380,2020,,Data Supplier,"Istituto Nazionale di Statistica (National Institute of Statistics), Rome. 
Data compiled by UNIDO were derived from Eurostat's structural business statistics (SBS) database."
20,380,2005,,Table Note,Value added at factor values
20,380,2006,,Table Note,Value added at factor values
20,380,2007,,Table Note,Value added at factor values
20,380,2008,,Table Note,Value added at factor values
20,380,2009,,Table Note,Value added at factor values
20,380,2010,,Table Note,Value added at factor values
20,380,2011,,Table Note,Value added at factor values
20,380,2012,,Table Note,Value added at factor values
20,380,2013,,Table Note,Value added at factor values
20,380,2014,,Table Note,Value added at factor values
20,380,2015,,Table Note,Value added at factor values
20,380,2016,,Table Note,Value added at factor values
20,380,2017,,Table Note,Value added at factor values
20,380,2018,,Table Note,Value added at factor values
20,380,2019,,Table Note,Value added at factor values
20,380,2020,,Table Note,Value added at factor values
,392,,,Reference Period,Calendar year.
,392,,,Adjusted for non-response,No.
,392,,,Source,Census; survey.
,392,,,Method of data collection,Data are collected by mail/online questionnaires and field enumerators.
,392,,,Deviations from ISIC,Data presented in ISIC (Revision 4) were originally classified according to the Japanese Standard Industrial Classification (JSIC).
,392,,,Related national publications,"Japan Statistical Yearbook, published by the Statistics Bureau of Japan, Tokyo."
,392,,,Type of enumeration,Not reported.
,392,,,Concepts and definitions,"Number of employees includes all employees with contracts of more than one month, temporary employees provided by employment agencies and employees working for 18 days or more in two consecutive months. 
"
,392,,,Footnote,Data derived from OECD database refer to Gross investment in tangible goods only.
,392,2008,,Data Supplier,"Ministry of Economy, Trade and Industry (METI), Tokyo. 
Industrial statistics for the OECD countries are compiled by the OECD secretariat, which supplies them to UNIDO."
,392,2008,,Scope,"Census covers all establishments in years ending with 0, 3, 5 or 8. For other years, establishments with four or more employees are covered. Data on investment refer to establishments with 30 or more employees from 2002 onwards; data on wages refer to establishments with 30 or more employees."
,392,2008,,Concepts and definitions,"Wages and salaries relates to total cash payments, including basic wages, bonuses and other premiums, allowances and employees' retirement and termination allowances."
,392,2009,,Scope,"Census covers all establishments in years ending with 0, 3, 5 or 8. For other years, establishments with four or more employees are covered. Data on investment refer to establishments with 30 or more employees from 2002 onwards; data on wages refer to establishments with 30 or more employees."
,392,2009,,Data Supplier,"Ministry of Economy, Trade and Industry (METI), Tokyo. 
Industrial statistics for the OECD countries are compiled by the OECD secretariat, which supplies them to UNIDO."
,392,2009,,Concepts and definitions,"Wages and salaries relates to total cash payments, including basic wages, bonuses and other premiums, allowances and employees' retirement and termination allowances."
,392,2010,,Scope,"Census covers all establishments in years ending with 0, 3, 5 or 8. For other years, establishments with four or more employees are covered. Data on investment refer to establishments with 30 or more employees from 2002 onwards; data on wages refer to establishments with 30 or more employees."
,392,2010,,Data Supplier,"Ministry of Economy, Trade and Industry (METI), Tokyo. 
Industrial statistics for the OECD countries are compiled by the OECD secretariat, which supplies them to UNIDO."
,392,2010,,Concepts and definitions,"Wages and salaries relates to total cash payments, including basic wages, bonuses and other premiums, allowances and employees' retirement and termination allowances."
,392,2011,,Table Note,Number of persons engaged
,392,2011,,Scope,"Census covers all establishments in years ending with 0, 3, 5 or 8. For other years, establishments with four or more employees are covered. Data on investment refer to establishments with 30 or more employees from 2002 onwards; data on wages refer to establishments with 30 or more employees."
,392,2011,,Footnote,"Data for year 2011 were based on the Economic Census for Business Activity. They were derived from the publication Japan Statistical Yearbook, published online by the Statistics Bureau of Japan."
,392,2011,,Data Supplier,"Ministry of Economy, Trade and Industry (METI), Tokyo. 
Industrial statistics for the OECD countries are compiled by the OECD secretariat, which supplies them to UNIDO."
,392,2011,,Footnote,"Data for year 2011 were based on the Economic Census for Business Activity. They were derived from the publication Japan Statistical Yearbook, published online by the Statistics Bureau of Japan."
,392,2011,,Footnote,"Data for year 2011 were based on the Economic Census for Business Activity. They were derived from the publication Japan Statistical Yearbook, published online by the Statistics Bureau of Japan."
,392,2011,,Concepts and definitions,"Wages and salaries relates to total cash payments, including basic wages, bonuses and other premiums, allowances and employees' retirement and termination allowances."
,392,2012,,Scope,"Census covers all establishments in years ending with 0, 3, 5 or 8. For other years, establishments with four or more employees are covered. Data on investment refer to establishments with 30 or more employees from 2002 onwards; data on wages refer to establishments with 30 or more employees."
,392,2012,,Data Supplier,"Ministry of Economy, Trade and Industry (METI), Tokyo. 
Industrial statistics for the OECD countries are compiled by the OECD secretariat, which supplies them to UNIDO."
,392,2012,,Concepts and definitions,"Wages and salaries relates to total cash payments, including basic wages, bonuses and other premiums, allowances and employees' retirement and termination allowances."
,392,2013,,Scope,"Census covers all establishments in years ending with 0, 3, 5 or 8. For other years, establishments with four or more employees are covered. Data on investment refer to establishments with 30 or more employees from 2002 onwards; data on wages refer to establishments with 30 or more employees."
,392,2013,,Data Supplier,"Ministry of Economy, Trade and Industry (METI), Tokyo. 
Industrial statistics for the OECD countries are compiled by the OECD secretariat, which supplies them to UNIDO."
,392,2013,,Footnote,"Derived from Japan Statistical Yearbook, published online by the Statistics Bureau of Japan."
,392,2013,,Concepts and definitions,"Wages and salaries relates to total cash payments, including basic wages, bonuses and other premiums, allowances and employees' retirement and termination allowances."
,392,2014,,Footnote,"Derived from Japan Statistical Yearbook, published online by the Statistics Bureau of Japan."
,392,2014,,Scope,"Census covers all establishments in years ending with 0, 3, 5 or 8. For other years, establishments with four or more employees are covered. Data on investment refer to establishments with 30 or more employees from 2002 onwards; data on wages refer to establishments with 30 or more employees."
,392,2014,,Data Supplier,"Ministry of Economy, Trade and Industry (METI), Tokyo. 
Industrial statistics for the OECD countries are compiled by the OECD secretariat, which supplies them to UNIDO."
,392,2014,,Concepts and definitions,"Wages and salaries relates to total cash payments, including basic wages, bonuses and other premiums, allowances and employees' retirement and termination allowances."
,392,2015,,Table Note,Number of persons engaged
,392,2015,,Scope,"Census covers all establishments in years ending with 0, 3, 5 or 8.  For other years, establishments with four or more employees are covered; data on value added refer to establishments with 29 or fewer persons engaged."
,392,2015,,Footnote,Figures for Output exclude individual proprietorships. 
,392,2015,,Data Supplier,"Ministry of Economy, Trade and Industry (METI), Tokyo."
,392,2015,,Footnote,"Data for year 2015 were based on the Economic Census for Business Activity. They were derived from the publication Japan Statistical Yearbook, published online by the Statistics Bureau of Japan."
,392,2015,,Footnote,"Data for year 2015 were based on the Economic Census for Business Activity. They were derived from the publication Japan Statistical Yearbook, published online by the Statistics Bureau of Japan."
,392,2015,,Footnote,"Data for year 2015 were based on the Economic Census for Business Activity. They were derived from the publication Japan Statistical Yearbook, published online by the Statistics Bureau of Japan."
,392,2016,,Table Note,Number of persons engaged
,392,2016,,Data Supplier,"Ministry of Economy, Trade and Industry (METI), Tokyo."
,392,2016,,Footnote,"Derived from Japan Statistical Yearbook, published online by the Statistics Bureau of Japan."
,392,2016,,Footnote,"Derived from Japan Statistical Yearbook, published online by the Statistics Bureau of Japan."
,392,2016,,Scope,"Census covers all establishments in years ending with 0, 3, 5 or 8.  For other years, establishments with four or more employees are covered; data on value added refer to establishments with 29 or fewer persons engaged."
,392,2016,,Footnote,"Derived from Japan Statistical Yearbook, published online by the Statistics Bureau of Japan."
,392,2017,,Table Note,Number of persons engaged
,392,2017,,Data Supplier,"Ministry of Economy, Trade and Industry (METI), Tokyo."
,392,2017,,Footnote,"Derived from Japan Statistical Yearbook, published online by the Statistics Bureau of Japan."
,392,2017,,Scope,"Census covers all establishments in years ending with 0, 3, 5 or 8.  For other years, establishments with four or more employees are covered; data on value added refer to establishments with 29 or fewer persons engaged."
,392,2017,,Footnote,"Derived from Japan Statistical Yearbook, published online by the Statistics Bureau of Japan."
,392,2017,,Footnote,"Derived from Japan Statistical Yearbook, published online by the Statistics Bureau of Japan."
,392,2018,,Table Note,Number of persons engaged
,392,2018,,Scope,"Census covers all establishments in years ending with 0, 3, 5 or 8.  For other years, establishments with four or more employees are covered; data on value added refer to establishments with 29 or fewer persons engaged."
,392,2018,,Data Supplier,"Ministry of Economy, Trade and Industry (METI), Tokyo."
,392,2018,,Footnote,"Derived from Japan Statistical Yearbook, published online by the Statistics Bureau of Japan."
,392,2018,,Footnote,"Derived from Japan Statistical Yearbook, published online by the Statistics Bureau of Japan."
,392,2018,,Footnote,"Derived from Japan Statistical Yearbook, published online by the Statistics Bureau of Japan."
,392,2019,,Table Note,Number of persons engaged
,392,2019,,Data Supplier,"Ministry of Economy, Trade and Industry (METI), Tokyo."
,392,2019,,Footnote,"Derived from Japan Statistical Yearbook, published online by the Statistics Bureau of Japan."
,392,2019,,Footnote,"Derived from Japan Statistical Yearbook, published online by the Statistics Bureau of Japan."
,392,2019,,Scope,"Census covers all establishments in years ending with 0, 3, 5 or 8.  For other years, establishments with four or more employees are covered; data on value added refer to establishments with 29 or fewer persons engaged."
,392,2019,,Footnote,"Derived from Japan Statistical Yearbook, published online by the Statistics Bureau of Japan."
20,392,2011,,Footnote,Value added refers to total value added.
20,392,2011,,Footnote,"Data for year 2011 were based on the Economic Census for Business Activity. They were derived from the publication Japan Statistical Yearbook, published online by the Statistics Bureau of Japan."
20,392,2012,,Footnote,Value added refers to total value added.
20,392,2013,,Footnote,Value added refers to total value added.
20,392,2014,,Footnote,Value added refers to total value added.
20,392,2015,,Footnote,"Data for year 2015 were based on the Economic Census for Business Activity. They were derived from the publication Japan Statistical Yearbook, published online by the Statistics Bureau of Japan."
20,392,2015,,Footnote,Value added refers to total value added.
20,392,2016,,Footnote,"Derived from Japan Statistical Yearbook, published online by the Statistics Bureau of Japan."
20,392,2016,,Footnote,Value added refers to total value added.
20,392,2017,,Footnote,Value added refers to total value added.
20,392,2017,,Footnote,"Derived from Japan Statistical Yearbook, published online by the Statistics Bureau of Japan."
20,392,2018,,Footnote,"Derived from Japan Statistical Yearbook, published online by the Statistics Bureau of Japan."
20,392,2018,,Footnote,Value added refers to total value added.
20,392,2019,,Footnote,"Derived from Japan Statistical Yearbook, published online by the Statistics Bureau of Japan."
20,392,2019,,Footnote,Value added refers to total value added.
,398,,,Scope,All registered enterprises.
,398,,,Reference Period,Calendar year.
,398,,,Data Supplier,"Committee on Statistics, Ministry of National Economy of the Republic of Kazakhstan, city of Nur-Sultan."
,398,,,Adjusted for non-response,Yes.
,398,,,Method of data collection,Mail questionnaires; online survey.
,398,,,Source,Survey on registered establishments.
,398,,,Type of enumeration,Complete enumeration.
,398,,,Deviations from ISIC,Data presented in ISIC Revision 4 were originally classified according to NACE revision 2.
,398,,,Related national publications,"National Accounts of the Republic of Kazakhstan, published by the Committee on Statistics of the Ministry of National Economy of the Republic of Kazakhstan."
,398,2008,,Table Note,Output at basic prices
,398,2009,,Concepts and definitions,Figures for wages and salaries were computed by UNIDO from reported monthly wages and salaries per employee.
,398,2010,,Table Note,Output at basic prices
,398,2010,,Concepts and definitions,Figures for wages and salaries were computed by UNIDO from reported monthly wages and salaries per employee.
,398,2011,,Table Note,Number of enterprises
,398,2011,,Table Note,Output at basic prices
,398,2011,,Concepts and definitions,Figures for wages and salaries were computed by UNIDO from reported monthly wages and salaries per employee.
,398,2012,,Table Note,Number of enterprises
,398,2012,,Table Note,Output at basic prices
,398,2012,,Concepts and definitions,Figures for wages and salaries were computed by UNIDO from reported monthly wages and salaries per employee.
,398,2013,,Table Note,Number of enterprises
,398,2013,,Table Note,Output at basic prices
,398,2013,,Concepts and definitions,Figures for wages and salaries were computed by UNIDO from reported monthly wages and salaries per employee.
,398,2014,,Table Note,Number of enterprises
,398,2014,,Table Note,Output at basic prices
,398,2014,,Concepts and definitions,Figures for wages and salaries were computed by UNIDO from reported monthly wages and salaries per employee.
,398,2015,,Table Note,Number of enterprises
,398,2015,,Table Note,Output at basic prices
,398,2015,,Concepts and definitions,Figures for wages and salaries were computed by UNIDO from reported monthly wages and salaries per employee.
,398,2016,,Table Note,Number of enterprises
,398,2016,,Table Note,Output at basic prices
,398,2016,,Concepts and definitions,Figures for wages and salaries were computed by UNIDO from reported monthly wages and salaries per employee.
,398,2017,,Table Note,Number of enterprises
,398,2017,,Table Note,Output at basic prices
,398,2017,,Concepts and definitions,Figures for wages and salaries were computed by UNIDO from reported monthly wages and salaries per employee.
,398,2018,,Table Note,Output at basic prices
,398,2019,,Table Note,Output at basic prices
,398,2020,,Table Note,Output at basic prices
20,398,2009,,Table Note,Value added at basic prices
20,398,2010,,Table Note,Value added at basic prices
20,398,2011,,Table Note,Value added at basic prices
20,398,2012,,Table Note,Value added at basic prices
20,398,2013,,Table Note,Value added at basic prices
20,398,2014,,Table Note,Value added at basic prices
20,398,2015,,Table Note,Value added at basic prices
20,398,2016,,Table Note,Value added at basic prices
20,398,2017,,Table Note,Value added at basic prices
20,398,2018,,Table Note,Value added at basic prices
20,398,2019,,Table Note,Value added at basic prices
,400,,,Scope,All establishments.
,400,,,Adjusted for non-response,Yes (response rate: approximately 90%).
,400,,,Type of enumeration,Complete enumeration.
,400,,,Method of data collection,Direct interview in the field.
,400,,,Deviations from ISIC,None reported.
,400,,,Source,Annual industrial survey.
,400,,,Reference Period,Calendar year.
,400,,,Data Supplier,"Department of Statistics, Amman."
,400,,,Related national publications,"Industry Survey (annual); Statistical Yearbook, both published by the Department of Statistics, Amman."
,400,,,Concepts and definitions,"Output refers to gross output and includes revenue from non-industrial activities.
"
,400,2011,,Table Note,Output at producers' prices
,400,2012,,Table Note,Output at producers' prices
,400,2013,,Table Note,Output at producers' prices
,400,2014,,Table Note,Output at producers' prices
,400,2015,,Table Note,Output at producers' prices
,400,2015,,Footnote,A zero (0) indicates that a value is either nil or negligible.
,400,2016,,Table Note,Output at producers' prices
,400,2016,,Footnote,A zero (0) indicates that a value is either nil or negligible.
,400,2017,,Table Note,Output at producers' prices
,400,2017,,Footnote,A zero (0) indicates that a value is either nil or negligible.
,400,2018,,Table Note,Output at producers' prices
,400,2018,,Footnote,A zero (0) indicates that a value is either nil or negligible.
,400,2019,,Table Note,Output at producers' prices
,400,2019,,Footnote,Data were derived from the official website.
,400,2019,,Footnote,Data were derived from the official website.
,400,2019,,Footnote,Data were derived from the official website.
,400,2020,,Table Note,Output at producers' prices
,400,2020,,Footnote,Data were derived from the official website.
,400,2020,,Footnote,Data were derived from the official website.
,400,2020,,Footnote,Data were derived from the official website.
20,400,,,Concepts and definitions,Value added refers to total value added.
20,400,2011,,Table Note,Value added at producers' prices
20,400,2012,,Table Note,Value added at producers' prices
20,400,2013,,Table Note,Value added at producers' prices
20,400,2014,,Table Note,Value added at producers' prices
20,400,2015,,Table Note,Value added at producers' prices
20,400,2016,,Table Note,Value added at producers' prices
20,400,2017,,Table Note,Value added at producers' prices
20,400,2018,,Table Note,Value added at producers' prices
20,400,2019,,Table Note,Value added at producers' prices
20,400,2019,,Footnote,Data were derived from the official website.
20,400,2020,,Table Note,Value added at producers' prices
20,400,2020,,Footnote,Data were derived from the official website.
,404,,,Reference Period,Calendar year.
,404,,,Data Supplier,"Kenya National Bureau of Statistics, Nairobi."
,404,,,Deviations from ISIC,None reported.
,404,2009,,Table Note,Number of persons engaged
,404,2009,,Table Note,Output at basic prices
,404,2009,,Adjusted for non-response,Yes.
,404,2009,,Method of data collection,Mail questionnaires; direct interview in the field.
,404,2009,,Footnote,Data were derived from the official website.
,404,2009,,Type of enumeration,Complete enumeration.
,404,2009,,Related national publications,"Statistical Abstract (annual), published by the Kenya National Bureau of Statistics, Nairobi."
,404,2009,,Scope,All establishments with five or more persons engaged.
,404,2009,,Source,Census of industrial production.
,404,2009,,Concepts and definitions,Number of persons engaged excludes unpaid family workers.
,404,2009,,Footnote,Data were derived from the official website.
,404,2009,,Footnote,Data were derived from the official website.
,404,2009,181,Concepts and definitions,181 includes publishing.
,404,2010,,Table Note,Number of persons engaged
,404,2010,,Table Note,Output at basic prices
,404,2010,,Source,Annual industrial survey.
,404,2010,,Adjusted for non-response,Yes.
,404,2010,,Type of enumeration,Sample survey.
,404,2010,,Related national publications,"Statistical Abstract (annual), published by the Kenya National Bureau of Statistics, Nairobi."
,404,2010,,Method of data collection,Mail questionnaires; direct interview in the field.
,404,2010,,Scope,All establishments with five or more persons engaged.
,404,2010,,Concepts and definitions,Number of persons engaged excludes unpaid family workers.
,404,2010,,Footnote,Data were derived from the official website.
,404,2010,,Footnote,Data were derived from the official website.
,404,2010,,Footnote,Data were derived from the official website.
,404,2010,181,Concepts and definitions,181 includes publishing.
,404,2011,,Table Note,Number of persons engaged
,404,2011,,Table Note,Output at basic prices
,404,2011,,Scope,All establishments with five or more persons engaged.
,404,2011,,Method of data collection,Mail questionnaires; direct interview in the field.
,404,2011,,Type of enumeration,Sample survey.
,404,2011,,Related national publications,"Statistical Abstract (annual), published by the Kenya National Bureau of Statistics, Nairobi."
,404,2011,,Source,Annual industrial survey.
,404,2011,,Adjusted for non-response,Yes.
,404,2011,,Concepts and definitions,Number of persons engaged excludes unpaid family workers.
,404,2011,,Footnote,Data were derived from the official website.
,404,2011,,Footnote,Data were derived from the official website.
,404,2011,,Footnote,Data were derived from the official website.
,404,2011,181,Concepts and definitions,181 includes publishing.
,404,2012,,Table Note,Number of persons engaged
,404,2012,,Table Note,Output at basic prices
,404,2012,,Source,Annual industrial survey.
,404,2012,,Adjusted for non-response,Yes.
,404,2012,,Related national publications,"Statistical Abstract (annual), published by the Kenya National Bureau of Statistics, Nairobi."
,404,2012,,Method of data collection,Mail questionnaires; direct interview in the field.
,404,2012,,Type of enumeration,Sample survey.
,404,2012,,Scope,All establishments with five or more persons engaged.
,404,2012,,Concepts and definitions,Number of persons engaged excludes unpaid family workers.
,404,2012,,Footnote,Data were derived from the official website.
,404,2012,,Footnote,Data were derived from the official website.
,404,2012,,Footnote,Data were derived from the official website.
,404,2012,181,Concepts and definitions,181 includes publishing.
,404,2013,,Table Note,Number of persons engaged
,404,2013,,Table Note,Output at basic prices
,404,2013,,Scope,All establishments with five or more persons engaged.
,404,2013,,Source,Annual industrial survey.
,404,2013,,Type of enumeration,Sample survey.
,404,2013,,Related national publications,"Statistical Abstract (annual), published by the Kenya National Bureau of Statistics, Nairobi."
,404,2013,,Method of data collection,Mail questionnaires; direct interview in the field.
,404,2013,,Adjusted for non-response,Yes (response rate: approximately 70%).
,404,2013,,Concepts and definitions,Number of persons engaged excludes unpaid family workers.
,404,2013,,Footnote,Data were derived from the official website.
,404,2013,,Footnote,Data were derived from the official website.
,404,2013,,Footnote,Data were derived from the official website.
,404,2013,181,Concepts and definitions,181 includes publishing.
,404,2014,,Table Note,Number of persons engaged
,404,2014,,Table Note,Output at basic prices
,404,2014,,Scope,All establishments with five or more persons engaged.
,404,2014,,Adjusted for non-response,Yes (response rate: approximately 70%).
,404,2014,,Method of data collection,Mail questionnaires; direct interview in the field.
,404,2014,,Type of enumeration,Sample survey.
,404,2014,,Related national publications,"Statistical Abstract (annual), published by the Kenya National Bureau of Statistics, Nairobi."
,404,2014,,Source,Annual industrial survey.
,404,2014,,Concepts and definitions,Number of persons engaged excludes unpaid family workers.
,404,2014,,Footnote,Data were derived from the official website.
,404,2014,,Footnote,Data were derived from the official website.
,404,2014,,Footnote,Data were derived from the official website.
,404,2014,181,Concepts and definitions,181 includes publishing.
,404,2015,,Table Note,Number of persons engaged
,404,2015,,Table Note,Output at basic prices
,404,2015,,Source,Annual industrial survey.
,404,2015,,Type of enumeration,Sample survey.
,404,2015,,Related national publications,"Statistical Abstract and Economic Survey Report (annual), both published by the Kenya National Bureau of Statistics, Nairobi."
,404,2015,,Method of data collection,"Mail questionnaires, direct interviews in the field and on-line survey (self entry)."
,404,2015,,Scope,All establishments with five or more persons engaged.
,404,2015,,Adjusted for non-response,Yes (response rate: approximately 70%).
,404,2015,,Concepts and definitions,Output excludes value of goods shipped in the same condition as received less the amount paid for these goods.
,404,2015,,Concepts and definitions,"Wages and salaries includes employers' contributions (in respect of their employees) paid to social security, pension and insurance schemes as well as the benefits received by employees under these schemes and severance and termination pay."
,404,2015,181,Concepts and definitions,181 includes publishing.
,404,2016,,Table Note,Number of persons engaged
,404,2016,,Table Note,Output at basic prices
,404,2016,,Scope,All establishments with five or more persons engaged.
,404,2016,,Method of data collection,"Mail questionnaires, direct interviews in the field and on-line survey (self entry)."
,404,2016,,Type of enumeration,Sample survey.
,404,2016,,Related national publications,"Statistical Abstract and Economic Survey Report (annual), both published by the Kenya National Bureau of Statistics, Nairobi."
,404,2016,,Source,Annual industrial survey.
,404,2016,,Adjusted for non-response,Yes (response rate: approximately 70%).
,404,2016,,Concepts and definitions,Output excludes value of goods shipped in the same condition as received less the amount paid for these goods.
,404,2016,,Special note,Methodological break in 2016.
,404,2016,,Concepts and definitions,"Wages and salaries includes employers' contributions (in respect of their employees) paid to social security, pension and insurance schemes as well as the benefits received by employees under these schemes and severance and termination pay."
,404,2017,,Table Note,Number of persons engaged
,404,2017,,Table Note,Output at basic prices
,404,2017,,Adjusted for non-response,Yes (response rate: approximately 70%).
,404,2017,,Related national publications,"Statistical Abstract and Economic Survey Report (annual), both published by the Kenya National Bureau of Statistics, Nairobi."
,404,2017,,Method of data collection,"Mail questionnaires, direct interviews in the field and on-line survey (self entry)."
,404,2017,,Type of enumeration,Sample survey.
,404,2017,,Scope,All establishments with five or more persons engaged.
,404,2017,,Source,Annual industrial survey.
,404,2017,,Concepts and definitions,Output excludes value of goods shipped in the same condition as received less the amount paid for these goods.
,404,2017,,Concepts and definitions,"Wages and salaries includes employers' contributions (in respect of their employees) paid to social security, pension and insurance schemes as well as the benefits received by employees under these schemes and severance and termination pay."
,404,2018,,Table Note,Number of persons engaged
,404,2018,,Table Note,Output at basic prices
,404,2018,,Source,Annual industrial survey.
,404,2018,,Method of data collection,"Mail questionnaires, direct interviews in the field and on-line survey (self entry)."
,404,2018,,Type of enumeration,Sample survey.
,404,2018,,Related national publications,"Statistical Abstract and Economic Survey Report (annual), both published by the Kenya National Bureau of Statistics, Nairobi."
,404,2018,,Scope,All establishments with five or more persons engaged.
,404,2018,,Adjusted for non-response,Yes (response rate: approximately 70%).
,404,2018,,Concepts and definitions,Output excludes value of goods shipped in the same condition as received less the amount paid for these goods.
,404,2018,,Concepts and definitions,"Wages and salaries includes employers' contributions (in respect of their employees) paid to social security, pension and insurance schemes as well as the benefits received by employees under these schemes and severance and termination pay."
,404,2019,,Table Note,Number of persons engaged
,404,2019,,Table Note,Output at basic prices
,404,2019,,Scope,All establishments with five or more persons engaged.
,404,2019,,Adjusted for non-response,Yes (response rate: approximately 70%).
,404,2019,,Method of data collection,"Mail questionnaires, direct interviews in the field and on-line survey (self entry)."
,404,2019,,Type of enumeration,Sample survey.
,404,2019,,Related national publications,"Statistical Abstract and Economic Survey Report (annual), both published by the Kenya National Bureau of Statistics, Nairobi."
,404,2019,,Source,Annual industrial survey.
,404,2019,,Concepts and definitions,Output excludes value of goods shipped in the same condition as received less the amount paid for these goods.
,404,2019,,Concepts and definitions,"Wages and salaries includes employers' contributions (in respect of their employees) paid to social security, pension and insurance schemes as well as the benefits received by employees under these schemes and severance and termination pay."
,404,2020,,Table Note,Number of persons engaged
,404,2020,,Table Note,Output at basic prices
,404,2020,,Source,Annual industrial survey.
,404,2020,,Adjusted for non-response,Yes (response rate: approximately 70%).
,404,2020,,Type of enumeration,Sample survey.
,404,2020,,Related national publications,"Statistical Abstract and Economic Survey Report (annual), both published by the Kenya National Bureau of Statistics, Nairobi."
,404,2020,,Method of data collection,"Mail questionnaires, direct interviews in the field and on-line survey (self entry)."
,404,2020,,Scope,All establishments with five or more persons engaged.
,404,2020,,Concepts and definitions,Output excludes value of goods shipped in the same condition as received less the amount paid for these goods.
,404,2020,,Concepts and definitions,"Wages and salaries includes employers' contributions (in respect of their employees) paid to social security, pension and insurance schemes as well as the benefits received by employees under these schemes and severance and termination pay."
20,404,2009,,Table Note,Value added at basic prices
20,404,2009,,Footnote,Data were derived from the official website.
20,404,2009,181,Concepts and definitions,181 includes publishing.
20,404,2010,,Table Note,Value added at basic prices
20,404,2010,,Footnote,Data were derived from the official website.
20,404,2010,181,Concepts and definitions,181 includes publishing.
20,404,2011,,Table Note,Value added at basic prices
20,404,2011,,Footnote,Data were derived from the official website.
20,404,2011,181,Concepts and definitions,181 includes publishing.
20,404,2012,,Table Note,Value added at basic prices
20,404,2012,,Footnote,Data were derived from the official website.
20,404,2012,181,Concepts and definitions,181 includes publishing.
20,404,2013,,Table Note,Value added at basic prices
20,404,2013,,Footnote,Data were derived from the official website.
20,404,2013,181,Concepts and definitions,181 includes publishing.
20,404,2014,,Table Note,Value added at basic prices
20,404,2014,,Footnote,Data were derived from the official website.
20,404,2014,181,Concepts and definitions,181 includes publishing.
20,404,2015,,Table Note,Value added at basic prices
20,404,2015,181,Concepts and definitions,181 includes publishing.
20,404,2016,,Table Note,Value added at basic prices
20,404,2016,,Special note,Methodological break in 2016.
20,404,2017,,Table Note,Value added at basic prices
20,404,2018,,Table Note,Value added at basic prices
20,404,2019,,Table Note,Value added at basic prices
20,404,2020,,Table Note,Value added at basic prices
,410,,,Reference Period,Calendar year.
,410,,,Scope,Establishments with 10 or more workers.
,410,,,Source,Mining and manufacturing survey; economic census.
,410,,,Concepts and definitions,Estimates for output are not adjusted for goods purchased and sold in the same condition during the year; works in progress and own-account capital production are not included.
,410,,,Adjusted for non-response,Yes.
,410,,,Deviations from ISIC,Data presented in ISIC (Revision 4) were originally classified according to the national NACE-related classification system (KSIC).
,410,,,Method of data collection,"Direct interview in the field, mail questionnaires and online survey."
,410,,,Type of enumeration,Complete enumeration.
,410,,,Related national publications,"Korea Statistical Yearbook, published by Statistics Korea, Daejeon."
,410,,,Footnote,Number of employees includes home workers.
,410,2007,,Table Note,Output at producers' prices
,410,2007,,Data Supplier,"Statistics Korea, Daejeon.
Industrial statistics for the OECD countries are compiled by the OECD secretariat, which supplies them to UNIDO."
,410,2007,,Footnote,Data derived from OECD database refer to Gross investment in tangible goods only.
,410,2008,,Table Note,Output at producers' prices
,410,2008,,Data Supplier,"Statistics Korea, Daejeon.
Industrial statistics for the OECD countries are compiled by the OECD secretariat, which supplies them to UNIDO."
,410,2008,,Footnote,Data derived from OECD database refer to Gross investment in tangible goods only.
,410,2009,,Table Note,Output at producers' prices
,410,2009,,Data Supplier,"Statistics Korea, Daejeon.
Industrial statistics for the OECD countries are compiled by the OECD secretariat, which supplies them to UNIDO."
,410,2009,,Footnote,Data derived from OECD database refer to Gross investment in tangible goods only.
,410,2010,,Table Note,Output at producers' prices
,410,2010,,Data Supplier,"Statistics Korea, Daejeon.
Industrial statistics for the OECD countries are compiled by the OECD secretariat, which supplies them to UNIDO."
,410,2010,,Special note,Methodological break in 2010.
,410,2011,,Table Note,Output at producers' prices
,410,2011,,Concepts and definitions,No deviations from the standard UN concepts and definitions are reported.
,410,2011,,Data Supplier,"Statistics Korea, Daejeon.
Industrial statistics for the OECD countries are compiled by the OECD secretariat, which supplies them to UNIDO."
,410,2011,,Footnote,Data derived from OECD database refer to Gross investment in tangible goods only.
,410,2012,,Table Note,Output at producers' prices
,410,2012,,Data Supplier,"Statistics Korea, Daejeon.
Industrial statistics for the OECD countries are compiled by the OECD secretariat, which supplies them to UNIDO."
,410,2012,,Concepts and definitions,No deviations from the standard UN concepts and definitions are reported.
,410,2012,,Footnote,Data derived from OECD database refer to Gross investment in tangible goods only.
,410,2013,,Table Note,Output at producers' prices
,410,2013,,Concepts and definitions,No deviations from the standard UN concepts and definitions are reported.
,410,2013,,Data Supplier,"Statistics Korea, Daejeon.
Industrial statistics for the OECD countries are compiled by the OECD secretariat, which supplies them to UNIDO."
,410,2013,,Footnote,Data derived from OECD database refer to Gross investment in tangible goods only.
,410,2014,,Table Note,Output at producers' prices
,410,2014,,Concepts and definitions,No deviations from the standard UN concepts and definitions are reported.
,410,2014,,Data Supplier,"Statistics Korea, Daejeon.
Industrial statistics for the OECD countries are compiled by the OECD secretariat, which supplies them to UNIDO."
,410,2014,,Footnote,Data derived from OECD database refer to Gross investment in tangible goods only.
,410,2015,,Table Note,Output at producers' prices
,410,2015,,Data Supplier,"Statistics Korea, Daejeon.
Industrial statistics for the OECD countries are compiled by the OECD secretariat, which supplies them to UNIDO."
,410,2015,,Concepts and definitions,No deviations from the standard UN concepts and definitions are reported.
,410,2015,,Special note,Methodological break in 2015.
,410,2015,,Footnote,Data derived from OECD database refer to Gross investment in tangible goods only.
,410,2016,,Table Note,Output at producers' prices
,410,2016,,Concepts and definitions,No deviations from the standard UN concepts and definitions are reported.
,410,2016,,Data Supplier,"Statistics Korea, Daejeon."
,410,2016,,Footnote,"Gross fixed capital formation excludes Intellectual property products of R&D, computer software, databases, etc."
,410,2017,,Table Note,Output at producers' prices
,410,2017,,Concepts and definitions,No deviations from the standard UN concepts and definitions are reported.
,410,2017,,Data Supplier,"Statistics Korea, Daejeon."
,410,2017,,Footnote,"Gross fixed capital formation excludes Intellectual property products of R&D, computer software, databases, etc."
,410,2018,,Table Note,Output at producers' prices
,410,2018,,Data Supplier,"Statistics Korea, Daejeon."
,410,2018,,Concepts and definitions,No deviations from the standard UN concepts and definitions are reported.
,410,2018,,Footnote,"Gross fixed capital formation excludes Intellectual property products of R&D, computer software, databases, etc."
,410,2019,,Table Note,Output at producers' prices
,410,2019,,Concepts and definitions,No deviations from the standard UN concepts and definitions are reported.
,410,2019,,Data Supplier,"Statistics Korea, Daejeon."
,410,2019,,Footnote,"Gross fixed capital formation excludes Intellectual property products of R&D, computer software, databases, etc."
20,410,2007,,Table Note,Value added at producers' prices
20,410,2008,,Table Note,Value added at producers' prices
20,410,2009,,Table Note,Value added at producers' prices
20,410,2011,,Table Note,Value added at producers' prices
20,410,2012,,Table Note,Value added at producers' prices
20,410,2013,,Table Note,Value added at producers' prices
20,410,2014,,Table Note,Value added at producers' prices
20,410,2015,,Table Note,Value added at producers' prices
20,410,2016,,Table Note,Value added at producers' prices
20,410,2017,,Table Note,Value added at producers' prices
20,410,2018,,Table Note,Value added at producers' prices
20,410,2019,,Table Note,Value added at producers' prices
,412,,,Deviations from ISIC,Data presented in ISIC (Revision 4) were originally classified according to NACE (Revision 2).
,412,,,Data Supplier,"Kosovo Agency of Statistics, Pristina."
20,412,,,Footnote,Value added refers to total value added.
,417,,,Type of enumeration,Complete enumeration.
,417,,,Scope,All enterprises.
,417,,,Source,Annual industrial survey.
,417,,,Reference Period,Calendar year.
,417,,,Adjusted for non-response,Yes.
,417,,,Deviations from ISIC,None reported.
,417,,,Related national publications,"Socio-Economic Situation of the Kyrgyz Republic; Main Economic Indicators for Industry of the Kyrgyz Republic, both published by National Statistical Committee of the Kyrgyz Republic, Bishkek."
,417,,,Method of data collection,Mail questionnaires and administrative source.
,417,,,Data Supplier,"National Statistical Committee of the Kyrgyz Republic, Bishkek."
,417,,,Concepts and definitions,No deviations from the standard UN concepts and definitions are reported.
,417,2009,,Table Note,Number of enterprises
,417,2009,,Table Note,Output at producers' prices
,417,2010,,Table Note,Number of enterprises
,417,2010,,Table Note,Output at producers' prices
,417,2011,,Table Note,Number of enterprises
,417,2011,,Table Note,Output at producers' prices
,417,2012,,Table Note,Number of enterprises
,417,2012,,Table Note,Output at producers' prices
,417,2013,,Table Note,Number of enterprises
,417,2013,,Table Note,Output at producers' prices
,417,2014,,Table Note,Number of enterprises
,417,2014,,Table Note,Output at producers' prices
,417,2015,,Table Note,Number of enterprises
,417,2015,,Table Note,Output at producers' prices
,417,2016,,Table Note,Number of enterprises
,417,2016,,Table Note,Output at producers' prices
,417,2017,,Table Note,Number of enterprises
,417,2017,,Table Note,Output at producers' prices
,417,2018,,Table Note,Number of enterprises
,417,2018,,Table Note,Output at producers' prices
,417,2019,,Table Note,Number of enterprises
,417,2019,,Table Note,Output at producers' prices
,417,2020,,Table Note,Number of enterprises
,417,2020,,Table Note,Output at producers' prices
,418,,,Adjusted for non-response,Yes.
,418,,,Deviations from ISIC,None reported.
,418,,,Footnote,Wages and salaries is compensation of employees.
,418,,,Method of data collection,Direct interview in the field.
,418,,,Related national publications,"Enhancement of Industrial Statistics in the Lao People's Dem Rep, published by the Ministry of Industry and Commerce, Vientiane."
,418,,,Type of enumeration,Not reported.
,418,,,Footnote,Output refers to gross output.
,418,,,Scope,All registered establishments.
,418,,,Reference Period,Calendar year.
,418,,,Source,Survey of industrial establishments.
,418,2015,,Table Note,Output at basic prices
,418,2015,,Data Supplier,"Ministry of Industry and Commerce, Vientiane."
20,418,,,Footnote,Value added is defined as total value added.
20,418,2015,,Table Note,Value added at basic prices
,422,,,Reference Period,Fiscal year.
,422,,,Source,Census of industrial establishments.
,422,,,Data Supplier,"Ministry of Industry, Beirut."
,422,,,Deviations from ISIC,None reported.
,422,,,Method of data collection,Direct interview in the field.
,422,,,Related national publications,None reported.
,422,2008,,Concepts and definitions,"Wages and salaries is compensation of employees.
Output refers to gross output.
Value added refers to total value added."
,422,2008,,Footnote,Data were derived from the publication Bulletin of Industrial Statistics for Arab Countries published by United Nations Economic and Social Commission for Western Asia (ESCWA) and Industrial Development and Mining Organization (AIDMO).
,422,2008,2410,Footnote,"24 includes 25,26,27,28,29,30 and 31."
,422,2009,,Concepts and definitions,"Wages and salaries is compensation of employees.
Output refers to gross output.
Value added refers to total value added."
,422,2009,,Footnote,Data were derived from the publication Bulletin of Industrial Statistics for Arab Countries published by United Nations Economic and Social Commission for Western Asia (ESCWA) and Industrial Development and Mining Organization (AIDMO).
,422,2009,2410,Footnote,"24 includes 25,26,27,28,29,30 and 31."
,422,2010,,Concepts and definitions,"Wages and salaries is compensation of employees.
Output refers to gross output.
Value added refers to total value added."
,422,2010,,Footnote,Data were derived from the publication Bulletin of Industrial Statistics for Arab Countries published by United Nations Economic and Social Commission for Western Asia (ESCWA) and Industrial Development and Mining Organization (AIDMO).
,422,2010,2410,Footnote,"24 includes 25,26,27,28,29,30 and 31."
,422,2011,,Footnote,Data were derived from the publication Bulletin of Industrial Statistics for Arab Countries published by United Nations Economic and Social Commission for Western Asia (ESCWA) and Industrial Development and Mining Organization (AIDMO).
,422,2011,,Concepts and definitions,"Wages and salaries is compensation of employees.
Output refers to gross output.
Value added refers to total value added."
,422,2011,2410,Footnote,"24 includes 25,26,27,28,29,30 and 31."
,422,2012,,Concepts and definitions,"Wages and salaries is compensation of employees.
Output refers to gross output.
Value added refers to total value added."
,422,2012,,Footnote,Data were derived from the publication Bulletin of Industrial Statistics for Arab Countries published by United Nations Economic and Social Commission for Western Asia (ESCWA) and Industrial Development and Mining Organization (AIDMO).
,422,2012,2410,Footnote,"24 includes 25,26,27,28,29,30 and 31."
,422,2013,,Footnote,Data were derived from the publication Bulletin of Industrial Statistics for Arab Countries published by United Nations Economic and Social Commission for Western Asia (ESCWA) and Industrial Development and Mining Organization (AIDMO).
,422,2013,,Concepts and definitions,"Wages and salaries is compensation of employees.
Output refers to gross output.
Value added refers to total value added."
,422,2013,2410,Footnote,"24 includes 25,26,27,28,29,30 and 31."
,422,2014,,Concepts and definitions,"Wages and salaries is compensation of employees.
Output refers to gross output.
Value added refers to total value added."
,422,2014,,Footnote,Data were derived from the publication Bulletin of Industrial Statistics for Arab Countries published by United Nations Economic and Social Commission for Western Asia (ESCWA) and Industrial Development and Mining Organization (AIDMO).
,422,2014,2410,Footnote,"24 includes 25,26,27,28,29,30 and 31."
20,422,2008,,Footnote,Data were derived from the publication Bulletin of Industrial Statistics for Arab Countries published by United Nations Economic and Social Commission for Western Asia (ESCWA) and Industrial Development and Mining Organization (AIDMO).
20,422,2008,2410,Footnote,"24 includes 25,26,27,28,29,30 and 31."
20,422,2009,,Footnote,Data were derived from the publication Bulletin of Industrial Statistics for Arab Countries published by United Nations Economic and Social Commission for Western Asia (ESCWA) and Industrial Development and Mining Organization (AIDMO).
20,422,2009,2410,Footnote,"24 includes 25,26,27,28,29,30 and 31."
20,422,2010,,Footnote,Data were derived from the publication Bulletin of Industrial Statistics for Arab Countries published by United Nations Economic and Social Commission for Western Asia (ESCWA) and Industrial Development and Mining Organization (AIDMO).
20,422,2010,2410,Footnote,"24 includes 25,26,27,28,29,30 and 31."
20,422,2011,,Footnote,Data were derived from the publication Bulletin of Industrial Statistics for Arab Countries published by United Nations Economic and Social Commission for Western Asia (ESCWA) and Industrial Development and Mining Organization (AIDMO).
20,422,2011,2410,Footnote,"24 includes 25,26,27,28,29,30 and 31."
20,422,2012,,Footnote,Data were derived from the publication Bulletin of Industrial Statistics for Arab Countries published by United Nations Economic and Social Commission for Western Asia (ESCWA) and Industrial Development and Mining Organization (AIDMO).
20,422,2012,2410,Footnote,"24 includes 25,26,27,28,29,30 and 31."
20,422,2013,,Footnote,Data were derived from the publication Bulletin of Industrial Statistics for Arab Countries published by United Nations Economic and Social Commission for Western Asia (ESCWA) and Industrial Development and Mining Organization (AIDMO).
20,422,2013,2410,Footnote,"24 includes 25,26,27,28,29,30 and 31."
20,422,2014,,Footnote,Data were derived from the publication Bulletin of Industrial Statistics for Arab Countries published by United Nations Economic and Social Commission for Western Asia (ESCWA) and Industrial Development and Mining Organization (AIDMO).
20,422,2014,2410,Footnote,"24 includes 25,26,27,28,29,30 and 31."
,428,,,Adjusted for non-response,Yes (response rate: approximately 93%).
,428,,,Footnote,"For some industries, the number of employees may be less than the number of enterprises owing to the reason that the workforce in those industries consists of: a) working proprietors and, b) unpaid family workers that are not included in the count of employees."
,428,,,Deviations from ISIC,None reported.
,428,,,Method of data collection,Online survey.
,428,,,Scope,All enterprises.
,428,,,Source,Annual census; survey; administrative source.
,428,,,Reference Period,Calendar year.
,428,,,Data Supplier,"Central Statistical Bureau of Latvia, Riga."
,428,,,Concepts and definitions,Wages and salaries excludes payments in kind and housing and family allowances paid directly by the employer.
,428,2005,,Table Note,Number of enterprises
,428,2005,,Table Note,Output at producers' prices
,428,2006,,Table Note,Number of enterprises
,428,2006,,Table Note,Output at producers' prices
,428,2007,,Table Note,Number of enterprises
,428,2007,,Table Note,Output at producers' prices
,428,2008,,Table Note,Number of enterprises
,428,2008,,Table Note,Output at producers' prices
,428,2009,,Table Note,Number of enterprises
,428,2009,,Table Note,Output at producers' prices
,428,2010,,Table Note,Number of enterprises
,428,2010,,Table Note,Output at producers' prices
,428,2011,,Table Note,Number of enterprises
,428,2011,,Table Note,Output at producers' prices
,428,2012,,Table Note,Number of enterprises
,428,2012,,Table Note,Output at producers' prices
,428,2013,,Table Note,Number of enterprises
,428,2013,,Table Note,Output at producers' prices
,428,2014,,Table Note,Number of enterprises
,428,2014,,Table Note,Output at producers' prices
,428,2015,,Table Note,Number of enterprises
,428,2015,,Table Note,Output at producers' prices
,428,2016,,Table Note,Number of enterprises
,428,2016,,Table Note,Output at producers' prices
,428,2017,,Table Note,Number of enterprises
,428,2017,,Table Note,Output at producers' prices
,428,2018,,Table Note,Number of enterprises
,428,2018,,Table Note,Output at producers' prices
,428,2019,,Table Note,Number of enterprises
,428,2019,,Table Note,Output at producers' prices
,428,2020,,Table Note,Number of enterprises
,428,2020,,Table Note,Output at producers' prices
20,428,2005,,Table Note,Value added at factor values
20,428,2006,,Table Note,Value added at factor values
20,428,2007,,Table Note,Value added at factor values
20,428,2008,,Table Note,Value added at factor values
20,428,2009,,Table Note,Value added at factor values
20,428,2010,,Table Note,Value added at factor values
20,428,2011,,Table Note,Value added at factor values
20,428,2012,,Table Note,Value added at factor values
20,428,2013,,Table Note,Value added at factor values
20,428,2014,,Table Note,Value added at factor values
20,428,2015,,Table Note,Value added at factor values
20,428,2016,,Table Note,Value added at factor values
20,428,2017,,Table Note,Value added at factor values
20,428,2018,,Table Note,Value added at factor values
20,428,2019,,Table Note,Value added at factor values
20,428,2020,,Table Note,Value added at factor values
,438,,,Source,Annual survey on registered establishments.
,438,,,Data Supplier,"Office of Statistics, Vaduz."
,438,,,Related national publications,"Besch?ftigungsstatistik, published by the Office of Statistics, Vaduz."
,438,,,Type of enumeration,Complete enumeration.
,438,,,Method of data collection,Mail questionnaires; online survey.
,438,,,Deviations from ISIC,None reported.
,438,,,Scope,All establishments.
,438,,,Reference Period,Calendar year.
,438,,,Adjusted for non-response,No (response rate: approximately 98%).
,438,2005,,Table Note,Number of persons engaged
,438,2005,,Footnote,_Number of persons engaged_ excludes unpaid family workers.
,438,2006,,Table Note,Number of persons engaged
,438,2006,,Footnote,_Number of persons engaged_ excludes unpaid family workers.
,438,2007,,Table Note,Number of persons engaged
,438,2007,,Footnote,_Number of persons engaged_ excludes unpaid family workers.
,438,2008,,Table Note,Number of persons engaged
,438,2008,,Footnote,_Number of persons engaged_ excludes unpaid family workers.
,438,2009,,Table Note,Number of persons engaged
,438,2009,,Footnote,_Number of persons engaged_ excludes unpaid family workers.
,438,2010,,Table Note,Number of persons engaged
,438,2010,,Footnote,_Number of persons engaged_ excludes unpaid family workers.
,438,2011,,Table Note,Number of persons engaged
,438,2011,,Footnote,_Number of persons engaged_ excludes unpaid family workers.
,438,2012,,Footnote,"For some industries, the number of employees may be less than the number of establishments owing to the reason that the workforce in those industries consists of: a) working proprietors, b) active business partners and, c) home workers that are not included in the count of employees."
,438,2013,,Footnote,"For some industries, the number of employees may be less than the number of establishments owing to the reason that the workforce in those industries consists of: a) working proprietors, b) active business partners and, c) home workers that are not included in the count of employees."
,438,2014,,Footnote,"For some industries, the number of employees may be less than the number of establishments owing to the reason that the workforce in those industries consists of: a) working proprietors, b) active business partners and, c) home workers that are not included in the count of employees."
,438,2015,,Footnote,"For some industries, the number of employees may be less than the number of establishments owing to the reason that the workforce in those industries consists of: a) working proprietors, b) active business partners and, c) home workers that are not included in the count of employees."
,438,2016,,Footnote,"For some industries, the number of employees may be less than the number of establishments owing to the reason that the workforce in those industries consists of: a) working proprietors, b) active business partners and, c) home workers that are not included in the count of employees."
,438,2017,,Footnote,"For some industries, the number of employees may be less than the number of establishments owing to the reason that the workforce in those industries consists of: a) working proprietors, b) active business partners and, c) home workers that are not included in the count of employees."
,438,2018,,Footnote,"For some industries, the number of employees may be less than the number of establishments owing to the reason that the workforce in those industries consists of: a) working proprietors, b) active business partners and, c) home workers that are not included in the count of employees."
,438,2019,,Footnote,"For some industries, the number of employees may be less than the number of establishments owing to the reason that the workforce in those industries consists of: a) working proprietors, b) active business partners and, c) home workers that are not included in the count of employees."
,438,2020,,Footnote,"For some industries, the number of employees may be less than the number of establishments owing to the reason that the workforce in those industries consists of: a) working proprietors, b) active business partners and, c) home workers that are not included in the count of employees."
,440,,,Type of enumeration,Complete enumeration.
,440,,,Method of data collection,"Mail questionnaires, online survey and administrative data."
,440,,,Deviations from ISIC,None reported.
,440,,,Related national publications,"Statistical Yearbook of Lithuania, published by Statistics Lithuania, Vilnius."
,440,,,Scope,All registered enterprises.
,440,,,Source,Annual survey; administrative data.
,440,,,Reference Period,Calendar year.
,440,,,Data Supplier,"Statistics Lithuania, Vilnius."
,440,,,Adjusted for non-response,Yes (response rate: approximately 98%).
,440,,,Footnote,"For some industries, the number of employees may be less than the number of enterprises owing to the reason that the workforce in those industries consists of personnel such as working proprietors, unpaid family workers, etc. that are not included in the count of employees."
,440,,,Concepts and definitions,Output includes revenue from non-industrial activities.
,440,2005,,Table Note,Number of enterprises
,440,2005,,Table Note,Output at factor values
,440,2006,,Table Note,Number of enterprises
,440,2006,,Table Note,Output at factor values
,440,2007,,Table Note,Number of enterprises
,440,2007,,Table Note,Output at producers' prices
,440,2008,,Table Note,Number of enterprises
,440,2008,,Table Note,Output at producers' prices
,440,2009,,Table Note,Number of enterprises
,440,2009,,Table Note,Output at producers' prices
,440,2010,,Table Note,Number of enterprises
,440,2010,,Table Note,Output at producers' prices
,440,2011,,Table Note,Number of enterprises
,440,2011,,Table Note,Output at producers' prices
,440,2012,,Table Note,Number of enterprises
,440,2012,,Table Note,Output at producers' prices
,440,2013,,Table Note,Number of enterprises
,440,2013,,Table Note,Output at producers' prices
,440,2014,,Table Note,Number of enterprises
,440,2014,,Table Note,Output at producers' prices
,440,2015,,Table Note,Number of enterprises
,440,2015,,Table Note,Output at producers' prices
,440,2016,,Table Note,Number of enterprises
,440,2016,,Table Note,Output at producers' prices
,440,2017,,Table Note,Number of enterprises
,440,2017,,Table Note,Output at producers' prices
,440,2018,,Table Note,Number of enterprises
,440,2018,,Table Note,Output at producers' prices
,440,2019,,Table Note,Number of enterprises
,440,2019,,Table Note,Output at producers' prices
,440,2020,,Table Note,Number of enterprises
,440,2020,,Table Note,Output at producers' prices
20,440,,,Concepts and definitions,Value added includes cost of non-industrial activities.
20,440,2005,,Table Note,Value added at factor values
20,440,2006,,Table Note,Value added at factor values
20,440,2007,,Table Note,Value added at factor values
20,440,2008,,Table Note,Value added at factor values
20,440,2009,,Table Note,Value added at factor values
20,440,2010,,Table Note,Value added at factor values
20,440,2011,,Table Note,Value added at factor values
20,440,2012,,Table Note,Value added at factor values
20,440,2013,,Table Note,Value added at factor values
20,440,2014,,Table Note,Value added at factor values
20,440,2015,,Table Note,Value added at factor values
20,440,2016,,Table Note,Value added at factor values
20,440,2017,,Table Note,Value added at factor values
20,440,2018,,Table Note,Value added at factor values
20,440,2019,,Table Note,Value added at factor values
20,440,2020,,Table Note,Value added at factor values
,442,,,Type of enumeration,Complete enumeration for enterprises exceeding employment or turnover threshold; sample survey for enterprises below threshold values.
,442,,,Reference Period,Calendar year.
,442,,,Adjusted for non-response,Yes.
,442,,,Scope,All enterprises included in the business register.
,442,,,Source,Annual surveys; administrative sources; company accounts.
,442,,,Concepts and definitions,No deviations from the standard UN concepts and definitions are reported.
,442,,,Deviations from ISIC,Data presented in ISIC (Revision 4) were originally classified according to the national NACE-related classification system (NACE-LUX).
,442,,,Related national publications,None reported.
,442,,,Method of data collection,Not reported.
,442,,,Footnote,Data derived from OECD's or Eurostat's databases refer to Gross investment in tangible goods only.
,442,2005,,Table Note,Number of enterprises
,442,2005,,Data Supplier,"Service central de la statistique et des ?tudes ?conomiques (STATEC), Luxembourg. Industrial statistics for the OECD countries are compiled by the OECD secretariat, which supplies them to UNIDO."
,442,2006,,Table Note,Number of enterprises
,442,2006,,Data Supplier,"Service central de la statistique et des ?tudes ?conomiques (STATEC), Luxembourg. Industrial statistics for the OECD countries are compiled by the OECD secretariat, which supplies them to UNIDO."
,442,2007,,Table Note,Number of enterprises
,442,2007,,Data Supplier,"Service central de la statistique et des ?tudes ?conomiques (STATEC), Luxembourg. Industrial statistics for the OECD countries are compiled by the OECD secretariat, which supplies them to UNIDO."
,442,2008,,Table Note,Number of enterprises
,442,2008,,Data Supplier,"Service central de la statistique et des ?tudes ?conomiques (STATEC), Luxembourg. Industrial statistics for the OECD countries are compiled by the OECD secretariat, which supplies them to UNIDO."
,442,2008,,Footnote,"For some industries, the number of employees may be less than the number of enterprises owing to the reason that the workforce in those industries consists of personnel such as working proprietors, unpaid family workers, etc. that are not included in the count of employees."
,442,2008,,Footnote,A zero (0) indicates that a value is either nil or negligible.
,442,2008,,Footnote,A zero (0) indicates that a value is either nil or negligible.
,442,2009,,Table Note,Number of enterprises
,442,2009,,Data Supplier,"Service central de la statistique et des ?tudes ?conomiques (STATEC), Luxembourg. Industrial statistics for the OECD countries are compiled by the OECD secretariat, which supplies them to UNIDO."
,442,2009,,Footnote,"For some industries, the number of employees may be less than the number of enterprises owing to the reason that the workforce in those industries consists of personnel such as working proprietors, unpaid family workers, etc. that are not included in the count of employees."
,442,2009,,Footnote,A zero (0) indicates that a value is either nil or negligible.
,442,2009,,Footnote,A zero (0) indicates that a value is either nil or negligible.
,442,2010,,Table Note,Number of enterprises
,442,2010,,Footnote,"For some industries, the number of employees may be less than the number of enterprises owing to the reason that the workforce in those industries consists of personnel such as working proprietors, unpaid family workers, etc. that are not included in the count of employees."
,442,2010,,Data Supplier,"Service central de la statistique et des ?tudes ?conomiques (STATEC), Luxembourg. Industrial statistics for the OECD countries are compiled by the OECD secretariat, which supplies them to UNIDO."
,442,2010,,Footnote,A zero (0) indicates that a value is either nil or negligible.
,442,2010,,Footnote,A zero (0) indicates that a value is either nil or negligible.
,442,2011,,Table Note,Number of enterprises
,442,2011,,Data Supplier,"Service central de la statistique et des ?tudes ?conomiques (STATEC), Luxembourg. Industrial statistics for the OECD countries are compiled by the OECD secretariat, which supplies them to UNIDO."
,442,2011,,Footnote,"For some industries, the number of employees may be less than the number of enterprises owing to the reason that the workforce in those industries consists of personnel such as working proprietors, unpaid family workers, etc. that are not included in the count of employees."
,442,2011,,Footnote,A zero (0) indicates that a value is either nil or negligible.
,442,2011,,Footnote,A zero (0) indicates that a value is either nil or negligible.
,442,2012,,Table Note,Number of enterprises
,442,2012,,Footnote,"For some industries, the number of employees may be less than the number of enterprises owing to the reason that the workforce in those industries consists of personnel such as working proprietors, unpaid family workers, etc. that are not included in the count of employees."
,442,2012,,Data Supplier,"Service central de la statistique et des ?tudes ?conomiques (STATEC), Luxembourg. Industrial statistics for the OECD countries are compiled by the OECD secretariat, which supplies them to UNIDO."
,442,2012,,Footnote,A zero (0) indicates that a value is either nil or negligible.
,442,2012,,Footnote,A zero (0) indicates that a value is either nil or negligible.
,442,2013,,Table Note,Number of enterprises
,442,2013,,Footnote,"For some industries, the number of employees may be less than the number of enterprises owing to the reason that the workforce in those industries consists of personnel such as working proprietors, unpaid family workers, etc. that are not included in the count of employees."
,442,2013,,Data Supplier,"Service central de la statistique et des ?tudes ?conomiques (STATEC), Luxembourg. Industrial statistics for the OECD countries are compiled by the OECD secretariat, which supplies them to UNIDO."
,442,2013,,Footnote,A zero (0) indicates that a value is either nil or negligible.
,442,2013,,Footnote,A zero (0) indicates that a value is either nil or negligible.
,442,2014,,Table Note,Number of enterprises
,442,2014,,Data Supplier,"Service central de la statistique et des ?tudes ?conomiques (STATEC), Luxembourg. Industrial statistics for the OECD countries are compiled by the OECD secretariat, which supplies them to UNIDO."
,442,2014,,Footnote,"For some industries, the number of employees may be less than the number of enterprises owing to the reason that the workforce in those industries consists of personnel such as working proprietors, unpaid family workers, etc. that are not included in the count of employees."
,442,2014,,Footnote,A zero (0) indicates that a value is either nil or negligible.
,442,2014,,Footnote,A zero (0) indicates that a value is either nil or negligible.
,442,2015,,Table Note,Number of enterprises
,442,2015,,Table Note,Output at producers' prices
,442,2015,,Footnote,"For some industries, the number of employees may be less than the number of enterprises owing to the reason that the workforce in those industries consists of personnel such as working proprietors, unpaid family workers, etc. that are not included in the count of employees."
,442,2015,,Data Supplier,"Service central de la statistique et des ?tudes ?conomiques (STATEC), Luxembourg.
Data compiled by UNIDO were derived from Eurostat's structural business statistics (SBS) database."
,442,2015,,Footnote,A zero (0) indicates that a value is either nil or negligible.
,442,2015,,Footnote,A zero (0) indicates that a value is either nil or negligible.
,442,2016,,Table Note,Number of enterprises
,442,2016,,Table Note,Output at producers' prices
,442,2016,,Data Supplier,"Service central de la statistique et des ?tudes ?conomiques (STATEC), Luxembourg.
Data compiled by UNIDO were derived from Eurostat's structural business statistics (SBS) database."
,442,2016,,Footnote,"For some industries, the number of employees may be less than the number of enterprises owing to the reason that the workforce in those industries consists of personnel such as working proprietors, unpaid family workers, etc. that are not included in the count of employees."
,442,2016,,Footnote,A zero (0) indicates that a value is either nil or negligible.
,442,2016,,Footnote,A zero (0) indicates that a value is either nil or negligible.
,442,2017,,Table Note,Number of enterprises
,442,2017,,Table Note,Output at producers' prices
,442,2017,,Data Supplier,"Service central de la statistique et des ?tudes ?conomiques (STATEC), Luxembourg.
Data compiled by UNIDO were derived from Eurostat's structural business statistics (SBS) database."
,442,2017,,Footnote,"For some industries, the number of employees may be less than the number of enterprises owing to the reason that the workforce in those industries consists of personnel such as working proprietors, unpaid family workers, etc. that are not included in the count of employees."
,442,2017,,Footnote,A zero (0) indicates that a value is either nil or negligible.
,442,2017,,Footnote,A zero (0) indicates that a value is either nil or negligible.
,442,2018,,Table Note,Number of enterprises
,442,2018,,Table Note,Output at producers' prices
,442,2018,,Footnote,"For some industries, the number of employees may be less than the number of enterprises owing to the reason that the workforce in those industries consists of personnel such as working proprietors, unpaid family workers, etc. that are not included in the count of employees."
,442,2018,,Data Supplier,"Service central de la statistique et des ?tudes ?conomiques (STATEC), Luxembourg.
Data compiled by UNIDO were derived from Eurostat's structural business statistics (SBS) database."
,442,2018,,Footnote,A zero (0) indicates that a value is either nil or negligible.
,442,2018,,Footnote,A zero (0) indicates that a value is either nil or negligible.
,442,2019,,Table Note,Number of enterprises
,442,2019,,Table Note,Output at producers' prices
,442,2019,,Data Supplier,"Service central de la statistique et des ?tudes ?conomiques (STATEC), Luxembourg.
Data compiled by UNIDO were derived from Eurostat's structural business statistics (SBS) database."
,442,2019,,Footnote,"For some industries, the number of employees may be less than the number of enterprises owing to the reason that the workforce in those industries consists of personnel such as working proprietors, unpaid family workers, etc. that are not included in the count of employees."
,442,2019,,Footnote,A zero (0) indicates that a value is either nil or negligible.
,442,2019,,Footnote,A zero (0) indicates that a value is either nil or negligible.
,442,2020,,Table Note,Number of enterprises
,442,2020,,Table Note,Output at producers' prices
,442,2020,,Footnote,"For some industries, the number of employees may be less than the number of enterprises owing to the reason that the workforce in those industries consists of personnel such as working proprietors, unpaid family workers, etc. that are not included in the count of employees."
,442,2020,,Data Supplier,"Service central de la statistique et des ?tudes ?conomiques (STATEC), Luxembourg.
Data compiled by UNIDO were derived from Eurostat's structural business statistics (SBS) database."
,442,2020,,Footnote,A zero (0) indicates that a value is either nil or negligible.
,442,2020,,Footnote,A zero (0) indicates that a value is either nil or negligible.
20,442,2005,,Table Note,Value added at factor values
20,442,2006,,Table Note,Value added at factor values
20,442,2007,,Table Note,Value added at factor values
20,442,2008,,Table Note,Value added at factor values
20,442,2008,,Footnote,A zero (0) indicates that a value is either nil or negligible.
20,442,2009,,Table Note,Value added at factor values
20,442,2009,,Footnote,A zero (0) indicates that a value is either nil or negligible.
20,442,2010,,Table Note,Value added at factor values
20,442,2010,,Footnote,A zero (0) indicates that a value is either nil or negligible.
20,442,2011,,Table Note,Value added at factor values
20,442,2011,,Footnote,A zero (0) indicates that a value is either nil or negligible.
20,442,2012,,Table Note,Value added at factor values
20,442,2012,,Footnote,A zero (0) indicates that a value is either nil or negligible.
20,442,2013,,Table Note,Value added at factor values
20,442,2013,,Footnote,A zero (0) indicates that a value is either nil or negligible.
20,442,2014,,Table Note,Value added at factor values
20,442,2014,,Footnote,A zero (0) indicates that a value is either nil or negligible.
20,442,2015,,Table Note,Value added at factor values
20,442,2015,,Footnote,A zero (0) indicates that a value is either nil or negligible.
20,442,2016,,Table Note,Value added at factor values
20,442,2016,,Footnote,A zero (0) indicates that a value is either nil or negligible.
20,442,2017,,Table Note,Value added at factor values
20,442,2017,,Footnote,A zero (0) indicates that a value is either nil or negligible.
20,442,2018,,Table Note,Value added at factor values
20,442,2018,,Footnote,A zero (0) indicates that a value is either nil or negligible.
20,442,2019,,Table Note,Value added at factor values
20,442,2019,,Footnote,A zero (0) indicates that a value is either nil or negligible.
20,442,2020,,Table Note,Value added at factor values
20,442,2020,,Footnote,A zero (0) indicates that a value is either nil or negligible.
,458,,1820,Footnote,A zero (0) indicates that a value is either nil or negligible.
,458,2009,,Table Note,Output at basic prices
,458,2009,,Source,Biennial survey on registered establishments; census every five years.
,458,2009,,Reference Period,"Calendar year; however, data given for a financial year are accepted and incorporated into the calendar year which adheres to the major part of the financial year."
,458,2009,,Scope,"Census covers all establishments in years ending with 0 or 5.  For other years, only selected establishments are covered subject to sampling."
,458,2009,,Adjusted for non-response,Yes (response rate: approximately 85.9%).
,458,2009,,Deviations from ISIC,Data presented in ISIC (Revision 4) were originally classified according to the Malaysia Standard Industrial Classification 2008.
,458,2009,,Method of data collection,Mail questionnaires; direct interview in the field.
,458,2009,,Related national publications,"Report on Survey of Manufacturing Industries 2014, published by the Department of Statistics, Putrajaya."
,458,2009,,Footnote,Data for establishments are not available for non-economic census years.
,458,2009,,Type of enumeration,Sample survey for 2009; 2012; 2014 and 2017; complete enumeration for 2010 and 2015.
,458,2009,,Data Supplier,"Department of Statistics, Putrajaya."
,458,2009,,Concepts and definitions,Wages and salaries excludes housing and family allowances paid directly by the employer and payments in kind.
,458,2009,,Concepts and definitions,Output includes revenue from non-industrial activities.
,458,2009,,Concepts and definitions,Gross fixed capital formation excludes furniture and fittings.
,458,2010,,Table Note,Output at basic prices
,458,2010,,Scope,"Census covers all establishments in years ending with 0 or 5.  For other years, only selected establishments are covered subject to sampling."
,458,2010,,Adjusted for non-response,Yes (response rate: approximately 85.9%).
,458,2010,,Deviations from ISIC,Data presented in ISIC (Revision 4) were originally classified according to the Malaysia Standard Industrial Classification 2008.
,458,2010,,Related national publications,"Report on Survey of Manufacturing Industries 2014, published by the Department of Statistics, Putrajaya."
,458,2010,,Method of data collection,Mail questionnaires; direct interview in the field.
,458,2010,,Type of enumeration,Sample survey for 2009; 2012; 2014 and 2017; complete enumeration for 2010 and 2015.
,458,2010,,Source,Biennial survey on registered establishments; census every five years.
,458,2010,,Reference Period,"Calendar year; however, data given for a financial year are accepted and incorporated into the calendar year which adheres to the major part of the financial year."
,458,2010,,Data Supplier,"Department of Statistics, Putrajaya."
,458,2010,,Footnote,Data for establishments are not available for non-economic census years.
,458,2010,,Concepts and definitions,Output includes revenue from non-industrial activities.
,458,2010,,Concepts and definitions,Wages and salaries excludes housing and family allowances paid directly by the employer and payments in kind.
,458,2010,,Concepts and definitions,Gross fixed capital formation excludes furniture and fittings.
,458,2012,,Table Note,Output at basic prices
,458,2012,,Deviations from ISIC,Data presented in ISIC (Revision 4) were originally classified according to the Malaysia Standard Industrial Classification 2008.
,458,2012,,Related national publications,"Report on Survey of Manufacturing Industries 2014, published by the Department of Statistics, Putrajaya."
,458,2012,,Method of data collection,Mail questionnaires; direct interview in the field.
,458,2012,,Type of enumeration,Sample survey for 2009; 2012; 2014 and 2017; complete enumeration for 2010 and 2015.
,458,2012,,Source,Biennial survey on registered establishments; census every five years.
,458,2012,,Reference Period,"Calendar year; however, data given for a financial year are accepted and incorporated into the calendar year which adheres to the major part of the financial year."
,458,2012,,Scope,"Census covers all establishments in years ending with 0 or 5.  For other years, only selected establishments are covered subject to sampling."
,458,2012,,Adjusted for non-response,Yes (response rate: approximately 85.9%).
,458,2012,,Data Supplier,"Department of Statistics, Putrajaya."
,458,2012,,Concepts and definitions,Wages and salaries excludes housing and family allowances paid directly by the employer and payments in kind.
,458,2012,,Concepts and definitions,Output includes revenue from non-industrial activities.
,458,2012,,Concepts and definitions,Gross fixed capital formation excludes furniture and fittings.
,458,2014,,Table Note,Output at basic prices
,458,2014,,Deviations from ISIC,Data presented in ISIC (Revision 4) were originally classified according to the Malaysia Standard Industrial Classification 2008.
,458,2014,,Related national publications,"Report on Survey of Manufacturing Industries 2014, published by the Department of Statistics, Putrajaya."
,458,2014,,Source,Biennial survey on registered establishments; census every five years.
,458,2014,,Reference Period,"Calendar year; however, data given for a financial year are accepted and incorporated into the calendar year which adheres to the major part of the financial year."
,458,2014,,Scope,"Census covers all establishments in years ending with 0 or 5.  For other years, only selected establishments are covered subject to sampling."
,458,2014,,Concepts and definitions,Wages and salaries excludes housing and family allowances paid directly by the employer and payments in kind.
,458,2014,,Method of data collection,Mail questionnaires; direct interview in the field.
,458,2014,,Type of enumeration,Sample survey for 2009; 2012; 2014 and 2017; complete enumeration for 2010 and 2015.
,458,2014,,Data Supplier,"Department of Statistics, Putrajaya."
,458,2014,,Adjusted for non-response,Yes (response rate: approximately 85.9%).
,458,2014,,Concepts and definitions,Output includes revenue from non-industrial activities.
,458,2014,,Concepts and definitions,Gross fixed capital formation excludes furniture and fittings.
,458,2015,,Table Note,Output at basic prices
,458,2015,,Related national publications,"Economic Census 2015; Annual Economic Statistics - Manufacturing, both published by the Department of Statistics, Putrajaya."
,458,2015,,Method of data collection,Mail questionnaires; direct interview in the field.
,458,2015,,Type of enumeration,Sample survey for 2009; 2012; 2014 and 2017; complete enumeration for 2010 and 2015.
,458,2015,,Source,Biennial survey on registered establishments; census every five years.
,458,2015,,Reference Period,"Calendar year; however, data given for a financial year are accepted and incorporated into the calendar year which adheres to the major part of the financial year."
,458,2015,,Data Supplier,"Department of Statistics, Putrajaya."
,458,2015,,Deviations from ISIC,Data presented in ISIC (Revision 4) were originally classified according to the Malaysia Standard Industrial Classification 2008.
,458,2015,,Footnote,Data for establishments are not available for non-economic census years.
,458,2015,,Scope,"Census covers all establishments in years ending with 0 or 5.  For other years, only selected establishments are covered subject to sampling."
,458,2015,,Adjusted for non-response,Yes (response rate: approximately 70%).
,458,2015,,Concepts and definitions,Output includes revenue from non-industrial activities.
,458,2015,,Concepts and definitions,Wages and salaries excludes housing and family allowances paid directly by the employer and payments in kind.
,458,2015,,Concepts and definitions,Gross fixed capital formation excludes furniture and fittings.
,458,2015,2610,Footnote,"2610 includes 27, 28, 29 and 30."
,458,2015,2310,Footnote,2310 includes 24 and 25.
,458,2016,,Source,Biennial survey on registered establishments; census every five years.
,458,2016,,Reference Period,"Calendar year; however, data given for a financial year are accepted and incorporated into the calendar year which adheres to the major part of the financial year."
,458,2016,,Scope,"Census covers all establishments in years ending with 0 or 5.  For other years, only selected establishments are covered subject to sampling."
,458,2016,,Deviations from ISIC,Data presented in ISIC (Revision 4) were originally classified according to the Malaysia Standard Industrial Classification 2008.
,458,2016,,Related national publications,"Economic Census 2015; Annual Economic Statistics - Manufacturing, both published by the Department of Statistics, Putrajaya."
,458,2016,,Method of data collection,Mail questionnaires; direct interview in the field.
,458,2016,,Type of enumeration,Sample survey for 2009; 2012; 2014 and 2017; complete enumeration for 2010 and 2015.
,458,2016,,Data Supplier,"Department of Statistics, Putrajaya."
,458,2016,,Concepts and definitions,Gross fixed capital formation excludes furniture and fittings.
,458,2016,2610,Footnote,"2610 includes 27, 28, 29 and 30."
,458,2016,2310,Footnote,2310 includes 24 and 25.
,458,2017,,Table Note,Output at basic prices
,458,2017,,Type of enumeration,Sample survey for 2009; 2012; 2014 and 2017; complete enumeration for 2010 and 2015.
,458,2017,,Deviations from ISIC,Data presented in ISIC (Revision 4) were originally classified according to the Malaysia Standard Industrial Classification 2008.
,458,2017,,Related national publications,"Economic Census 2015; Annual Economic Statistics - Manufacturing, both published by the Department of Statistics, Putrajaya."
,458,2017,,Method of data collection,Mail questionnaires; direct interview in the field.
,458,2017,,Data Supplier,"Department of Statistics, Putrajaya."
,458,2017,,Source,Biennial survey on registered establishments; census every five years.
,458,2017,,Reference Period,"Calendar year; however, data given for a financial year are accepted and incorporated into the calendar year which adheres to the major part of the financial year."
,458,2017,,Scope,"Census covers all establishments in years ending with 0 or 5.  For other years, only selected establishments are covered subject to sampling."
,458,2017,,Adjusted for non-response,Yes (response rate: approximately 82%).
,458,2017,,Concepts and definitions,Output includes revenue from non-industrial activities.
,458,2017,,Concepts and definitions,Wages and salaries excludes housing and family allowances paid directly by the employer and payments in kind.
,458,2017,,Concepts and definitions,Gross fixed capital formation excludes furniture and fittings.
,458,2017,2610,Footnote,"2610 includes 27, 28, 29 and 30."
,458,2017,2310,Footnote,2310 includes 24 and 25.
,458,2018,,Table Note,Output at basic prices
,458,2018,,Footnote,Estimated data from Malaysian Department of Statistics.
,458,2018,,Deviations from ISIC,Data presented in ISIC (Revision 4) were originally classified according to the Malaysia Standard Industrial Classification 2008.
,458,2018,,Related national publications,"Economic Census 2015; Annual Economic Statistics - Manufacturing, both published by the Department of Statistics, Putrajaya."
,458,2018,,Type of enumeration,"Estimated data, no survey was conducted."
,458,2018,,Footnote,Estimated data from Malaysian Department of Statistics.
,458,2018,,Method of data collection,Mail questionnaires; direct interview in the field.
,458,2018,,Footnote,Estimated data from Malaysian Department of Statistics.
,458,2018,,Source,Biennial survey on registered establishments; census every five years.
,458,2018,,Reference Period,"Calendar year; however, data given for a financial year are accepted and incorporated into the calendar year which adheres to the major part of the financial year."
,458,2018,,Data Supplier,"Department of Statistics, Putrajaya."
,458,2018,,Scope,"Census covers all establishments in years ending with 0 or 5.  For other years, only selected establishments are covered subject to sampling."
,458,2018,,Adjusted for non-response,Not reported.
,458,2018,,Footnote,Estimated data from Malaysian Department of Statistics.
,458,2018,,Concepts and definitions,Output includes revenue from non-industrial activities.
,458,2018,,Footnote,Estimated data from Malaysian Department of Statistics.
,458,2018,,Concepts and definitions,Wages and salaries excludes housing and family allowances paid directly by the employer and payments in kind.
,458,2018,,Concepts and definitions,Gross fixed capital formation excludes furniture and fittings.
,458,2018,2610,Footnote,"2610 includes 27, 28, 29 and 30."
,458,2018,2310,Footnote,2310 includes 24 and 25.
,458,2019,,Table Note,Output at basic prices
,458,2019,,Footnote,Estimated data from Malaysian Department of Statistics.
,458,2019,,Deviations from ISIC,Data presented in ISIC (Revision 4) were originally classified according to the Malaysia Standard Industrial Classification 2008.
,458,2019,,Related national publications,"Economic Census 2015; Annual Economic Statistics - Manufacturing, both published by the Department of Statistics, Putrajaya."
,458,2019,,Type of enumeration,"Estimated data, no survey was conducted."
,458,2019,,Method of data collection,Mail questionnaires; direct interview in the field.
,458,2019,,Scope,"Census covers all establishments in years ending with 0 or 5.  For other years, only selected establishments are covered subject to sampling."
,458,2019,,Adjusted for non-response,Not reported.
,458,2019,,Footnote,Estimated data from Malaysian Department of Statistics.
,458,2019,,Source,Biennial survey on registered establishments; census every five years.
,458,2019,,Reference Period,"Calendar year; however, data given for a financial year are accepted and incorporated into the calendar year which adheres to the major part of the financial year."
,458,2019,,Data Supplier,"Department of Statistics, Putrajaya."
,458,2019,,Footnote,Estimated data from Malaysian Department of Statistics.
,458,2019,,Footnote,Estimated data from Malaysian Department of Statistics.
,458,2019,,Concepts and definitions,Output includes revenue from non-industrial activities.
,458,2019,,Footnote,Estimated data from Malaysian Department of Statistics.
,458,2019,,Concepts and definitions,Wages and salaries excludes housing and family allowances paid directly by the employer and payments in kind.
,458,2019,,Concepts and definitions,Gross fixed capital formation excludes furniture and fittings.
,458,2019,2610,Footnote,"2610 includes 27, 28, 29 and 30."
,458,2019,2310,Footnote,2310 includes 24 and 25.
,458,2020,,Table Note,Output at basic prices
,458,2020,,Footnote,Estimated data from Malaysian Department of Statistics.
,458,2020,,Type of enumeration,"Estimated data, no survey was conducted."
,458,2020,,Method of data collection,Mail questionnaires; direct interview in the field.
,458,2020,,Footnote,Estimated data from Malaysian Department of Statistics.
,458,2020,,Deviations from ISIC,Data presented in ISIC (Revision 4) were originally classified according to the Malaysia Standard Industrial Classification 2008.
,458,2020,,Reference Period,"Calendar year; however, data given for a financial year are accepted and incorporated into the calendar year which adheres to the major part of the financial year."
,458,2020,,Data Supplier,"Department of Statistics, Putrajaya."
,458,2020,,Footnote,Estimated data from Malaysian Department of Statistics.
,458,2020,,Related national publications,"Economic Census 2015; Annual Economic Statistics - Manufacturing, both published by the Department of Statistics, Putrajaya."
,458,2020,,Footnote,Estimated data from Malaysian Department of Statistics.
,458,2020,,Source,Biennial survey on registered establishments; census every five years.
,458,2020,,Scope,"Census covers all establishments in years ending with 0 or 5.  For other years, only selected establishments are covered subject to sampling."
,458,2020,,Adjusted for non-response,Not reported.
,458,2020,,Concepts and definitions,Output includes revenue from non-industrial activities.
,458,2020,,Footnote,Estimated data from Malaysian Department of Statistics.
,458,2020,,Concepts and definitions,Wages and salaries excludes housing and family allowances paid directly by the employer and payments in kind.
,458,2020,,Concepts and definitions,Gross fixed capital formation excludes furniture and fittings.
,458,2020,2610,Footnote,"2610 includes 27, 28, 29 and 30."
,458,2020,2310,Footnote,2310 includes 24 and 25.
20,458,2009,,Table Note,Value added at basic prices
20,458,2010,,Table Note,Value added at basic prices
20,458,2012,,Table Note,Value added at basic prices
20,458,2014,,Table Note,Value added at basic prices
20,458,2015,,Table Note,Value added at basic prices
20,458,2017,,Table Note,Value added at basic prices
20,458,2018,,Table Note,Value added at basic prices
20,458,2018,,Footnote,Estimated data from Malaysian Department of Statistics.
20,458,2019,,Table Note,Value added at basic prices
20,458,2019,,Footnote,Estimated data from Malaysian Department of Statistics.
20,458,2020,,Table Note,Value added at basic prices
20,458,2020,,Footnote,Estimated data from Malaysian Department of Statistics.
,470,,,Deviations from ISIC,Data presented in ISIC (Revision 4) were originally classified according to NACE (Revision 2).
,470,,,Related national publications,"Structural Business Statistics, published by the National Statistics Office, Valletta."
,470,,,Method of data collection,"Mail questionnaires, online survey."
,470,,,Type of enumeration,Sample survey.
,470,,,Data Supplier,"National Statistics Office, Valletta."
,470,,,Reference Period,Calendar year.
,470,,,Footnote,"For some industries, the number of employees may be less than the number of enterprises owing to the reason that the workforce in those industries consists of personnel such as working proprietors, unpaid family workers, etc. that are not included in the count of employees."
,470,,,Concepts and definitions,Output includes revenues from non-industrial activities.
,470,2008,,Table Note,Number of enterprises
,470,2008,,Footnote,Data were derived from OECD's databases.
,470,2008,,Footnote,Data were derived from OECD's databases.
,470,2008,,Footnote,Data were derived from OECD's databases.
,470,2008,,Footnote,Data were derived from OECD's databases.
,470,2008,,Footnote,Data were derived from OECD's databases.
,470,2009,,Table Note,Number of enterprises
,470,2009,,Table Note,Output at factor values
,470,2009,,Scope,All enterprises.
,470,2009,,Source,Census; sample survey.
,470,2009,,Concepts and definitions,Number of employees includes home workers.
,470,2009,,Adjusted for non-response,Yes (response rate: approximately 65%).
,470,2009,,Concepts and definitions,"Wages and salaries includes employers' contributions (in respect of their employees) paid to social security, pension and insurance schemes as well as the benefits received by employees under these schemes and severance and termination pay."
,470,2010,,Table Note,Number of enterprises
,470,2010,,Table Note,Output at factor values
,470,2010,,Scope,All enterprises.
,470,2010,,Adjusted for non-response,Yes (response rate: approximately 65%).
,470,2010,,Concepts and definitions,Number of employees includes home workers.
,470,2010,,Source,Survey; administrative source.
,470,2010,,Concepts and definitions,"Wages and salaries includes employers' contributions (in respect of their employees) paid to social security, pension and insurance schemes as well as the benefits received by employees under these schemes and severance and termination pay."
,470,2011,,Table Note,Number of enterprises
,470,2011,,Table Note,Output at factor values
,470,2011,,Scope,All privately owned enterprises.
,470,2011,,Source,Annual survey.
,470,2011,,Adjusted for non-response,Yes (response rate: approximately 85%).
,470,2011,,Concepts and definitions,Number of employees includes home workers.
,470,2011,,Concepts and definitions,"Wages and salaries includes employers' contributions (in respect of their employees) paid to social security, pension and insurance schemes as well as the benefits received by employees under these schemes and severance and termination pay."
,470,2012,,Table Note,Number of enterprises
,470,2012,,Table Note,Output at factor values
,470,2012,,Scope,All privately owned enterprises.
,470,2012,,Source,Annual survey.
,470,2012,,Adjusted for non-response,Yes (response rate: approximately 85%).
,470,2012,,Concepts and definitions,Number of employees includes home workers.
,470,2012,,Concepts and definitions,"Wages and salaries includes employers' contributions (in respect of their employees) paid to social security, pension and insurance schemes as well as the benefits received by employees under these schemes and severance and termination pay."
,470,2013,,Table Note,Number of enterprises
,470,2013,,Table Note,Output at factor values
,470,2013,,Scope,All privately owned enterprises.
,470,2013,,Source,Annual survey.
,470,2013,,Adjusted for non-response,Yes (response rate: approximately 82%).
,470,2013,,Concepts and definitions,Number of employees includes home workers.
,470,2013,,Concepts and definitions,"Wages and salaries includes employers' contributions (in respect of their employees) paid to social security, pension and insurance schemes as well as the benefits received by employees under these schemes and severance and termination pay."
,470,2014,,Table Note,Number of enterprises
,470,2014,,Table Note,Output at factor values
,470,2014,,Scope,All privately owned enterprises.
,470,2014,,Source,Annual survey.
,470,2014,,Adjusted for non-response,Yes (response rate: approximately 87%).
,470,2014,,Concepts and definitions,Number of employees includes home workers.
,470,2014,,Concepts and definitions,"Wages and salaries includes employers' contributions (in respect of their employees) paid to social security, pension and insurance schemes as well as the benefits received by employees under these schemes and severance and termination pay."
,470,2015,,Table Note,Number of enterprises
,470,2015,,Table Note,Output at factor values
,470,2015,,Scope,All privately owned enterprises.
,470,2015,,Source,Annual survey.
,470,2015,,Concepts and definitions,Number of employees includes home workers.
,470,2015,,Adjusted for non-response,Yes (response rate: approximately 82%).
,470,2015,,Concepts and definitions,"Wages and salaries includes employers' contributions (in respect of their employees) paid to social security, pension and insurance schemes as well as the benefits received by employees under these schemes and severance and termination pay."
,470,2016,,Table Note,Number of enterprises
,470,2016,,Table Note,Output at factor values
,470,2016,,Adjusted for non-response,Yes (response rate: approximately 64%).
,470,2016,,Scope,All privately owned enterprises.
,470,2016,,Source,Annual survey.
,470,2016,,Concepts and definitions,Number of employees includes home workers.
,470,2016,,Concepts and definitions,"Wages and salaries includes employers' contributions (in respect of their employees) paid to social security, pension and insurance schemes as well as the benefits received by employees under these schemes and severance and termination pay."
,470,2017,,Table Note,Number of enterprises
,470,2017,,Table Note,Output at factor values
,470,2017,,Scope,All privately owned enterprises.
,470,2017,,Source,Annual survey.
,470,2017,,Adjusted for non-response,Yes (response rate: approximately 59%).
,470,2018,,Table Note,Number of enterprises
,470,2018,,Table Note,Output at factor values
,470,2018,,Adjusted for non-response,Yes (response rate: approximately 63%).
,470,2018,,Scope,All privately owned enterprises.
,470,2018,,Source,Annual survey.
,470,2019,,Table Note,Number of enterprises
,470,2019,,Table Note,Output at factor values
,470,2019,,Source,Annual survey.
,470,2019,,Scope,Enterprises with an annual minimum turnover of 7000 EUR.
,470,2019,,Adjusted for non-response,Yes (response rate: approximately 63%).
,470,2020,,Table Note,Number of enterprises
,470,2020,,Table Note,Output at factor values
,470,2020,,Source,Annual survey.
,470,2020,,Scope,Enterprises with an annual minimum turnover of 7000 EUR.
,470,2020,,Adjusted for non-response,Yes (response rate: approximately 67%).
20,470,2008,,Table Note,Value added at factor values
20,470,2008,,Footnote,Data were derived from OECD's databases.
20,470,2009,,Table Note,Value added at factor values
20,470,2010,,Table Note,Value added at factor values
20,470,2011,,Table Note,Value added at factor values
20,470,2012,,Table Note,Value added at factor values
20,470,2013,,Table Note,Value added at factor values
20,470,2014,,Table Note,Value added at factor values
20,470,2015,,Table Note,Value added at factor values
20,470,2016,,Table Note,Value added at factor values
20,470,2017,,Table Note,Value added at factor values
20,470,2018,,Table Note,Value added at factor values
20,470,2019,,Table Note,Value added at factor values
20,470,2020,,Table Note,Value added at factor values
,480,2007,,Table Note,Output at basic prices
,480,2007,,Related national publications,"Annual Digest of Industrial Statistics, published by Statistics Mauritius, Port-Louis."
,480,2007,,Deviations from ISIC,None reported.
,480,2007,,Adjusted for non-response,Yes. (Response rate: approximately 38%)
,480,2007,,Source,Annual survey; administrative source.
,480,2007,,Reference Period,Calendar year.
,480,2007,,Scope,Establishments with 10 or more persons engaged.
,480,2007,,Data Supplier,"Statistics Mauritius, Port-Louis."
,480,2007,,Method of data collection,Mail questionnaires.
,480,2007,,Type of enumeration,Sample survey.
,480,2007,,Concepts and definitions,"Wages and salaries includes employers' contributions (in respect of their employees) paid to social security, pension and insurance schemes as well as the benefits received by employees under these schemes and severance and termination pay."
,480,2008,,Table Note,Output at basic prices
,480,2008,,Method of data collection,Mail questionnaires.
,480,2008,,Type of enumeration,Sample survey.
,480,2008,,Source,Annual survey; administrative source.
,480,2008,,Reference Period,Calendar year.
,480,2008,,Scope,Establishments with 10 or more persons engaged.
,480,2008,,Data Supplier,"Statistics Mauritius, Port-Louis."
,480,2008,,Adjusted for non-response,Yes. (Response rate: approximately 38%)
,480,2008,,Related national publications,"Annual Digest of Industrial Statistics, published by Statistics Mauritius, Port-Louis."
,480,2008,,Deviations from ISIC,None reported.
,480,2008,,Concepts and definitions,"Wages and salaries includes employers' contributions (in respect of their employees) paid to social security, pension and insurance schemes as well as the benefits received by employees under these schemes and severance and termination pay."
,480,2009,,Table Note,Output at basic prices
,480,2009,,Related national publications,"Annual Digest of Industrial Statistics, published by Statistics Mauritius, Port-Louis."
,480,2009,,Source,Annual survey; administrative source.
,480,2009,,Reference Period,Calendar year.
,480,2009,,Scope,Establishments with 10 or more persons engaged.
,480,2009,,Data Supplier,"Statistics Mauritius, Port-Louis."
,480,2009,,Adjusted for non-response,Yes. (Response rate: approximately 38%)
,480,2009,,Deviations from ISIC,None reported.
,480,2009,,Type of enumeration,Sample survey.
,480,2009,,Method of data collection,Mail questionnaires.
,480,2009,,Concepts and definitions,"Wages and salaries includes employers' contributions (in respect of their employees) paid to social security, pension and insurance schemes as well as the benefits received by employees under these schemes and severance and termination pay."
,480,2010,,Table Note,Output at basic prices
,480,2010,,Reference Period,Calendar year.
,480,2010,,Adjusted for non-response,Yes. (Response rate: approximately 50%)
,480,2010,,Source,Annual survey; administrative source.
,480,2010,,Scope,Establishments with 10 or more persons engaged.
,480,2010,,Data Supplier,"Statistics Mauritius, Port-Louis."
,480,2010,,Related national publications,"Annual Digest of Industrial Statistics, published by Statistics Mauritius, Port-Louis."
,480,2010,,Method of data collection,Mail questionnaires.
,480,2010,,Deviations from ISIC,None reported.
,480,2010,,Type of enumeration,Sample survey.
,480,2010,,Concepts and definitions,"Wages and salaries includes employers' contributions (in respect of their employees) paid to social security, pension and insurance schemes as well as the benefits received by employees under these schemes and severance and termination pay."
,480,2011,,Table Note,Output at basic prices
,480,2011,,Source,Annual survey; administrative source.
,480,2011,,Reference Period,Calendar year.
,480,2011,,Scope,Establishments with 10 or more persons engaged.
,480,2011,,Data Supplier,"Statistics Mauritius, Port-Louis."
,480,2011,,Adjusted for non-response,Yes. (Response rate: approximately 50%)
,480,2011,,Method of data collection,Mail questionnaires.
,480,2011,,Type of enumeration,Sample survey.
,480,2011,,Related national publications,"Annual Digest of Industrial Statistics, published by Statistics Mauritius, Port-Louis."
,480,2011,,Deviations from ISIC,None reported.
,480,2011,,Concepts and definitions,"Wages and salaries includes employers' contributions (in respect of their employees) paid to social security, pension and insurance schemes as well as the benefits received by employees under these schemes and severance and termination pay."
,480,2012,,Table Note,Output at basic prices
,480,2012,,Adjusted for non-response,Yes. (Response rate: approximately 50%)
,480,2012,,Source,Annual survey; administrative source.
,480,2012,,Reference Period,Calendar year.
,480,2012,,Scope,Establishments with 10 or more persons engaged.
,480,2012,,Data Supplier,"Statistics Mauritius, Port-Louis."
,480,2012,,Related national publications,"Annual Digest of Industrial Statistics, published by Statistics Mauritius, Port-Louis."
,480,2012,,Deviations from ISIC,None reported.
,480,2012,,Method of data collection,Mail questionnaires.
,480,2012,,Type of enumeration,Sample survey.
,480,2012,,Concepts and definitions,"Wages and salaries includes employers' contributions (in respect of their employees) paid to social security, pension and insurance schemes as well as the benefits received by employees under these schemes and severance and termination pay."
,480,2013,,Table Note,Output at basic prices
,480,2013,,Reference Period,Calendar year.
,480,2013,,Scope,Establishments with 10 or more persons engaged.
,480,2013,,Data Supplier,"Statistics Mauritius, Port-Louis."
,480,2013,,Source,Annual survey; administrative source.
,480,2013,,Adjusted for non-response,Yes. (Response rate: approximately 50%)
,480,2013,,Related national publications,"Annual Digest of Industrial Statistics, published by Statistics Mauritius, Port-Louis."
,480,2013,,Method of data collection,Mail questionnaires.
,480,2013,,Deviations from ISIC,None reported.
,480,2013,,Type of enumeration,Sample survey.
,480,2013,,Concepts and definitions,"Wages and salaries includes employers' contributions (in respect of their employees) paid to social security, pension and insurance schemes as well as the benefits received by employees under these schemes and severance and termination pay."
,480,2014,,Table Note,Output at basic prices
,480,2014,,Source,Annual survey; administrative source.
,480,2014,,Scope,Establishments with 10 or more persons engaged.
,480,2014,,Data Supplier,"Statistics Mauritius, Port-Louis."
,480,2014,,Adjusted for non-response,Yes. (Response rate: approximately 53%)
,480,2014,,Reference Period,Calendar year.
,480,2014,,Related national publications,"Annual Digest of Industrial Statistics, published by Statistics Mauritius, Port-Louis."
,480,2014,,Method of data collection,Mail questionnaires.
,480,2014,,Deviations from ISIC,None reported.
,480,2014,,Type of enumeration,Sample survey.
,480,2014,,Concepts and definitions,"Wages and salaries includes employers' contributions (in respect of their employees) paid to social security, pension and insurance schemes as well as the benefits received by employees under these schemes and severance and termination pay."
,480,2015,,Table Note,Output at basic prices
,480,2015,,Source,Annual survey; administrative source.
,480,2015,,Reference Period,Calendar year.
,480,2015,,Scope,Establishments with 10 or more persons engaged.
,480,2015,,Related national publications,"Annual Digest of Industrial Statistics, published by Statistics Mauritius, Port-Louis."
,480,2015,,Deviations from ISIC,None reported.
,480,2015,,Method of data collection,Mail questionnaires.
,480,2015,,Type of enumeration,Sample survey.
,480,2015,,Data Supplier,"Statistics Mauritius, Port-Louis."
,480,2015,,Adjusted for non-response,Yes. (Response rate: approximately 53%)
,480,2015,,Concepts and definitions,"Wages and salaries includes employers' contributions (in respect of their employees) paid to social security, pension and insurance schemes as well as the benefits received by employees under these schemes and severance and termination pay."
,480,2016,,Table Note,Output at basic prices
,480,2016,,Source,Annual survey; administrative source.
,480,2016,,Reference Period,Calendar year.
,480,2016,,Scope,Establishments with 10 or more persons engaged.
,480,2016,,Data Supplier,"Statistics Mauritius, Port-Louis."
,480,2016,,Adjusted for non-response,Yes. (Response rate: approximately 53%)
,480,2016,,Method of data collection,Mail questionnaires.
,480,2016,,Type of enumeration,Sample survey.
,480,2016,,Related national publications,"Annual Digest of Industrial Statistics, published by Statistics Mauritius, Port-Louis."
,480,2016,,Deviations from ISIC,None reported.
,480,2016,,Concepts and definitions,"Wages and salaries includes employers' contributions (in respect of their employees) paid to social security, pension and insurance schemes as well as the benefits received by employees under these schemes and severance and termination pay."
,480,2017,,Table Note,Output at basic prices
,480,2017,,Source,Annual survey; administrative source.
,480,2017,,Related national publications,"Annual Digest of Industrial Statistics, published by Statistics Mauritius, Port-Louis."
,480,2017,,Deviations from ISIC,None reported.
,480,2017,,Type of enumeration,Sample survey.
,480,2017,,Method of data collection,Mail questionnaires.
,480,2017,,Reference Period,Calendar year.
,480,2017,,Scope,Establishments with 10 or more persons engaged.
,480,2017,,Data Supplier,"Statistics Mauritius, Port-Louis."
,480,2017,,Adjusted for non-response,Yes. (Response rate: approximately 53%)
,480,2017,,Concepts and definitions,"Wages and salaries includes employers' contributions (in respect of their employees) paid to social security, pension and insurance schemes as well as the benefits received by employees under these schemes and severance and termination pay."
,480,2018,,Table Note,Output at basic prices
,480,2018,,Reference Period,Calendar year.
,480,2018,,Related national publications,"Annual Digest of Industrial Statistics, published by Statistics Mauritius, Port-Louis."
,480,2018,,Method of data collection,Mail questionnaires.
,480,2018,,Deviations from ISIC,None reported.
,480,2018,,Type of enumeration,Sample survey.
,480,2018,,Source,Annual survey; administrative source.
,480,2018,,Scope,Establishments with 10 or more persons engaged.
,480,2018,,Data Supplier,"Statistics Mauritius, Port-Louis."
,480,2018,,Adjusted for non-response,Yes. (Response rate: approximately 53%)
,480,2018,,Concepts and definitions,"Wages and salaries includes employers' contributions (in respect of their employees) paid to social security, pension and insurance schemes as well as the benefits received by employees under these schemes and severance and termination pay."
,480,2019,,Table Note,Output at basic prices
,480,2019,,Source,Annual survey; administrative source.
,480,2019,,Scope,Establishments with 10 or more persons engaged.
,480,2019,,Data Supplier,"Statistics Mauritius, Port-Louis."
,480,2019,,Method of data collection,Mail questionnaires.
,480,2019,,Type of enumeration,Sample survey.
,480,2019,,Related national publications,"Annual Digest of Industrial Statistics, published by Statistics Mauritius, Port-Louis."
,480,2019,,Deviations from ISIC,None reported.
,480,2019,,Reference Period,Calendar year.
,480,2019,,Adjusted for non-response,Yes. (Response rate: approximately 50%)
,480,2019,,Concepts and definitions,"Wages and salaries includes employers' contributions (in respect of their employees) paid to social security, pension and insurance schemes as well as the benefits received by employees under these schemes and severance and termination pay."
,480,2020,,Table Note,Output at basic prices
,480,2020,,Related national publications,"Annual Digest of Industrial Statistics, published by Statistics Mauritius, Port-Louis."
,480,2020,,Deviations from ISIC,None reported.
,480,2020,,Method of data collection,Mail questionnaires.
,480,2020,,Type of enumeration,Sample survey.
,480,2020,,Source,Annual survey; administrative source.
,480,2020,,Reference Period,Calendar year.
,480,2020,,Scope,Establishments with 10 or more persons engaged.
,480,2020,,Data Supplier,"Statistics Mauritius, Port-Louis."
,480,2020,,Adjusted for non-response,Yes. (Response rate: approximately 50%)
,480,2020,,Concepts and definitions,"Wages and salaries includes employers' contributions (in respect of their employees) paid to social security, pension and insurance schemes as well as the benefits received by employees under these schemes and severance and termination pay."
20,480,2007,,Table Note,Value added at basic prices
20,480,2008,,Table Note,Value added at basic prices
20,480,2009,,Table Note,Value added at basic prices
20,480,2010,,Table Note,Value added at basic prices
20,480,2011,,Table Note,Value added at basic prices
20,480,2012,,Table Note,Value added at basic prices
20,480,2013,,Table Note,Value added at basic prices
20,480,2014,,Table Note,Value added at basic prices
20,480,2015,,Table Note,Value added at basic prices
20,480,2016,,Table Note,Value added at basic prices
20,480,2017,,Table Note,Value added at basic prices
20,480,2018,,Table Note,Value added at basic prices
20,480,2019,,Table Note,Value added at basic prices
20,480,2020,,Table Note,Value added at basic prices
,484,,,Deviations from ISIC,Data presented in ISIC (Revision 4) were originally classified according to the North American Industry Classification System (NAICS).
,484,,,Related national publications,"Encuesta Anual de la Industria Manufacturera (EAIM), published by the Instituto Nacional de Estad?stica y Geograf?a (INEGI), Aguascalientes."
,484,,,Method of data collection,The inquiry is conducted by mail and interviews.
,484,,,Source,"Annual and monthly industrial surveys; economic census in every five years (1989, 1994, 1999, 2004, 2009, 2014, 2019)."
,484,,,Reference Period,Calendar year.
,484,,,Adjusted for non-response,No.
,484,,139,Footnote,Includes industries with negative Gross Fixed Capital Formation.
,484,2007,,Table Note,Output at producers' prices
,484,2007,,Data Supplier,"Instituto Nacional de Estad?stica y Geograf?a (INEGI), Aguascalientes. 
Industrial statistics for the OECD countries are compiled by the OECD secretariat, which supplies them to UNIDO."
,484,2008,,Table Note,Output at producers' prices
,484,2008,,Data Supplier,"Instituto Nacional de Estad?stica y Geograf?a (INEGI), Aguascalientes. 
Industrial statistics for the OECD countries are compiled by the OECD secretariat, which supplies them to UNIDO."
,484,2009,,Table Note,Output at producers' prices
,484,2009,,Footnote,"Data were derived from the official website of Instituto Nacional de Estad?stica y Geograf?a (INEGI), Aguascalientes."
,484,2009,,Footnote,Output refers to gross output.
,484,2009,,Data Supplier,"Instituto Nacional de Estad?stica y Geograf?a (INEGI), Aguascalientes."
,484,2010,,Table Note,Output at producers' prices
,484,2010,,Footnote,"Data were derived from the official website of Instituto Nacional de Estad?stica y Geograf?a (INEGI), Aguascalientes."
,484,2010,,Footnote,Output refers to gross output.
,484,2010,,Data Supplier,"Instituto Nacional de Estad?stica y Geograf?a (INEGI), Aguascalientes."
,484,2011,,Table Note,Output at producers' prices
,484,2011,,Footnote,"Data were derived from the official website of Instituto Nacional de Estad?stica y Geograf?a (INEGI), Aguascalientes."
,484,2011,,Footnote,Output refers to gross output.
,484,2011,,Data Supplier,"Instituto Nacional de Estad?stica y Geograf?a (INEGI), Aguascalientes."
,484,2012,,Table Note,Output at producers' prices
,484,2012,,Footnote,"Data were derived from the official website of Instituto Nacional de Estad?stica y Geograf?a (INEGI), Aguascalientes."
,484,2012,,Footnote,Output refers to gross output.
,484,2012,,Data Supplier,"Instituto Nacional de Estad?stica y Geograf?a (INEGI), Aguascalientes."
,484,2013,,Table Note,Output at producers' prices
,484,2013,,Footnote,"Data were derived from the official website of Instituto Nacional de Estad?stica y Geograf?a (INEGI), Aguascalientes."
,484,2013,,Footnote,Output refers to gross output.
,484,2013,,Data Supplier,"Instituto Nacional de Estad?stica y Geograf?a (INEGI), Aguascalientes."
,484,2014,,Table Note,Output at producers' prices
,484,2014,,Footnote,"Data were derived from the official website of Instituto Nacional de Estad?stica y Geograf?a (INEGI), Aguascalientes."
,484,2014,,Footnote,Output refers to gross output.
,484,2014,,Data Supplier,"Instituto Nacional de Estad?stica y Geograf?a (INEGI), Aguascalientes."
,484,2015,,Table Note,Output at producers' prices
,484,2015,,Footnote,"Data were derived from the official website of Instituto Nacional de Estad?stica y Geograf?a (INEGI), Aguascalientes."
,484,2015,,Footnote,Output refers to gross output.
,484,2015,,Data Supplier,"Instituto Nacional de Estad?stica y Geograf?a (INEGI), Aguascalientes."
,484,2015,281,Footnote,Includes industries with negative Gross Fixed Capital Formation.
,484,2016,,Table Note,Output at producers' prices
,484,2016,,Footnote,"Data were derived from the official website of Instituto Nacional de Estad?stica y Geograf?a (INEGI), Aguascalientes."
,484,2016,,Footnote,"Data:A. for the years 2016 and 2017 were based on information captured directly by the Annual Survey of the Manufacturing Industry (EAIM); 
B. for the year 2018, the field work was carried out as part of the 2019 Economic Census, which allowed the Institute to reduce the requirements made to the informants. Hence, the EAIM for the year 2018 comes mainly from the annualized information of the Monthly Survey of the Manufacturing Industry (EMIM)."
,484,2016,,Footnote,Output refers to gross output.
,484,2016,,Data Supplier,"Instituto Nacional de Estad?stica y Geograf?a (INEGI), Aguascalientes."
,484,2017,,Table Note,Output at producers' prices
,484,2017,,Footnote,"Data were derived from the official website of Instituto Nacional de Estad?stica y Geograf?a (INEGI), Aguascalientes."
,484,2017,,Footnote,"Data:A. for the years 2016 and 2017 were based on information captured directly by the Annual Survey of the Manufacturing Industry (EAIM); 
B. for the year 2018, the field work was carried out as part of the 2019 Economic Census, which allowed the Institute to reduce the requirements made to the informants. Hence, the EAIM for the year 2018 comes mainly from the annualized information of the Monthly Survey of the Manufacturing Industry (EMIM)."
,484,2017,,Footnote,Output refers to gross output.
,484,2017,,Data Supplier,"Instituto Nacional de Estad?stica y Geograf?a (INEGI), Aguascalientes."
,484,2018,,Table Note,Output at producers' prices
,484,2018,,Footnote,"Data were derived from the official website of Instituto Nacional de Estad?stica y Geograf?a (INEGI), Aguascalientes."
,484,2018,,Footnote,"Data:A. for the years 2016 and 2017 were based on information captured directly by the Annual Survey of the Manufacturing Industry (EAIM); 
B. for the year 2018, the field work was carried out as part of the 2019 Economic Census, which allowed the Institute to reduce the requirements made to the informants. Hence, the EAIM for the year 2018 comes mainly from the annualized information of the Monthly Survey of the Manufacturing Industry (EMIM)."
,484,2018,,Footnote,Output refers to gross output.
,484,2018,,Data Supplier,"Instituto Nacional de Estad?stica y Geograf?a (INEGI), Aguascalientes."
,484,2019,,Table Note,Output at producers' prices
,484,2019,,Footnote,"Data were derived from the official website of Instituto Nacional de Estad?stica y Geograf?a (INEGI), Aguascalientes."
,484,2019,,Footnote,Output refers to gross output.
,484,2019,,Data Supplier,"Instituto Nacional de Estad?stica y Geograf?a (INEGI), Aguascalientes."
,484,2020,,Table Note,Output at producers' prices
,484,2020,,Footnote,"Data were derived from the official website of Instituto Nacional de Estad?stica y Geograf?a (INEGI), Aguascalientes."
,484,2020,,Footnote,Output refers to gross output.
,484,2020,,Data Supplier,"Instituto Nacional de Estad?stica y Geograf?a (INEGI), Aguascalientes."
20,484,2009,,Table Note,Value added at producers' prices
20,484,2009,,Footnote,Value added is defined as total value added.
20,484,2010,,Table Note,Value added at producers' prices
20,484,2010,,Footnote,Value added is defined as total value added.
20,484,2011,,Table Note,Value added at producers' prices
20,484,2011,,Footnote,Value added is defined as total value added.
20,484,2012,,Table Note,Value added at producers' prices
20,484,2012,,Footnote,Value added is defined as total value added.
20,484,2013,,Table Note,Value added at producers' prices
20,484,2013,,Footnote,Value added is defined as total value added.
20,484,2014,,Table Note,Value added at producers' prices
20,484,2014,,Footnote,Value added is defined as total value added.
20,484,2015,,Table Note,Value added at producers' prices
20,484,2015,,Footnote,Value added is defined as total value added.
20,484,2016,,Table Note,Value added at producers' prices
20,484,2016,,Footnote,Value added is defined as total value added.
20,484,2017,,Table Note,Value added at producers' prices
20,484,2017,,Footnote,Value added is defined as total value added.
20,484,2018,,Table Note,Value added at producers' prices
20,484,2018,,Footnote,Value added is defined as total value added.
20,484,2019,,Table Note,Value added at producers' prices
20,484,2019,,Footnote,Value added is defined as total value added.
20,484,2020,,Table Note,Value added at producers' prices
20,484,2020,,Footnote,Value added is defined as total value added.
,496,,,Method of data collection,Mail questionnaires; direct interview in the field.
,496,,,Type of enumeration,Sample survey.
,496,,,Scope,All registered establishments.
,496,,,Source,Annual survey.
,496,,,Reference Period,Calendar year.
,496,,,Data Supplier,"National Statistical Office of Mongolia, Ulaanbaatar."
,496,,,Adjusted for non-response,Yes (response rate: approximately 95%).
,496,,,Concepts and definitions,Output includes revenue from non-industrial activities.
,496,,,Related national publications,"Monthly Bulletin of Statistics; Statistical Yearbook, both published by the National Statistical Office of Mongolia, Ulaanbaatar."
,496,,,Deviations from ISIC,None reported.
,496,,,Concepts and definitions,"Wages and salaries includes employers' contributions (in respect of their employees) paid to social security, pension and insurance schemes as well as the benefits received by employees under these schemes and severance and termination pay and excludes housing and family allowances paid directly by the employer."
,496,2010,,Table Note,Output at basic prices
,496,2011,,Table Note,Output at basic prices
,496,2011,,Special note,Methodological break between 2011 and 2012.
,496,2012,,Table Note,Output at basic prices
,496,2012,,Special note,Methodological break between 2011 and 2012.
,496,2013,,Table Note,Output at basic prices
,496,2014,,Table Note,Output at basic prices
,496,2015,,Table Note,Output at basic prices
,496,2016,,Table Note,Output at basic prices
,496,2017,,Table Note,Output at basic prices
,496,2018,,Table Note,Output at basic prices
,496,2018,,Footnote,Methodological break in 2018.
,496,2018,,Footnote,"For some industries, the number of employees may be less than the number of enterprises owing to the reason that the workforce in those industries consists of personnel such as working proprietors, unpaid family workers, etc. that are not included in the count of employees."
,496,2018,,Footnote,Methodological break in 2018.
,496,2018,,Footnote,Methodological break in 2018.
,496,2018,,Footnote,Methodological break in 2018.
,496,2018,,Footnote,Methodological break in 2018.
,496,2019,,Table Note,Output at basic prices
,496,2019,,Footnote,"For some industries, the number of employees may be less than the number of enterprises owing to the reason that the workforce in those industries consists of personnel such as working proprietors, unpaid family workers, etc. that are not included in the count of employees."
,496,2020,,Table Note,Output at basic prices
,496,2020,,Footnote,"For some industries, the number of employees may be less than the number of enterprises owing to the reason that the workforce in those industries consists of personnel such as working proprietors, unpaid family workers, etc. that are not included in the count of employees."
20,496,2010,,Table Note,Value added at basic prices
20,496,2011,,Table Note,Value added at basic prices
20,496,2012,,Table Note,Value added at basic prices
20,496,2013,,Table Note,Value added at basic prices
20,496,2014,,Table Note,Value added at basic prices
20,496,2015,,Table Note,Value added at basic prices
20,496,2016,,Table Note,Value added at basic prices
20,496,2017,,Table Note,Value added at basic prices
20,496,2018,,Table Note,Value added at basic prices
20,496,2018,,Footnote,Methodological break in 2018.
20,496,2019,,Table Note,Value added at basic prices
20,496,2020,,Table Note,Value added at basic prices
,498,,,Scope,All registered enterprises.
,498,,,Reference Period,Calendar year.
,498,,,Source,Census/exhaustive survey.
,498,,,Adjusted for non-response,Not reported.
,498,,,Data Supplier,"National Bureau of Statistics of the Republic of Moldova, Chisinau."
,498,,,Concepts and definitions,No deviations from the standard UN concepts and definitions are reported.
,498,,,Type of enumeration,Complete enumeration.
,498,,,Method of data collection,Mail questionnaires.
,498,,,Deviations from ISIC,None reported.
,498,,,Related national publications,None reported.
,498,,1420,Footnote,Data suppressed due to confidentiality rules.
,498,,2030,Footnote,Data suppressed due to confidentiality rules.
,498,,2824,Footnote,Data suppressed due to confidentiality rules.
,498,,2670,Footnote,Data suppressed due to confidentiality rules.
,498,,1820,Footnote,Data suppressed due to confidentiality rules.
,498,,1062,Footnote,Data suppressed due to confidentiality rules.
,498,,2520,Footnote,Data suppressed due to confidentiality rules.
,498,2013,,Table Note,Number of enterprises
,498,2014,,Table Note,Number of enterprises
,498,2015,,Table Note,Number of enterprises
,498,2016,,Table Note,Number of enterprises
,498,2017,,Table Note,Number of enterprises
,498,2018,,Table Note,Number of enterprises
,498,2019,,Table Note,Number of enterprises
,498,2020,,Table Note,Number of enterprises
20,498,,1420,Footnote,Data suppressed due to confidentiality rules.
20,498,,2030,Footnote,Data suppressed due to confidentiality rules.
20,498,,2824,Footnote,Data suppressed due to confidentiality rules.
20,498,,2670,Footnote,Data suppressed due to confidentiality rules.
20,498,,1820,Footnote,Data suppressed due to confidentiality rules.
20,498,,1062,Footnote,Data suppressed due to confidentiality rules.
20,498,,2520,Footnote,Data suppressed due to confidentiality rules.
,499,,,Source,Administrative sources.
,499,,,Reference Period,Calendar year.
,499,,,Adjusted for non-response,Not reported.
,499,,,Scope,Not reported.
,499,,,Data Supplier,"Statistical Office of Montenegro (MONSTAT), Podgorica."
,499,,,Deviations from ISIC,None reported.
,499,,,Method of data collection,Not reported.
,499,,,Related national publications,None reported.
,499,,,Type of enumeration,Not reported.
,499,2010,,Table Note,Output at basic prices
,499,2011,,Table Note,Output at basic prices
,499,2012,,Table Note,Output at basic prices
,499,2013,,Table Note,Output at basic prices
,499,2014,,Table Note,Output at basic prices
,499,2015,,Table Note,Output at basic prices
,499,2016,,Table Note,Output at basic prices
,499,2017,,Table Note,Output at basic prices
20,499,2010,,Table Note,Value added at basic prices
20,499,2011,,Table Note,Value added at basic prices
20,499,2012,,Table Note,Value added at basic prices
20,499,2013,,Table Note,Value added at basic prices
20,499,2014,,Table Note,Value added at basic prices
20,499,2015,,Table Note,Value added at basic prices
20,499,2016,,Table Note,Value added at basic prices
20,499,2017,,Table Note,Value added at basic prices
,504,,,Related national publications,"Annuaire Statistique du Maroc, published by Haut Commissariat au Plan, Rabat."
,504,,,Deviations from ISIC,Data presented in accordance with ISIC (Revision 4) were originally classified according to the national classification system.
,504,,,Type of enumeration,Sample survey.
,504,,,Source,Annual industrial survey.
,504,,,Reference Period,Fiscal year.
,504,,,Data Supplier,"Haut Commissariat au Plan, Direction de la Statistique, Rabat."
,504,2019,,Table Note,Number of enterprises
,512,,,Source,Annual survey.
,512,,,Reference Period,Calendar year.
,512,,,Data Supplier,"Ministry of Commerce and Industry, Muscat."
,512,,,Type of enumeration,Complete enumeration.
,512,,,Related national publications,"Industrial Statistical Book; Features of the Manufacturing Sector of Large and Medium Industries; Annual Industrial Report, all published by the Industrial Information Department, Ministry of Commerce and Industry, Muscat."
,512,,,Deviations from ISIC,None reported.
,512,2005,,Table Note,Output at producers' prices
,512,2005,,Scope,Licensed establishments with 10 or more employees.
,512,2005,,Method of data collection,Data were collected by direct interview in the field and by mail questionnaires.
,512,2005,,Adjusted for non-response,Yes. (Response rate: approximately 95%)
,512,2006,,Table Note,Output at producers' prices
,512,2006,,Scope,Licensed establishments with 10 or more employees.
,512,2006,,Adjusted for non-response,Yes. (Response rate: approximately 95%)
,512,2006,,Method of data collection,Data were collected by direct interview in the field and by mail questionnaires.
,512,2007,,Table Note,Output at producers' prices
,512,2007,,Adjusted for non-response,Yes. (Response rate: approximately 95%)
,512,2007,,Method of data collection,Data were collected by direct interview in the field and by mail questionnaires.
,512,2007,,Scope,Licensed establishments with 10 or more employees.
,512,2008,,Table Note,Output at producers' prices
,512,2008,,Scope,Licensed establishments with 10 or more employees.
,512,2008,,Method of data collection,Data were collected by direct interview in the field and by mail questionnaires.
,512,2008,,Adjusted for non-response,Yes. (Response rate: approximately 95%)
,512,2009,,Table Note,Output at producers' prices
,512,2009,,Adjusted for non-response,Yes. (Response rate: approximately 95%)
,512,2009,,Scope,Licensed establishments with 10 or more employees.
,512,2009,,Method of data collection,Data were collected by direct interview in the field and by mail questionnaires.
,512,2010,,Table Note,Output at producers' prices
,512,2010,,Method of data collection,Data were collected by direct interview in the field and by mail questionnaires.
,512,2010,,Scope,Licensed establishments with 10 or more employees.
,512,2010,,Adjusted for non-response,Yes. (Response rate: approximately 95%)
,512,2011,,Table Note,Output at basic prices
,512,2011,,Scope,Licensed establishments with 10 or more employees.
,512,2011,,Adjusted for non-response,Yes. (Response rate: approximately 95%)
,512,2011,,Method of data collection,Data were collected by direct interview in the field and by mail questionnaires.
,512,2011,,Concepts and definitions,Output refers to gross output.
,512,2012,,Table Note,Output at basic prices
,512,2012,,Adjusted for non-response,Yes. (Response rate: approximately 95%)
,512,2012,,Scope,Licensed establishments with 10 or more employees.
,512,2012,,Method of data collection,Data were collected by direct interview in the field and by mail questionnaires.
,512,2012,,Concepts and definitions,Output refers to gross output.
,512,2013,,Table Note,Output at basic prices
,512,2013,,Method of data collection,Data were collected by direct interview in the field and by mail questionnaires.
,512,2013,,Scope,Licensed establishments with 10 or more employees.
,512,2013,,Adjusted for non-response,Yes. (Response rate: approximately 95%)
,512,2013,,Concepts and definitions,Output refers to gross output.
,512,2014,,Table Note,Output at basic prices
,512,2014,,Scope,Licensed establishments with 10 or more employees.
,512,2014,,Adjusted for non-response,Yes. (Response rate: approximately 95%)
,512,2014,,Method of data collection,Data were collected by direct interview in the field and by mail questionnaires.
,512,2014,,Concepts and definitions,Output refers to gross output.
,512,2015,,Table Note,Output at basic prices
,512,2015,,Method of data collection,Data were collected by direct interview in the field and by mail questionnaires.
,512,2015,,Adjusted for non-response,Yes. (Response rate: approximately 95%)
,512,2015,,Scope,Licensed establishments with 10 or more employees.
,512,2015,,Concepts and definitions,Output refers to gross output.
,512,2016,,Table Note,Output at basic prices
,512,2016,,Method of data collection,Data were collected by direct interview in the field and by mail questionnaires.
,512,2016,,Scope,Licensed establishments with 10 or more employees.
,512,2016,,Adjusted for non-response,Yes. (Response rate: approximately 95%)
,512,2016,,Concepts and definitions,Output refers to gross output.
,512,2017,,Table Note,Output at basic prices
,512,2017,,Adjusted for non-response,Yes. (Response rate: approximately 95%)
,512,2017,,Scope,Licensed establishments with 10 or more employees.
,512,2017,,Method of data collection,Data were collected by direct interview in the field and by mail questionnaires.
,512,2017,,Concepts and definitions,Output refers to gross output.
,512,2018,,Table Note,Output at basic prices
,512,2018,,Scope,All establishments.
,512,2018,,Adjusted for non-response,No. (Response rate: approximately 70%)
,512,2018,,Concepts and definitions,Number of employees includes home workers.
,512,2018,,Method of data collection,Online survey.
,512,2018,,Footnote,Methodological break in 2018.
,512,2018,,Footnote,Methodological break in 2018.
,512,2018,,Footnote,Methodological break in 2018.
,512,2018,,Footnote,Methodological break in 2018.
,512,2018,,Footnote,Methodological break in 2018.
,512,2018,,Footnote,Methodological break in 2018.
,512,2018,,Concepts and definitions,Output includes revenues from non-industrial activities.
,512,2018,,Concepts and definitions,"Wages and salaries includes employers' contributions (in respect of their employees) paid to social security, pension and insurance schemes as well as the benefits received by employees under these schemes and severance and termination pay."
20,512,2005,,Table Note,Value added at producers' prices
20,512,2006,,Table Note,Value added at producers' prices
20,512,2007,,Table Note,Value added at producers' prices
20,512,2008,,Table Note,Value added at producers' prices
20,512,2009,,Table Note,Value added at producers' prices
20,512,2010,,Table Note,Value added at producers' prices
20,512,2011,,Table Note,Value added at basic prices
20,512,2012,,Table Note,Value added at basic prices
20,512,2013,,Table Note,Value added at basic prices
20,512,2014,,Table Note,Value added at basic prices
20,512,2015,,Table Note,Value added at basic prices
20,512,2016,,Table Note,Value added at basic prices
20,512,2017,,Table Note,Value added at basic prices
20,512,2018,,Table Note,Value added at basic prices
20,512,2018,,Footnote,Methodological break in 2018.
,524,,,Deviations from ISIC,Data presented in ISIC (Revision 4) were originally classified according to Nepal Standard Industrial Classification (NSIC) system.
,524,,,Concepts and definitions,No deviations from the standard UN concepts and definitions are reported.
,524,,,Data Supplier,"Central Bureau of Statistics, Kathmandu."
,524,2011,,Method of data collection,Data are collected by questionnaires and field enumerators.
,524,2011,,Related national publications,"National Census of Manufacturing Establishments, published by the Central Bureau of Statistics, Kathmandu."
,524,2011,,Type of enumeration,Complete enumeration of all establishments with 10 or more persons engaged.
,524,2011,,Scope,Establishments with 10 or more persons engaged.
,524,2011,,Adjusted for non-response,No.
,524,2011,,Source,Census of manufacturing establishments.
,524,2011,,Reference Period,Fiscal year.
,524,2018,,Table Note,Number of persons engaged
,524,2018,,Type of enumeration,Complete enumeration.
,524,2018,,Method of data collection,Direct interview in the field.
,524,2018,,Related national publications,"National Economic Census, published by the Central Bureau of Statistics, Kathmandu."
,524,2018,,Reference Period,Fiscal year.
,524,2018,,Scope,All registered establishments.
,524,2018,,Source,National economic census.
,524,2020,,Table Note,Output at producers' prices
,524,2020,,Method of data collection,Direct interview in the field.
,524,2020,,Type of enumeration,Complete enumeration for large establishments; sample survey for small establishments.
,524,2020,,Related national publications,"National Industrial Survey, published by the Central Bureau of Statistics, Kathmandu."
,524,2020,,Reference Period,Fiscal year.
,524,2020,,Adjusted for non-response,Yes.
,524,2020,,Scope,All registered establishments.
,524,2020,,Source,National Industrial Survey.
20,524,2020,,Table Note,Value added at producers' prices
,528,,,Scope,All enterprises.
,528,,,Source,Annual surveys; administrative data; business register.
,528,,,Reference Period,Calendar year.
,528,,,Concepts and definitions,No deviations from the standard UN concepts and definitions are reported.
,528,,,Deviations from ISIC,Data presented in ISIC (Revision 4) were originally classified according to the national NACE-related classification system.
,528,,,Method of data collection,Mainly electronic questionnaire and administrative data.
,528,,,Type of enumeration,Enterprises with 50 or more employees are completely enumerated; businesses with fewer than 50 employees are sampled; data for smaller businesses are mainly derived from administrative sources.
,528,,,Related national publications,None reported.
,528,,,Adjusted for non-response,Not reported.
,528,,,Footnote,Data derived from OECD's or Eurostat's databases refer to Gross investment in tangible goods only.
,528,2005,,Table Note,Number of enterprises
,528,2005,,Data Supplier,"Centraal Bureau voor de Statistiek (CBS, Statistics Netherlands), The Hague.
Industrial statistics for the OECD countries are compiled by the OECD secretariat, which supplies them to UNIDO."
,528,2006,,Table Note,Number of enterprises
,528,2006,,Data Supplier,"Centraal Bureau voor de Statistiek (CBS, Statistics Netherlands), The Hague.
Industrial statistics for the OECD countries are compiled by the OECD secretariat, which supplies them to UNIDO."
,528,2007,,Table Note,Number of enterprises
,528,2007,,Data Supplier,"Centraal Bureau voor de Statistiek (CBS, Statistics Netherlands), The Hague.
Industrial statistics for the OECD countries are compiled by the OECD secretariat, which supplies them to UNIDO."
,528,2008,,Table Note,Number of enterprises
,528,2008,,Data Supplier,"Centraal Bureau voor de Statistiek (CBS, Statistics Netherlands), The Hague.
Industrial statistics for the OECD countries are compiled by the OECD secretariat, which supplies them to UNIDO."
,528,2008,,Footnote,"For some industries, the number of employees may be less than the number of enterprises owing to the reason that the workforce in those industries consists of personnel such as working proprietors, unpaid family workers, etc. that are not included in the count of employees."
,528,2009,,Table Note,Number of enterprises
,528,2009,,Data Supplier,"Centraal Bureau voor de Statistiek (CBS, Statistics Netherlands), The Hague.
Industrial statistics for the OECD countries are compiled by the OECD secretariat, which supplies them to UNIDO."
,528,2009,,Footnote,"For some industries, the number of employees may be less than the number of enterprises owing to the reason that the workforce in those industries consists of personnel such as working proprietors, unpaid family workers, etc. that are not included in the count of employees."
,528,2010,,Table Note,Number of enterprises
,528,2010,,Data Supplier,"Centraal Bureau voor de Statistiek (CBS, Statistics Netherlands), The Hague.
Industrial statistics for the OECD countries are compiled by the OECD secretariat, which supplies them to UNIDO."
,528,2010,,Footnote,"For some industries, the number of employees may be less than the number of enterprises owing to the reason that the workforce in those industries consists of personnel such as working proprietors, unpaid family workers, etc. that are not included in the count of employees."
,528,2011,,Table Note,Number of enterprises
,528,2011,,Data Supplier,"Centraal Bureau voor de Statistiek (CBS, Statistics Netherlands), The Hague.
Industrial statistics for the OECD countries are compiled by the OECD secretariat, which supplies them to UNIDO."
,528,2011,,Footnote,"For some industries, the number of employees may be less than the number of enterprises owing to the reason that the workforce in those industries consists of personnel such as working proprietors, unpaid family workers, etc. that are not included in the count of employees."
,528,2012,,Table Note,Number of enterprises
,528,2012,,Data Supplier,"Centraal Bureau voor de Statistiek (CBS, Statistics Netherlands), The Hague.
Industrial statistics for the OECD countries are compiled by the OECD secretariat, which supplies them to UNIDO."
,528,2012,,Footnote,"For some industries, the number of employees may be less than the number of enterprises owing to the reason that the workforce in those industries consists of personnel such as working proprietors, unpaid family workers, etc. that are not included in the count of employees."
,528,2013,,Table Note,Number of enterprises
,528,2013,,Data Supplier,"Centraal Bureau voor de Statistiek (CBS, Statistics Netherlands), The Hague.
Industrial statistics for the OECD countries are compiled by the OECD secretariat, which supplies them to UNIDO."
,528,2013,,Footnote,"For some industries, the number of employees may be less than the number of enterprises owing to the reason that the workforce in those industries consists of personnel such as working proprietors, unpaid family workers, etc. that are not included in the count of employees."
,528,2014,,Table Note,Number of enterprises
,528,2014,,Data Supplier,"Centraal Bureau voor de Statistiek (CBS, Statistics Netherlands), The Hague.
Industrial statistics for the OECD countries are compiled by the OECD secretariat, which supplies them to UNIDO."
,528,2014,,Footnote,"For some industries, the number of employees may be less than the number of enterprises owing to the reason that the workforce in those industries consists of personnel such as working proprietors, unpaid family workers, etc. that are not included in the count of employees."
,528,2015,,Table Note,Number of enterprises
,528,2015,,Table Note,Output at producers' prices
,528,2015,,Data Supplier,"Centraal Bureau voor de Statistiek (CBS, Statistics Netherlands), The Hague.
Data compiled by UNIDO were derived from Eurostat's structural business statistics (SBS) database."
,528,2015,,Footnote,"For some industries, the number of employees may be less than the number of enterprises owing to the reason that the workforce in those industries consists of personnel such as working proprietors, unpaid family workers, etc. that are not included in the count of employees."
,528,2016,,Table Note,Number of enterprises
,528,2016,,Table Note,Output at producers' prices
,528,2016,,Data Supplier,"Centraal Bureau voor de Statistiek (CBS, Statistics Netherlands), The Hague.
Data compiled by UNIDO were derived from Eurostat's structural business statistics (SBS) database."
,528,2016,,Footnote,"For some industries, the number of employees may be less than the number of enterprises owing to the reason that the workforce in those industries consists of personnel such as working proprietors, unpaid family workers, etc. that are not included in the count of employees."
,528,2017,,Table Note,Number of enterprises
,528,2017,,Table Note,Output at producers' prices
,528,2017,,Data Supplier,"Centraal Bureau voor de Statistiek (CBS, Statistics Netherlands), The Hague.
Data compiled by UNIDO were derived from Eurostat's structural business statistics (SBS) database."
,528,2017,,Footnote,"For some industries, the number of employees may be less than the number of enterprises owing to the reason that the workforce in those industries consists of personnel such as working proprietors, unpaid family workers, etc. that are not included in the count of employees."
,528,2018,,Table Note,Number of enterprises
,528,2018,,Table Note,Output at producers' prices
,528,2018,,Data Supplier,"Centraal Bureau voor de Statistiek (CBS, Statistics Netherlands), The Hague.
Data compiled by UNIDO were derived from Eurostat's structural business statistics (SBS) database."
,528,2018,,Footnote,"For some industries, the number of employees may be less than the number of enterprises owing to the reason that the workforce in those industries consists of personnel such as working proprietors, unpaid family workers, etc. that are not included in the count of employees."
,528,2019,,Table Note,Number of enterprises
,528,2019,,Table Note,Output at producers' prices
,528,2019,,Data Supplier,"Centraal Bureau voor de Statistiek (CBS, Statistics Netherlands), The Hague.
Data compiled by UNIDO were derived from Eurostat's structural business statistics (SBS) database."
,528,2019,,Footnote,"For some industries, the number of employees may be less than the number of enterprises owing to the reason that the workforce in those industries consists of personnel such as working proprietors, unpaid family workers, etc. that are not included in the count of employees."
,528,2020,,Table Note,Number of enterprises
,528,2020,,Table Note,Output at producers' prices
,528,2020,,Data Supplier,"Centraal Bureau voor de Statistiek (CBS, Statistics Netherlands), The Hague.
Data compiled by UNIDO were derived from Eurostat's structural business statistics (SBS) database."
,528,2020,,Footnote,"For some industries, the number of employees may be less than the number of enterprises owing to the reason that the workforce in those industries consists of personnel such as working proprietors, unpaid family workers, etc. that are not included in the count of employees."
20,528,2005,,Table Note,Value added at factor values
20,528,2006,,Table Note,Value added at factor values
20,528,2007,,Table Note,Value added at factor values
20,528,2008,,Table Note,Value added at factor values
20,528,2009,,Table Note,Value added at factor values
20,528,2010,,Table Note,Value added at factor values
20,528,2011,,Table Note,Value added at factor values
20,528,2012,,Table Note,Value added at factor values
20,528,2013,,Table Note,Value added at factor values
20,528,2014,,Table Note,Value added at factor values
20,528,2015,,Table Note,Value added at factor values
20,528,2016,,Table Note,Value added at factor values
20,528,2017,,Table Note,Value added at factor values
20,528,2018,,Table Note,Value added at factor values
20,528,2019,,Table Note,Value added at factor values
20,528,2020,,Table Note,Value added at factor values
,531,2012,,Scope,All enterprises.
,531,2012,,Source,Annual survey; administrative data.
,531,2012,,Type of enumeration,"Complete enumeration of enterprises with 10 or more persons engaged and a sample of smaller enterprises, which remain in the sample for four consecutive years."
,531,2012,,Deviations from ISIC,None reported.
,531,2012,,Method of data collection,Questionnaires; direct interview in the field.
,531,2012,,Related national publications,"National Accounts Cura?ao, published by the Central Bureau of Statistics, Willemstad."
,531,2012,,Concepts and definitions,Output excludes value of goods shipped in the same condition as received less the amount paid for these goods and net change between the beginning and end of the year in the value of work in process and stocks of goods to be shipped in the same condition as received. It is valued at market prices.
,531,2012,,Reference Period,Calendar year.
,531,2012,,Data Supplier,"Central Bureau of Statistics, Willemstad."
,531,2012,,Adjusted for non-response,Yes (response rate: approximately 65%).
,531,2013,,Table Note,Number of persons engaged
,531,2013,,Type of enumeration,"Complete enumeration of enterprises with 10 or more persons engaged and a sample of smaller enterprises, which remain in the sample for four consecutive years."
,531,2013,,Deviations from ISIC,None reported.
,531,2013,,Related national publications,"National Accounts Cura?ao, published by the Central Bureau of Statistics, Willemstad."
,531,2013,,Method of data collection,Questionnaires; direct interview in the field.
,531,2013,,Scope,All enterprises.
,531,2013,,Reference Period,Calendar year.
,531,2013,,Source,Annual survey; administrative data.
,531,2013,,Data Supplier,"Central Bureau of Statistics, Willemstad."
,531,2013,,Adjusted for non-response,Yes (response rate: approximately 50%).
,531,2013,,Concepts and definitions,Output excludes value of goods shipped in the same condition as received less the amount paid for these goods and net change between the beginning and end of the year in the value of work in process and stocks of goods to be shipped in the same condition as received. It is valued at market prices.
,531,2014,,Table Note,Number of enterprises
,531,2014,,Table Note,Number of persons engaged
,531,2014,,Related national publications,"National Accounts Cura?ao, published by the Central Bureau of Statistics, Willemstad."
,531,2014,,Method of data collection,Questionnaires; direct interview in the field.
,531,2014,,Type of enumeration,"Complete enumeration of enterprises with 10 or more persons engaged and a sample of smaller enterprises, which remain in the sample for four consecutive years."
,531,2014,,Deviations from ISIC,None reported.
,531,2014,,Source,Annual survey; administrative data.
,531,2014,,Data Supplier,"Central Bureau of Statistics, Willemstad."
,531,2014,,Adjusted for non-response,Yes (response rate: approximately 50%).
,531,2014,,Concepts and definitions,Output excludes value of goods shipped in the same condition as received less the amount paid for these goods and net change between the beginning and end of the year in the value of work in process and stocks of goods to be shipped in the same condition as received. It is valued at market prices.
,531,2014,,Scope,All enterprises.
,531,2014,,Reference Period,Calendar year.
,531,2015,,Table Note,Number of enterprises
,531,2015,,Table Note,Number of persons engaged
,531,2015,,Type of enumeration,"Complete enumeration of enterprises with 10 or more persons engaged and a sample of smaller enterprises, which remain in the sample for four consecutive years."
,531,2015,,Deviations from ISIC,None reported.
,531,2015,,Related national publications,"National Accounts Cura?ao, published by the Central Bureau of Statistics, Willemstad."
,531,2015,,Method of data collection,Questionnaires; direct interview in the field.
,531,2015,,Scope,All enterprises.
,531,2015,,Source,Annual survey; administrative data.
,531,2015,,Adjusted for non-response,Yes (response rate: approximately 50%).
,531,2015,,Reference Period,Calendar year.
,531,2015,,Data Supplier,"Central Bureau of Statistics, Willemstad."
,531,2015,,Concepts and definitions,Output excludes value of goods shipped in the same condition as received less the amount paid for these goods and net change between the beginning and end of the year in the value of work in process and stocks of goods to be shipped in the same condition as received. It is valued at market prices.
,531,2015,,Footnote,Break between 2014 and 2015.
,531,2016,,Table Note,Number of enterprises
,531,2016,,Table Note,Number of persons engaged
,531,2016,,Related national publications,"National Accounts Cura?ao, published by the Central Bureau of Statistics, Willemstad."
,531,2016,,Type of enumeration,"Complete enumeration of enterprises with 10 or more persons engaged and a sample of smaller enterprises, which remain in the sample for four consecutive years."
,531,2016,,Deviations from ISIC,None reported.
,531,2016,,Method of data collection,Questionnaires; direct interview in the field.
,531,2016,,Reference Period,Calendar year.
,531,2016,,Data Supplier,"Central Bureau of Statistics, Willemstad."
,531,2016,,Scope,All enterprises.
,531,2016,,Source,Annual survey; administrative data.
,531,2016,,Adjusted for non-response,Yes (response rate: approximately 50%).
,531,2016,,Concepts and definitions,Output excludes value of goods shipped in the same condition as received less the amount paid for these goods and net change between the beginning and end of the year in the value of work in process and stocks of goods to be shipped in the same condition as received. It is valued at market prices.
,531,2017,,Table Note,Number of enterprises
,531,2017,,Table Note,Number of persons engaged
,531,2017,,Related national publications,"National Accounts Cura?ao, published by the Central Bureau of Statistics, Willemstad."
,531,2017,,Method of data collection,Questionnaires; direct interview in the field.
,531,2017,,Type of enumeration,"Complete enumeration of enterprises with 10 or more persons engaged and a sample of smaller enterprises, which remain in the sample for four consecutive years."
,531,2017,,Deviations from ISIC,None reported.
,531,2017,,Source,Annual survey; administrative data.
,531,2017,,Adjusted for non-response,Yes (response rate: approximately 50%).
,531,2017,,Scope,All enterprises.
,531,2017,,Reference Period,Calendar year.
,531,2017,,Data Supplier,"Central Bureau of Statistics, Willemstad."
20,531,2012,,Concepts and definitions,Value added is valued at market prices.
20,531,2013,,Concepts and definitions,Value added is valued at market prices.
20,531,2014,,Concepts and definitions,Value added is valued at market prices.
20,531,2015,,Concepts and definitions,Value added is valued at market prices.
20,531,2016,,Concepts and definitions,Value added is valued at market prices.
,554,,,Deviations from ISIC,Data presented in accordance with ISIC (Revision 4) were originally classified according to the Australian and New Zealand Standard Industrial Classification (ANZSIC) system.
,554,,,Data Supplier,"Statistics New Zealand, Wellington."
,554,,,Source,Annual survey; longitudinal business frame.
,554,,,Scope,"Enterprises that meet at least one of the following criteria are covered by annual survey: annual goods and services tax (GST) expenses or sales are greater than NZD 30,000; rolling mean employee count is greater than three; is part of a group of enterprises."
,554,,,Reference Period,Fiscal year beginning 1 April of the year indicated.
,554,,,Footnote,Data were derived from the official website of Statistics New Zealand.
,554,,,Footnote,Data were derived from the official website of Statistics New Zealand.
,554,,,Footnote,Data were derived from the official website of Statistics New Zealand.
,554,1999,,Table Note,Number of enterprises
,554,1999,,Table Note,Number of persons engaged
,554,1999,,Footnote,Data were derived from OECD's databases.
,554,1999,,Footnote,Data were derived from OECD's databases.
,554,1999,2610,Footnote,"2610 includes 26, 27 and 28."
,554,1999,2610,Footnote,"2610 includes 26, 27 and 28."
,554,1999,2610,Footnote,"2610 includes 26, 27 and 28."
,554,2000,,Table Note,Number of enterprises
,554,2000,,Footnote,Data were derived from the official website of Statistics New Zealand.
,554,2000,,Footnote,Data were derived from the official website of Statistics New Zealand.
,554,2000,2610,Footnote,"2610 includes 26, 27 and 28."
,554,2000,2610,Footnote,"2610 includes 26, 27 and 28."
,554,2000,2610,Footnote,"2610 includes 26, 27 and 28."
,554,2001,,Table Note,Number of enterprises
,554,2001,,Footnote,Data were derived from the official website of Statistics New Zealand.
,554,2001,,Footnote,Data were derived from the official website of Statistics New Zealand.
,554,2001,2610,Footnote,"2610 includes 26, 27 and 28."
,554,2001,2610,Footnote,"2610 includes 26, 27 and 28."
,554,2001,2610,Footnote,"2610 includes 26, 27 and 28."
,554,2002,,Table Note,Number of enterprises
,554,2002,,Footnote,Data were derived from the official website of Statistics New Zealand.
,554,2002,,Footnote,Data were derived from the official website of Statistics New Zealand.
,554,2002,2610,Footnote,"2610 includes 26, 27 and 28."
,554,2002,2610,Footnote,"2610 includes 26, 27 and 28."
,554,2002,2610,Footnote,"2610 includes 26, 27 and 28."
,554,2003,,Table Note,Number of enterprises
,554,2003,,Footnote,Data were derived from the official website of Statistics New Zealand.
,554,2003,,Footnote,Data were derived from the official website of Statistics New Zealand.
,554,2003,2610,Footnote,"2610 includes 26, 27 and 28."
,554,2003,2610,Footnote,"2610 includes 26, 27 and 28."
,554,2003,2610,Footnote,"2610 includes 26, 27 and 28."
,554,2004,,Table Note,Number of enterprises
,554,2004,,Footnote,Data were derived from the official website of Statistics New Zealand.
,554,2004,,Footnote,Data were derived from the official website of Statistics New Zealand.
,554,2004,2610,Footnote,"2610 includes 26, 27 and 28."
,554,2004,2610,Footnote,"2610 includes 26, 27 and 28."
,554,2004,2610,Footnote,"2610 includes 26, 27 and 28."
,554,2005,,Table Note,Number of enterprises
,554,2005,,Footnote,Data were derived from the official website of Statistics New Zealand.
,554,2005,,Footnote,Data were derived from the official website of Statistics New Zealand.
,554,2005,2610,Footnote,"2610 includes 26, 27 and 28."
,554,2005,2610,Footnote,"2610 includes 26, 27 and 28."
,554,2005,2610,Footnote,"2610 includes 26, 27 and 28."
,554,2006,,Table Note,Number of enterprises
,554,2006,,Footnote,Data were derived from the official website of Statistics New Zealand.
,554,2006,,Footnote,Data were derived from the official website of Statistics New Zealand.
,554,2006,2610,Footnote,"2610 includes 26, 27 and 28."
,554,2006,2610,Footnote,"2610 includes 26, 27 and 28."
,554,2006,2610,Footnote,"2610 includes 26, 27 and 28."
,554,2007,,Table Note,Number of enterprises
,554,2007,,Footnote,Data were derived from the official website of Statistics New Zealand.
,554,2007,,Footnote,Data were derived from the official website of Statistics New Zealand.
,554,2007,,Footnote,"For some industries, the number of employees may be less than the number of enterprises owing to the reason that the workforce in those industries consists of personnel such as working proprietors, unpaid family workers, etc. that are not included in the count of employees."
,554,2007,2610,Footnote,"2610 includes 26, 27 and 28."
,554,2007,2610,Footnote,"2610 includes 26, 27 and 28."
,554,2007,2610,Footnote,"2610 includes 26, 27 and 28."
,554,2008,,Table Note,Number of enterprises
,554,2008,,Footnote,Data were derived from the official website of Statistics New Zealand.
,554,2008,,Footnote,"For some industries, the number of employees may be less than the number of enterprises owing to the reason that the workforce in those industries consists of personnel such as working proprietors, unpaid family workers, etc. that are not included in the count of employees."
,554,2008,,Footnote,Data were derived from the official website of Statistics New Zealand.
,554,2008,2610,Footnote,"2610 includes 26, 27 and 28."
,554,2008,2610,Footnote,"2610 includes 26, 27 and 28."
,554,2008,2610,Footnote,"2610 includes 26, 27 and 28."
,554,2009,,Table Note,Number of enterprises
,554,2009,,Footnote,"For some industries, the number of employees may be less than the number of enterprises owing to the reason that the workforce in those industries consists of personnel such as working proprietors, unpaid family workers, etc. that are not included in the count of employees."
,554,2009,,Footnote,Data were derived from the official website of Statistics New Zealand.
,554,2009,,Footnote,Data were derived from the official website of Statistics New Zealand.
,554,2009,2610,Footnote,"2610 includes 26, 27 and 28."
,554,2009,2610,Footnote,"2610 includes 26, 27 and 28."
,554,2009,2610,Footnote,"2610 includes 26, 27 and 28."
,554,2010,,Table Note,Number of enterprises
,554,2010,,Footnote,Data were derived from the official website of Statistics New Zealand.
,554,2010,,Footnote,Data were derived from the official website of Statistics New Zealand.
,554,2010,,Footnote,"For some industries, the number of employees may be less than the number of enterprises owing to the reason that the workforce in those industries consists of personnel such as working proprietors, unpaid family workers, etc. that are not included in the count of employees."
,554,2010,2610,Footnote,"2610 includes 26, 27 and 28."
,554,2010,2610,Footnote,"2610 includes 26, 27 and 28."
,554,2010,2610,Footnote,"2610 includes 26, 27 and 28."
,554,2011,,Table Note,Number of enterprises
,554,2011,,Footnote,Data were derived from the official website of Statistics New Zealand.
,554,2011,,Footnote,Data were derived from the official website of Statistics New Zealand.
,554,2011,,Footnote,"For some industries, the number of employees may be less than the number of enterprises owing to the reason that the workforce in those industries consists of personnel such as working proprietors, unpaid family workers, etc. that are not included in the count of employees."
,554,2011,2610,Footnote,"2610 includes 26, 27 and 28."
,554,2011,2610,Footnote,"2610 includes 26, 27 and 28."
,554,2011,2610,Footnote,"2610 includes 26, 27 and 28."
,554,2012,,Table Note,Number of enterprises
,554,2012,,Footnote,Data were derived from the official website of Statistics New Zealand.
,554,2012,,Footnote,Data were derived from the official website of Statistics New Zealand.
,554,2012,,Footnote,"For some industries, the number of employees may be less than the number of enterprises owing to the reason that the workforce in those industries consists of personnel such as working proprietors, unpaid family workers, etc. that are not included in the count of employees."
,554,2012,2610,Footnote,"2610 includes 26, 27 and 28."
,554,2012,2610,Footnote,"2610 includes 26, 27 and 28."
,554,2012,2610,Footnote,"2610 includes 26, 27 and 28."
,554,2013,,Table Note,Number of enterprises
,554,2013,,Footnote,Data were derived from the official website of Statistics New Zealand.
,554,2013,,Footnote,Data were derived from the official website of Statistics New Zealand.
,554,2013,,Footnote,"For some industries, the number of employees may be less than the number of enterprises owing to the reason that the workforce in those industries consists of personnel such as working proprietors, unpaid family workers, etc. that are not included in the count of employees."
,554,2013,2610,Footnote,"2610 includes 26, 27 and 28."
,554,2013,2610,Footnote,"2610 includes 26, 27 and 28."
,554,2013,2610,Footnote,"2610 includes 26, 27 and 28."
,554,2014,,Table Note,Number of enterprises
,554,2014,,Footnote,Data were derived from the official website of Statistics New Zealand.
,554,2014,,Footnote,"For some industries, the number of employees may be less than the number of enterprises owing to the reason that the workforce in those industries consists of personnel such as working proprietors, unpaid family workers, etc. that are not included in the count of employees."
,554,2014,,Footnote,Data were derived from the official website of Statistics New Zealand.
,554,2014,2610,Footnote,"2610 includes 26, 27 and 28."
,554,2014,2610,Footnote,"2610 includes 26, 27 and 28."
,554,2014,2610,Footnote,"2610 includes 26, 27 and 28."
,554,2015,,Table Note,Number of enterprises
,554,2015,,Footnote,Data were derived from the official website of Statistics New Zealand.
,554,2015,,Footnote,Data were derived from the official website of Statistics New Zealand.
,554,2015,,Footnote,"For some industries, the number of employees may be less than the number of enterprises owing to the reason that the workforce in those industries consists of personnel such as working proprietors, unpaid family workers, etc. that are not included in the count of employees."
,554,2015,2610,Footnote,"2610 includes 26, 27 and 28."
,554,2015,2610,Footnote,"2610 includes 26, 27 and 28."
,554,2015,2610,Footnote,"2610 includes 26, 27 and 28."
,554,2016,,Table Note,Number of enterprises
,554,2016,,Footnote,Data were derived from the official website of Statistics New Zealand.
,554,2016,,Footnote,Data were derived from the official website of Statistics New Zealand.
,554,2016,,Footnote,"For some industries, the number of employees may be less than the number of enterprises owing to the reason that the workforce in those industries consists of personnel such as working proprietors, unpaid family workers, etc. that are not included in the count of employees."
,554,2016,2610,Footnote,"2610 includes 26, 27 and 28."
,554,2016,2610,Footnote,"2610 includes 26, 27 and 28."
,554,2016,2610,Footnote,"2610 includes 26, 27 and 28."
,554,2017,,Table Note,Number of enterprises
,554,2017,,Footnote,Data were derived from the official website of Statistics New Zealand.
,554,2017,,Footnote,"For some industries, the number of employees may be less than the number of enterprises owing to the reason that the workforce in those industries consists of personnel such as working proprietors, unpaid family workers, etc. that are not included in the count of employees."
,554,2017,,Footnote,Data were derived from the official website of Statistics New Zealand.
,554,2017,2610,Footnote,"2610 includes 26, 27 and 28."
,554,2017,2610,Footnote,"2610 includes 26, 27 and 28."
,554,2017,2610,Footnote,"2610 includes 26, 27 and 28."
,554,2018,,Table Note,Number of enterprises
,554,2018,,Footnote,Data were derived from the official website of Statistics New Zealand.
,554,2018,,Footnote,Data were derived from the official website of Statistics New Zealand.
,554,2018,,Footnote,"For some industries, the number of employees may be less than the number of enterprises owing to the reason that the workforce in those industries consists of personnel such as working proprietors, unpaid family workers, etc. that are not included in the count of employees."
,554,2018,2610,Footnote,"2610 includes 26, 27 and 28."
,554,2018,2610,Footnote,"2610 includes 26, 27 and 28."
,554,2018,2610,Footnote,"2610 includes 26, 27 and 28."
,554,2019,,Table Note,Number of enterprises
,554,2019,,Footnote,Data were derived from the official website of Statistics New Zealand.
,554,2019,,Footnote,"For some industries, the number of employees may be less than the number of enterprises owing to the reason that the workforce in those industries consists of personnel such as working proprietors, unpaid family workers, etc. that are not included in the count of employees."
,554,2019,,Footnote,Data were derived from the official website of Statistics New Zealand.
,554,2019,2610,Footnote,"2610 includes 26, 27 and 28."
,554,2019,2610,Footnote,"2610 includes 26, 27 and 28."
,554,2019,2610,Footnote,"2610 includes 26, 27 and 28."
,554,2020,,Table Note,Number of enterprises
,554,2020,,Footnote,Data were derived from the official website of Statistics New Zealand.
,554,2020,,Footnote,Data were derived from the official website of Statistics New Zealand.
,554,2020,,Footnote,"For some industries, the number of employees may be less than the number of enterprises owing to the reason that the workforce in those industries consists of personnel such as working proprietors, unpaid family workers, etc. that are not included in the count of employees."
,554,2020,2610,Footnote,"2610 includes 26, 27 and 28."
,554,2020,2610,Footnote,"2610 includes 26, 27 and 28."
,554,2020,2610,Footnote,"2610 includes 26, 27 and 28."
20,554,,,Footnote,Data were derived from the official website of Statistics New Zealand.
20,554,1999,2610,Footnote,"2610 includes 26, 27 and 28."
20,554,2000,2610,Footnote,"2610 includes 26, 27 and 28."
20,554,2001,2610,Footnote,"2610 includes 26, 27 and 28."
20,554,2002,2610,Footnote,"2610 includes 26, 27 and 28."
20,554,2003,2610,Footnote,"2610 includes 26, 27 and 28."
20,554,2004,2610,Footnote,"2610 includes 26, 27 and 28."
20,554,2005,2610,Footnote,"2610 includes 26, 27 and 28."
20,554,2006,2610,Footnote,"2610 includes 26, 27 and 28."
20,554,2007,2610,Footnote,"2610 includes 26, 27 and 28."
20,554,2008,2610,Footnote,"2610 includes 26, 27 and 28."
20,554,2009,2610,Footnote,"2610 includes 26, 27 and 28."
20,554,2010,2610,Footnote,"2610 includes 26, 27 and 28."
20,554,2011,2610,Footnote,"2610 includes 26, 27 and 28."
20,554,2012,2610,Footnote,"2610 includes 26, 27 and 28."
20,554,2013,2610,Footnote,"2610 includes 26, 27 and 28."
20,554,2014,2610,Footnote,"2610 includes 26, 27 and 28."
20,554,2015,2610,Footnote,"2610 includes 26, 27 and 28."
20,554,2016,2610,Footnote,"2610 includes 26, 27 and 28."
20,554,2017,2610,Footnote,"2610 includes 26, 27 and 28."
20,554,2018,2610,Footnote,"2610 includes 26, 27 and 28."
20,554,2019,2610,Footnote,"2610 includes 26, 27 and 28."
20,554,2020,2610,Footnote,"2610 includes 26, 27 and 28."
,578,,,Scope,All enterprises that are active during the reference period.
,578,,,Source,Annual inquires; registers; annual company accounts.
,578,,,Reference Period,Calendar year.
,578,,,Concepts and definitions,No deviations from the standard UN concepts and definitions are reported.
,578,,,Adjusted for non-response,Not reported.
,578,,,Method of data collection,Mainly electronic questionnaire and administrative data.
,578,,,Type of enumeration,Combination of survey and administrative data.
,578,,,Deviations from ISIC,Data presented in ISIC (Revision 4) were originally classified according to the national NACE-related classification system.
,578,,,Footnote,Data derived from OECD's or Eurostat's databases refer to Gross investment in tangible goods only.
,578,2007,,Table Note,Number of enterprises
,578,2007,,Related national publications,"Statistical Yearbook of Norway, published by Statistics Norway, Oslo."
,578,2007,,Data Supplier,"Statistics Norway, Oslo. 
Industrial statistics for the OECD countries are compiled by the OECD secretariat, which supplies them to UNIDO."
,578,2007,,Footnote,"For some industries, the number of employees may be less than the number of enterprises owing to the reason that the workforce in those industries consists of personnel such as working proprietors, unpaid family workers, etc. that are not included in the count of employees."
,578,2008,,Table Note,Number of enterprises
,578,2008,,Data Supplier,"Statistics Norway, Oslo. 
Industrial statistics for the OECD countries are compiled by the OECD secretariat, which supplies them to UNIDO."
,578,2008,,Related national publications,"Statistical Yearbook of Norway, published by Statistics Norway, Oslo."
,578,2008,,Footnote,"For some industries, the number of employees may be less than the number of enterprises owing to the reason that the workforce in those industries consists of personnel such as working proprietors, unpaid family workers, etc. that are not included in the count of employees."
,578,2009,,Table Note,Number of enterprises
,578,2009,,Data Supplier,"Statistics Norway, Oslo. 
Industrial statistics for the OECD countries are compiled by the OECD secretariat, which supplies them to UNIDO."
,578,2009,,Related national publications,"Statistical Yearbook of Norway, published by Statistics Norway, Oslo."
,578,2009,,Footnote,"For some industries, the number of employees may be less than the number of enterprises owing to the reason that the workforce in those industries consists of personnel such as working proprietors, unpaid family workers, etc. that are not included in the count of employees."
,578,2010,,Table Note,Number of enterprises
,578,2010,,Data Supplier,"Statistics Norway, Oslo. 
Industrial statistics for the OECD countries are compiled by the OECD secretariat, which supplies them to UNIDO."
,578,2010,,Related national publications,"Statistical Yearbook of Norway, published by Statistics Norway, Oslo."
,578,2010,,Footnote,"For some industries, the number of employees may be less than the number of enterprises owing to the reason that the workforce in those industries consists of personnel such as working proprietors, unpaid family workers, etc. that are not included in the count of employees."
,578,2011,,Table Note,Number of enterprises
,578,2011,,Data Supplier,"Statistics Norway, Oslo. 
Industrial statistics for the OECD countries are compiled by the OECD secretariat, which supplies them to UNIDO."
,578,2011,,Related national publications,"Statistical Yearbook of Norway, published by Statistics Norway, Oslo."
,578,2011,,Footnote,"For some industries, the number of employees may be less than the number of enterprises owing to the reason that the workforce in those industries consists of personnel such as working proprietors, unpaid family workers, etc. that are not included in the count of employees."
,578,2012,,Table Note,Number of enterprises
,578,2012,,Data Supplier,"Statistics Norway, Oslo. 
Industrial statistics for the OECD countries are compiled by the OECD secretariat, which supplies them to UNIDO."
,578,2012,,Related national publications,"Statistical Yearbook of Norway, published by Statistics Norway, Oslo."
,578,2012,,Footnote,"For some industries, the number of employees may be less than the number of enterprises owing to the reason that the workforce in those industries consists of personnel such as working proprietors, unpaid family workers, etc. that are not included in the count of employees."
,578,2013,,Table Note,Number of enterprises
,578,2013,,Data Supplier,"Statistics Norway, Oslo. 
Industrial statistics for the OECD countries are compiled by the OECD secretariat, which supplies them to UNIDO."
,578,2013,,Related national publications,"Statistical Yearbook of Norway, published by Statistics Norway, Oslo."
,578,2013,,Footnote,"For some industries, the number of employees may be less than the number of enterprises owing to the reason that the workforce in those industries consists of personnel such as working proprietors, unpaid family workers, etc. that are not included in the count of employees."
,578,2014,,Table Note,Number of enterprises
,578,2014,,Data Supplier,"Statistics Norway, Oslo. 
Industrial statistics for the OECD countries are compiled by the OECD secretariat, which supplies them to UNIDO."
,578,2014,,Related national publications,None reported.
,578,2014,,Footnote,"For some industries, the number of employees may be less than the number of enterprises owing to the reason that the workforce in those industries consists of personnel such as working proprietors, unpaid family workers, etc. that are not included in the count of employees."
,578,2015,,Table Note,Number of enterprises
,578,2015,,Table Note,Output at producers' prices
,578,2015,,Data Supplier,"Statistics Norway, Oslo. 
Data compiled by UNIDO were derived from Eurostat's structural business statistics (SBS) database."
,578,2015,,Related national publications,None reported.
,578,2015,,Footnote,"For some industries, the number of employees may be less than the number of enterprises owing to the reason that the workforce in those industries consists of personnel such as working proprietors, unpaid family workers, etc. that are not included in the count of employees."
,578,2016,,Table Note,Number of enterprises
,578,2016,,Table Note,Output at producers' prices
,578,2016,,Data Supplier,"Statistics Norway, Oslo. 
Data compiled by UNIDO were derived from Eurostat's structural business statistics (SBS) database."
,578,2016,,Related national publications,None reported.
,578,2016,,Footnote,"For some industries, the number of employees may be less than the number of enterprises owing to the reason that the workforce in those industries consists of personnel such as working proprietors, unpaid family workers, etc. that are not included in the count of employees."
,578,2017,,Table Note,Number of enterprises
,578,2017,,Table Note,Output at producers' prices
,578,2017,,Data Supplier,"Statistics Norway, Oslo. 
Data compiled by UNIDO were derived from Eurostat's structural business statistics (SBS) database."
,578,2017,,Related national publications,None reported.
,578,2017,,Footnote,"For some industries, the number of employees may be less than the number of enterprises owing to the reason that the workforce in those industries consists of personnel such as working proprietors, unpaid family workers, etc. that are not included in the count of employees."
,578,2018,,Table Note,Number of enterprises
,578,2018,,Table Note,Output at producers' prices
,578,2018,,Data Supplier,"Statistics Norway, Oslo. 
Data compiled by UNIDO were derived from Eurostat's structural business statistics (SBS) database."
,578,2018,,Related national publications,None reported.
,578,2018,,Special note,Methodological break in 2018.
,578,2018,,Footnote,"For some industries, the number of employees may be less than the number of enterprises owing to the reason that the workforce in those industries consists of personnel such as working proprietors, unpaid family workers, etc. that are not included in the count of employees."
,578,2019,,Table Note,Number of enterprises
,578,2019,,Table Note,Output at producers' prices
,578,2019,,Data Supplier,"Statistics Norway, Oslo. 
Data compiled by UNIDO were derived from Eurostat's structural business statistics (SBS) database."
,578,2019,,Related national publications,None reported.
,578,2019,,Footnote,"For some industries, the number of employees may be less than the number of enterprises owing to the reason that the workforce in those industries consists of personnel such as working proprietors, unpaid family workers, etc. that are not included in the count of employees."
,578,2020,,Table Note,Number of enterprises
,578,2020,,Table Note,Output at producers' prices
,578,2020,,Data Supplier,"Statistics Norway, Oslo. 
Data compiled by UNIDO were derived from Eurostat's structural business statistics (SBS) database."
,578,2020,,Related national publications,None reported.
,578,2020,,Footnote,"For some industries, the number of employees may be less than the number of enterprises owing to the reason that the workforce in those industries consists of personnel such as working proprietors, unpaid family workers, etc. that are not included in the count of employees."
20,578,2007,,Table Note,Value added at factor values
20,578,2008,,Table Note,Value added at factor values
20,578,2009,,Table Note,Value added at factor values
20,578,2010,,Table Note,Value added at factor values
20,578,2011,,Table Note,Value added at factor values
20,578,2012,,Table Note,Value added at factor values
20,578,2013,,Table Note,Value added at factor values
20,578,2014,,Table Note,Value added at factor values
20,578,2015,,Table Note,Value added at factor values
20,578,2016,,Table Note,Value added at factor values
20,578,2017,,Table Note,Value added at factor values
20,578,2018,,Table Note,Value added at factor values
20,578,2019,,Table Note,Value added at factor values
20,578,2020,,Table Note,Value added at factor values
,586,,,Related national publications,"Census of Manufacturing Industries Report, Federal Bureau of Statistics, Islamabad."
,586,2016,,Table Note,Output at basic prices
,586,2016,,Method of data collection,The inquiry is carried out through personal visits of field enumerators.
,586,2016,,Source,Census of manufacturing industries.
,586,2016,,Reference Period,Fiscal year ending 30 June of the year indicated.
,586,2016,,Scope,"Establishments employing 10 or more employees, whether registered with labour departments or eligible for registration."
,586,2016,,Data Supplier,"Federal Bureau of Statistics, Statistics Division, Islamabad."
,586,2016,,Adjusted for non-response,Yes (response rate: approximately 68%).
,586,2016,,Concepts and definitions,Output includes revenue from non-industrial activities.
,586,2016,,Type of enumeration,Complete enumeration.
,586,2016,,Concepts and definitions,"Wages and salaries includes employers' contributions (in respect of their employees) paid to social security, pension and insurance schemes as well as the benefits received by employees under these schemes and severance and termination pay and excludes housing and family allowances paid directly by the employer."
20,586,2016,,Table Note,Value added at basic prices
20,586,2016,,Concepts and definitions,Value added includes cost of non-industrial activities.
,591,,,Related national publications,"Anual Bolet?n de la Encuesta Entre Empresas No Financieras, published by the Instituto Nacional de Estad?stica y Censo, Panama."
,591,2011,,Table Note,Number of enterprises
,591,2011,,Table Note,Output at producers' prices
,591,2011,,Data Supplier,"Instituto Nacional de Estad?stica y Censo, Contralor?a General de la Rep?blica, Panama."
,591,2011,,Type of enumeration,Sample survey.
,591,2011,,Deviations from ISIC,None reported.
,591,2011,,Scope,All privately owned enterprises.
,591,2011,,Source,Annual census/exhaustive survey.
,591,2011,,Reference Period,Calendar year.
,591,2011,,Adjusted for non-response,Yes (response rate: approximately 98%).
,591,2011,,Adjusted for non-response,Yes.
,591,2011,,Concepts and definitions,Wages and salaries refers to direct wages and salaries only.
,591,2011,,Concepts and definitions,Output refers to value of sale of all products only.
,591,2012,,Table Note,Number of enterprises
,591,2012,,Table Note,Output at producers' prices
,591,2012,,Source,Annual census/exhaustive survey.
,591,2012,,Reference Period,Calendar year.
,591,2012,,Adjusted for non-response,Yes (response rate: approximately 98%).
,591,2012,,Adjusted for non-response,Yes.
,591,2012,,Deviations from ISIC,None reported.
,591,2012,,Type of enumeration,Sample survey.
,591,2012,,Scope,All privately owned enterprises.
,591,2012,,Data Supplier,"Instituto Nacional de Estad?stica y Censo, Contralor?a General de la Rep?blica, Panama."
,591,2012,,Concepts and definitions,Wages and salaries refers to direct wages and salaries only.
,591,2012,,Concepts and definitions,Output refers to value of sale of all products only.
,591,2013,,Table Note,Number of enterprises
,591,2013,,Table Note,Output at producers' prices
,591,2013,,Scope,All privately owned enterprises.
,591,2013,,Data Supplier,"Instituto Nacional de Estad?stica y Censo, Contralor?a General de la Rep?blica, Panama."
,591,2013,,Deviations from ISIC,None reported.
,591,2013,,Type of enumeration,Sample survey.
,591,2013,,Source,Annual census/exhaustive survey.
,591,2013,,Reference Period,Calendar year.
,591,2013,,Adjusted for non-response,Yes (response rate: approximately 98%).
,591,2013,,Adjusted for non-response,Yes.
,591,2013,,Concepts and definitions,Wages and salaries refers to direct wages and salaries only.
,591,2013,,Concepts and definitions,Output refers to value of sale of all products only.
,591,2014,,Table Note,Number of enterprises
,591,2014,,Table Note,Output at producers' prices
,591,2014,,Data Supplier,"Instituto Nacional de Estad?stica y Censo, Contralor?a General de la Rep?blica, Panama."
,591,2014,,Deviations from ISIC,None reported.
,591,2014,,Type of enumeration,Sample survey.
,591,2014,,Scope,All privately owned enterprises.
,591,2014,,Source,Annual census/exhaustive survey.
,591,2014,,Reference Period,Calendar year.
,591,2014,,Adjusted for non-response,Yes (response rate: approximately 98%).
,591,2014,,Adjusted for non-response,Yes.
,591,2014,,Concepts and definitions,Wages and salaries refers to direct wages and salaries only.
,591,2014,,Concepts and definitions,Output refers to value of sale of all products only.
,591,2015,,Table Note,Number of enterprises
,591,2015,,Table Note,Output at producers' prices
,591,2015,,Scope,All privately owned enterprises.
,591,2015,,Source,Annual census/exhaustive survey.
,591,2015,,Method of data collection,Mail questionnaires and direct interviews in the field.
,591,2015,,Deviations from ISIC,None reported.
,591,2015,,Type of enumeration,Sample survey.
,591,2015,,Reference Period,Calendar year.
,591,2015,,Adjusted for non-response,Yes.
,591,2015,,Data Supplier,"Instituto Nacional de Estad?stica y Censo, Contralor?a General de la Rep?blica, Panama."
,591,2015,,Adjusted for non-response,Yes (response rate: approximately 93%).
,591,2015,,Concepts and definitions,"Wages and salaries includes employers' contributions (in respect of their employees) paid to social security, pension and insurance schemes as well as the benefits received by employees under these schemes and severance and termination pay and excludes remuneration for time not worked."
,591,2015,,Concepts and definitions,Output refers to value of sale of all products only.
,591,2016,,Table Note,Number of enterprises
,591,2016,,Table Note,Output at producers' prices
,591,2016,,Method of data collection,Mail questionnaires and direct interviews in the field.
,591,2016,,Deviations from ISIC,None reported.
,591,2016,,Type of enumeration,Sample survey.
,591,2016,,Scope,All privately owned enterprises.
,591,2016,,Data Supplier,"Instituto Nacional de Estad?stica y Censo, Contralor?a General de la Rep?blica, Panama."
,591,2016,,Adjusted for non-response,Yes (response rate: approximately 93%).
,591,2016,,Source,Annual census/exhaustive survey.
,591,2016,,Reference Period,Calendar year.
,591,2016,,Adjusted for non-response,Yes.
,591,2016,,Concepts and definitions,Wages and salaries refers to direct wages and salaries only.
,591,2016,,Concepts and definitions,Output refers to value of sale of all products only.
,591,2017,,Table Note,Number of enterprises
,591,2017,,Table Note,Output at producers' prices
,591,2017,,Method of data collection,Mail questionnaires and direct interviews in the field.
,591,2017,,Deviations from ISIC,None reported.
,591,2017,,Type of enumeration,Sample survey.
,591,2017,,Source,Annual census/exhaustive survey.
,591,2017,,Reference Period,Calendar year.
,591,2017,,Adjusted for non-response,Yes.
,591,2017,,Scope,All privately owned enterprises.
,591,2017,,Data Supplier,"Instituto Nacional de Estad?stica y Censo, Contralor?a General de la Rep?blica, Panama."
,591,2017,,Adjusted for non-response,Yes (response rate: approximately 93%).
,591,2017,,Concepts and definitions,Wages and salaries refers to direct wages and salaries only.
,591,2017,,Concepts and definitions,Output refers to value of sale of all products only.
,591,2018,,Table Note,Number of enterprises
,591,2018,,Table Note,Output at producers' prices
,591,2018,,Method of data collection,Mail questionnaires and direct interviews in the field.
,591,2018,,Deviations from ISIC,None reported.
,591,2018,,Type of enumeration,Sample survey.
,591,2018,,Scope,All privately owned enterprises.
,591,2018,,Source,Annual census/exhaustive survey.
,591,2018,,Adjusted for non-response,Yes (response rate: approximately 93%).
,591,2018,,Reference Period,Calendar year.
,591,2018,,Data Supplier,"Instituto Nacional de Estad?stica y Censo, Contralor?a General de la Rep?blica, Panama."
,591,2018,,Adjusted for non-response,Yes.
,591,2018,,Concepts and definitions,Wages and salaries refers to direct wages and salaries only.
,591,2018,,Concepts and definitions,Output refers to value of sale of all products only.
,591,2019,,Table Note,Number of enterprises
,591,2019,,Table Note,Output at producers' prices
,591,2019,,Type of enumeration,Sample survey.
,591,2019,,Method of data collection,Direct interview in the field.
,591,2019,,Deviations from ISIC,None reported.
,591,2019,,Data Supplier,"Instituto Nacional de Estad?stica y Censo, Contralor?a General de la Rep?blica, Panama."
,591,2019,,Scope,All privately owned enterprises.
,591,2019,,Source,Annual census/exhaustive survey.
,591,2019,,Reference Period,Calendar year.
,591,2019,,Adjusted for non-response,Yes.
,591,2019,,Concepts and definitions,Wages and salaries refers to direct wages and salaries only.
,591,2019,,Concepts and definitions,Output refers to value of sale of all products only.
,591,2020,,Table Note,Number of enterprises
,591,2020,,Table Note,Output at producers' prices
,591,2020,,Method of data collection,Direct interview in the field.
,591,2020,,Deviations from ISIC,None reported.
,591,2020,,Type of enumeration,Sample survey.
,591,2020,,Footnote,Provisional data.
,591,2020,,Source,Annual census/exhaustive survey.
,591,2020,,Reference Period,Calendar year.
,591,2020,,Adjusted for non-response,Yes.
,591,2020,,Scope,All privately owned enterprises.
,591,2020,,Data Supplier,"Instituto Nacional de Estad?stica y Censo, Contralor?a General de la Rep?blica, Panama."
,591,2020,,Concepts and definitions,Wages and salaries refers to direct wages and salaries only.
,591,2020,,Concepts and definitions,Output refers to value of sale of all products only.
,600,,,Data Supplier,"Direcci?n General de Estad?sticas, Encuestas y Censos (DGEEC), Asunci?n."
,600,2010,,Table Note,Number of persons engaged
,600,2010,,Table Note,Output at producers' prices
,600,2010,,Type of enumeration,Complete enumeration.
,600,2010,,Deviations from ISIC,Data presented in accordance with ISIC (Revision 4) were originally classified according to the national classification system (Clasificaci?n Nacional de Actividades Econ?micas del Paraguay - CNAEP)
,600,2010,,Related national publications,"Resultados Preliminares, Unidades Econ?micas no Financieras (agosto 2012) and Resultados Oportunos (diciembre 2013), both published by Direcci?n General de Estad?sticas, Encuestas y Censos (DGEEC), Asunci?n."
,600,2010,,Footnote,... refers to suppressed data due to confidentiality rules.
,600,2010,,Method of data collection,Mail questionnaires and direct interviews in the field.
,600,2010,,Source,Census/exhaustive survey.
,600,2010,,Scope,All establishments.
,600,2010,,Reference Period,Calendar year.
,600,2010,,Adjusted for non-response,Yes (response rate: approximately 68%).
,600,2010,,Concepts and definitions,"Wages and salaries includes employers' contributions (in respect of their employees) paid to social security, pension and insurance schemes as well as the benefits received by employees under these schemes and severance and termination pay."
,600,2010,,Concepts and definitions,"Output excludes value of fixed assets produced by the unit for its own use, net change between the beginning and end of the year in the value of stocks of finished goods as well as the value of work in process and stocks and goods to be shipped in the same condition as received; it includes revenue from non-industrial activities."
,600,2010,,Footnote,... refers to suppressed data due to confidentiality rules.
,600,2010,,Footnote,... refers to suppressed data due to confidentiality rules.
,600,2010,,Footnote,... refers to suppressed data due to confidentiality rules.
,600,2014,,Table Note,Number of enterprises
,600,2014,,Table Note,Number of persons engaged
,600,2014,,Table Note,Output at producers' prices
,600,2014,,Method of data collection,Mail questionnaires and direct interviews in the field.
,600,2014,,Deviations from ISIC,Data presented in accordance with ISIC (Revision 4) were originally classified according to the national classification system (Clasificaci?n Nacional de Actividades Econ?micas del Paraguay - CNAEP)
,600,2014,,Related national publications,"Resultados de las Encuestas Econ?micas (EEE-MyG2015 - EMyPE2016), published by the Direcci?n General de Estad?sticas, Encuestas y Censos (DGEEC), Asunci?n."
,600,2014,,Type of enumeration,Sample survey.
,600,2014,,Scope,All registered enterprises.
,600,2014,,Reference Period,Calendar year.
,600,2014,,Adjusted for non-response,Yes (response rate: approximately 76%).
,600,2014,,Source,Survey on registered enterprises.
,600,2014,,Concepts and definitions,"Wages and salaries includes employers' contributions (in respect of their employees) paid to social security, pension and insurance schemes as well as the benefits received by employees under these schemes and severance and termination pay and excludes housing and family allowances paid directly by the employer."
,600,2014,,Concepts and definitions,"Output excludes value of fixed assets produced by the unit for its own use, net change between the beginning and end of the year in the value of stocks of finished goods as well as the value of work in process and stocks and goods to be shipped in the same condition as received; it includes revenue from non-industrial activities."
20,600,2010,,Table Note,Value added at producers' prices
20,600,2010,,Footnote,... refers to suppressed data due to confidentiality rules.
,604,,,Reference Period,Fiscal year.
,604,,,Data Supplier,"Instituto Nacional de Estad?stica e Inform?tica (INEI), Lima."
,604,,,Concepts and definitions,No deviations from the standard UN concepts and definitions are reported.
,604,,,Adjusted for non-response,Not reported.
,604,,,Source,Administrative source.
,604,,,Scope,All establishments.
,604,,,Deviations from ISIC,None reported.
,604,,,Method of data collection,Not reported.
,604,,,Type of enumeration,Not reported.
,604,2007,,Table Note,Output at basic prices
,604,2007,,Related national publications,"PER?: Serie de Cuentas Nacionales, published by Instituto Nacional de Estad?stica e Inform?tica (INEI), Lima."
,604,2008,,Table Note,Output at basic prices
,604,2008,,Related national publications,"PER?: Serie de Cuentas Nacionales, published by Instituto Nacional de Estad?stica e Inform?tica (INEI), Lima."
,604,2009,,Table Note,Output at basic prices
,604,2009,,Related national publications,"PER?: Serie de Cuentas Nacionales, published by Instituto Nacional de Estad?stica e Inform?tica (INEI), Lima."
,604,2010,,Table Note,Output at basic prices
,604,2010,,Related national publications,"PER?: Serie de Cuentas Nacionales, published by Instituto Nacional de Estad?stica e Inform?tica (INEI), Lima."
,604,2011,,Table Note,Output at basic prices
,604,2011,,Related national publications,"PER?: Serie de Cuentas Nacionales, published by Instituto Nacional de Estad?stica e Inform?tica (INEI), Lima."
,604,2012,,Table Note,Output at basic prices
,604,2012,,Related national publications,"PER?: Serie de Cuentas Nacionales, published by Instituto Nacional de Estad?stica e Inform?tica (INEI), Lima."
,604,2013,,Table Note,Output at basic prices
,604,2013,,Related national publications,"PER?: Serie de Cuentas Nacionales, published by Instituto Nacional de Estad?stica e Inform?tica (INEI), Lima."
,604,2014,,Table Note,Output at basic prices
,604,2014,,Related national publications,"Per?: Serie de Cuentas Nacionales; Cuenta de Bienes y Servicios y Cuentas por Sectores Institucionales, all published by Instituto Nacional de Estad?stica e Inform?tica (INEI), Lima."
,604,2015,,Table Note,Output at basic prices
,604,2015,,Related national publications,"Per?: Serie de Cuentas Nacionales; Cuenta de Bienes y Servicios y Cuentas por Sectores Institucionales, all published by Instituto Nacional de Estad?stica e Inform?tica (INEI), Lima."
,604,2016,,Table Note,Output at basic prices
,604,2016,,Related national publications,"Per?: Serie de Cuentas Nacionales; Cuenta de Bienes y Servicios y Cuentas por Sectores Institucionales, all published by Instituto Nacional de Estad?stica e Inform?tica (INEI), Lima."
,604,2017,,Table Note,Output at basic prices
,604,2017,,Related national publications,"Per?: Serie de Cuentas Nacionales; Cuenta de Bienes y Servicios y Cuentas por Sectores Institucionales, all published by Instituto Nacional de Estad?stica e Inform?tica (INEI), Lima."
,604,2018,,Table Note,Output at basic prices
,604,2018,,Related national publications,"Per?: Serie de Cuentas Nacionales; Cuenta de Bienes y Servicios y Cuentas por Sectores Institucionales, all published by Instituto Nacional de Estad?stica e Inform?tica (INEI), Lima."
,604,2019,,Table Note,Output at basic prices
,604,2019,,Related national publications,"Per?: Serie de Cuentas Nacionales; Cuenta de Bienes y Servicios y Cuentas por Sectores Institucionales, all published by Instituto Nacional de Estad?stica e Inform?tica (INEI), Lima."
,604,2020,,Table Note,Output at basic prices
,604,2020,,Related national publications,"Per?: Serie de Cuentas Nacionales; Cuenta de Bienes y Servicios y Cuentas por Sectores Institucionales, all published by Instituto Nacional de Estad?stica e Inform?tica (INEI), Lima."
20,604,2007,,Table Note,Value added at basic prices
20,604,2008,,Table Note,Value added at basic prices
20,604,2009,,Table Note,Value added at basic prices
20,604,2010,,Table Note,Value added at basic prices
20,604,2011,,Table Note,Value added at basic prices
20,604,2012,,Table Note,Value added at basic prices
20,604,2013,,Table Note,Value added at basic prices
20,604,2014,,Table Note,Value added at basic prices
20,604,2015,,Table Note,Value added at basic prices
20,604,2016,,Table Note,Value added at basic prices
20,604,2017,,Table Note,Value added at basic prices
20,604,2018,,Table Note,Value added at basic prices
20,604,2019,,Table Note,Value added at basic prices
20,604,2020,,Table Note,Value added at basic prices
,608,,,Deviations from ISIC,Data presented in ISIC (Revision 4) were originally classified according to the Philippine Standard Industrial Classification (PSIC 2009).
,608,,,Reference Period,Calendar year.
,608,,,Concepts and definitions,Output refers to gross output.
,608,,,Concepts and definitions,"Gross fixed capital formation excludes intellectual property products such as products of R&D, computer software, databases, etc."
,608,2006,,Table Note,Output at producers' prices
,608,2006,,Type of enumeration,Sample survey.
,608,2006,,Source,Annual survey.
,608,2006,,Scope,Data refer to establishments with average total employment of 20 or more persons engaged.
,608,2006,,Data Supplier,"National Statistics Office, Manila."
,608,2006,,Related national publications,"Annual Survey of Philippine Business and Industry - Manufacturing, published by the National Statistics Office, Manila."
,608,2006,,Method of data collection,The inquiry is carried out through personal visits of field enumerators.
,608,2006,,Adjusted for non-response,Yes.
,608,2006,,Concepts and definitions,Wages and salaries is compensation of employees.
,608,2008,,Table Note,Output at producers' prices
,608,2008,,Source,Annual survey.
,608,2008,,Scope,Data refer to establishments with average total employment of 20 or more persons engaged.
,608,2008,,Related national publications,"Annual Survey of Philippine Business and Industry - Manufacturing, published by the National Statistics Office, Manila."
,608,2008,,Type of enumeration,Sample survey.
,608,2008,,Method of data collection,The inquiry is carried out through personal visits of field enumerators.
,608,2008,,Data Supplier,"National Statistics Office, Manila."
,608,2008,,Adjusted for non-response,Yes.
,608,2008,,Concepts and definitions,Wages and salaries is compensation of employees.
,608,2009,,Table Note,Output at producers' prices
,608,2009,,Adjusted for non-response,Yes.
,608,2009,,Related national publications,"Annual Survey of Philippine Business and Industry - Manufacturing, published by the National Statistics Office, Manila."
,608,2009,,Type of enumeration,Sample survey.
,608,2009,,Method of data collection,The inquiry is carried out through personal visits of field enumerators.
,608,2009,,Source,Annual survey.
,608,2009,,Scope,Data refer to establishments with average total employment of 20 or more persons engaged.
,608,2009,,Data Supplier,"Philippine Statistics Authority, Manila."
,608,2009,,Concepts and definitions,Wages and salaries is compensation of employees.
,608,2010,,Table Note,Output at producers' prices
,608,2010,,Type of enumeration,Sample survey.
,608,2010,,Method of data collection,The inquiry is carried out through personal visits of field enumerators.
,608,2010,,Related national publications,"Annual Survey of Philippine Business and Industry - Manufacturing, published by the National Statistics Office, Manila."
,608,2010,,Scope,Data refer to establishments with average total employment of 20 or more persons engaged.
,608,2010,,Adjusted for non-response,Yes.
,608,2010,,Source,Annual survey.
,608,2010,,Data Supplier,"Philippine Statistics Authority, Manila."
,608,2010,,Concepts and definitions,Wages and salaries is compensation of employees.
,608,2012,,Table Note,Output at producers' prices
,608,2012,,Type of enumeration,Sample survey.
,608,2012,,Method of data collection,The inquiry is carried out through personal visits of field enumerators.
,608,2012,,Related national publications,"Annual Survey of Philippine Business and Industry - Manufacturing, published by the National Statistics Office, Manila."
,608,2012,,Source,Annual survey.
,608,2012,,Scope,Data refer to establishments with average total employment of 20 or more persons engaged.
,608,2012,,Data Supplier,"Philippine Statistics Authority, Manila."
,608,2012,,Adjusted for non-response,Yes.
,608,2012,,Concepts and definitions,Wages and salaries is compensation of employees.
,608,2013,,Table Note,Output at producers' prices
,608,2013,,Related national publications,"Annual Survey of Philippine Business and Industry - Manufacturing, published by the National Statistics Office, Manila."
,608,2013,,Type of enumeration,Sample survey.
,608,2013,,Adjusted for non-response,Yes.
,608,2013,,Source,Annual survey.
,608,2013,,Scope,Data refer to establishments with average total employment of 20 or more persons engaged.
,608,2013,,Data Supplier,"Philippine Statistics Authority, Manila."
,608,2013,,Method of data collection,The inquiry is carried out through personal visits of field enumerators.
,608,2013,,Concepts and definitions,Wages and salaries is compensation of employees.
,608,2014,,Table Note,Output at producers' prices
,608,2014,,Scope,Data refer to establishments with average total employment of 20 or more persons engaged.
,608,2014,,Source,Annual survey.
,608,2014,,Data Supplier,"Philippine Statistics Authority, Manila."
,608,2014,,Adjusted for non-response,Yes.
,608,2014,,Type of enumeration,Sample survey.
,608,2014,,Method of data collection,The inquiry is carried out through personal visits of field enumerators.
,608,2014,,Related national publications,"Annual Survey of Philippine Business and Industry - Manufacturing, published by the National Statistics Office, Manila."
,608,2014,,Concepts and definitions,Wages and salaries is compensation of employees.
,608,2015,,Table Note,Output at producers' prices
,608,2015,,Source,Annual survey.
,608,2015,,Scope,Data refer to establishments with average total employment of 20 or more persons engaged.
,608,2015,,Data Supplier,"Philippine Statistics Authority, Manila."
,608,2015,,Adjusted for non-response,Yes.
,608,2015,,Related national publications,"Annual Survey of Philippine Business and Industry - Manufacturing, published by the National Statistics Office, Manila."
,608,2015,,Type of enumeration,Sample survey.
,608,2015,,Method of data collection,The inquiry is carried out through personal visits of field enumerators.
,608,2015,,Concepts and definitions,Wages and salaries is compensation of employees.
,608,2016,,Table Note,Output at producers' prices
,608,2016,,Adjusted for non-response,Yes.
,608,2016,,Source,Annual survey.
,608,2016,,Scope,Data refer to establishments with average total employment of 20 or more persons engaged.
,608,2016,,Data Supplier,"Philippine Statistics Authority, Manila."
,608,2016,,Type of enumeration,Sample survey.
,608,2016,,Method of data collection,The inquiry is carried out through personal visits of field enumerators.
,608,2016,,Related national publications,"Annual Survey of Philippine Business and Industry - Manufacturing, published by the National Statistics Office, Manila."
,608,2016,,Concepts and definitions,Wages and salaries is compensation of employees.
,608,2017,,Table Note,Output at producers' prices
,608,2017,,Source,Annual survey.
,608,2017,,Scope,Data refer to establishments with average total employment of 20 or more persons engaged.
,608,2017,,Adjusted for non-response,Yes.
,608,2017,,Related national publications,"Annual Survey of Philippine Business and Industry - Manufacturing, published by the National Statistics Office, Manila."
,608,2017,,Type of enumeration,Sample survey.
,608,2017,,Method of data collection,The inquiry is carried out through personal visits of field enumerators.
,608,2017,,Data Supplier,"Philippine Statistics Authority, Manila."
,608,2017,,Concepts and definitions,Wages and salaries is compensation of employees.
,608,2018,,Table Note,Output at producers' prices
,608,2018,,Scope,All establishments.
,608,2018,,Type of enumeration,Complete enumeration of establishments with 20 or more persons employed and a sample of smaller establishments.
,608,2018,,Method of data collection,The inquiry is carried out through personal visits of field enumerators.
,608,2018,,Related national publications,"Census of Philippine Business and Industry, published by the National Statistics Office, Manila."
,608,2018,,Source,Census/exhaustive survey.
,608,2018,,Data Supplier,"Philippine Statistics Authority, Manila."
,608,2018,,Adjusted for non-response,Yes (response rate: approximately 86%).
,608,2019,,Table Note,Output at producers' prices
,608,2019,,Source,Annual survey.
,608,2019,,Data Supplier,"Philippine Statistics Authority, Manila."
,608,2019,,Related national publications,"Annual Survey of Philippine Business and Industry - Manufacturing, published by the National Statistics Office, Manila."
,608,2019,,Type of enumeration,Sample survey.
,608,2019,,Method of data collection,The inquiry is carried out through personal visits of field enumerators.
,608,2019,,Adjusted for non-response,Yes.
,608,2019,,Scope,All establishments.
,608,2020,,Table Note,Output at producers' prices
,608,2020,,Related national publications,"Annual Survey of Philippine Business and Industry - Manufacturing, published by the National Statistics Office, Manila."
,608,2020,,Type of enumeration,Sample survey.
,608,2020,,Method of data collection,Data are collected by mail/online questionnaires and field enumerators.
,608,2020,,Scope,All establishments.
,608,2020,,Source,Annual survey.
,608,2020,,Adjusted for non-response,Yes.
,608,2020,,Data Supplier,"Philippine Statistics Authority, Manila."
20,608,,,Concepts and definitions,Value added refers to total value added.
20,608,2006,,Table Note,Value added at producers' prices
20,608,2008,,Table Note,Value added at producers' prices
20,608,2009,,Table Note,Value added at producers' prices
20,608,2010,,Table Note,Value added at producers' prices
20,608,2012,,Table Note,Value added at producers' prices
20,608,2013,,Table Note,Value added at producers' prices
20,608,2014,,Table Note,Value added at producers' prices
20,608,2015,,Table Note,Value added at producers' prices
20,608,2016,,Table Note,Value added at producers' prices
20,608,2017,,Table Note,Value added at producers' prices
20,608,2018,,Table Note,Value added at producers' prices
20,608,2019,,Table Note,Value added at producers' prices
20,608,2020,,Table Note,Value added at producers' prices
,616,,,Type of enumeration,Enterprises with 10 or more persons engaged are completely enumerated; smaller enterprises are surveyed through sampling.
,616,,,Related national publications,None reported.
,616,,,Source,Annual surveys; business register.
,616,,,Scope,All enterprises.
,616,,,Reference Period,Calendar year.
,616,,,Concepts and definitions,No deviations from the standard UN concepts and definitions are reported.
,616,,,Deviations from ISIC,Data presented in ISIC (Revision 4) were originally classified according to the national NACE-related classification system.
,616,,,Method of data collection,Mail questionnaires; online survey.
,616,,,Adjusted for non-response,Yes.
,616,,,Footnote,Data derived from OECD's or Eurostat's databases refer to Gross investment in tangible goods only.
,616,2005,,Table Note,Number of enterprises
,616,2006,,Table Note,Number of enterprises
,616,2007,,Table Note,Number of enterprises
,616,2008,,Table Note,Number of enterprises
,616,2008,,Data Supplier,"Central Statistical Office of Poland, Warsaw.
Industrial statistics for the OECD countries are compiled by the OECD secretariat, which supplies them to UNIDO."
,616,2009,,Table Note,Number of enterprises
,616,2009,,Data Supplier,"Central Statistical Office of Poland, Warsaw.
Industrial statistics for the OECD countries are compiled by the OECD secretariat, which supplies them to UNIDO."
,616,2010,,Table Note,Number of enterprises
,616,2010,,Data Supplier,"Central Statistical Office of Poland, Warsaw.
Industrial statistics for the OECD countries are compiled by the OECD secretariat, which supplies them to UNIDO."
,616,2011,,Table Note,Number of enterprises
,616,2011,,Data Supplier,"Central Statistical Office of Poland, Warsaw.
Industrial statistics for the OECD countries are compiled by the OECD secretariat, which supplies them to UNIDO."
,616,2011,,Footnote,"For some industries, the number of employees may be less than the number of enterprises owing to the reason that the workforce in those industries consists of personnel such as working proprietors, unpaid family workers, etc. that are not included in the count of employees."
,616,2012,,Table Note,Number of enterprises
,616,2012,,Data Supplier,"Central Statistical Office of Poland, Warsaw.
Industrial statistics for the OECD countries are compiled by the OECD secretariat, which supplies them to UNIDO."
,616,2012,,Footnote,"For some industries, the number of employees may be less than the number of enterprises owing to the reason that the workforce in those industries consists of personnel such as working proprietors, unpaid family workers, etc. that are not included in the count of employees."
,616,2013,,Table Note,Number of enterprises
,616,2013,,Footnote,"For some industries, the number of employees may be less than the number of enterprises owing to the reason that the workforce in those industries consists of personnel such as working proprietors, unpaid family workers, etc. that are not included in the count of employees."
,616,2013,,Data Supplier,"Central Statistical Office of Poland, Warsaw.
Industrial statistics for the OECD countries are compiled by the OECD secretariat, which supplies them to UNIDO."
,616,2014,,Table Note,Number of enterprises
,616,2014,,Data Supplier,"Central Statistical Office of Poland, Warsaw.
Industrial statistics for the OECD countries are compiled by the OECD secretariat, which supplies them to UNIDO."
,616,2014,,Footnote,"For some industries, the number of employees may be less than the number of enterprises owing to the reason that the workforce in those industries consists of personnel such as working proprietors, unpaid family workers, etc. that are not included in the count of employees."
,616,2015,,Table Note,Number of enterprises
,616,2015,,Table Note,Output at producers' prices
,616,2015,,Footnote,"For some industries, the number of employees may be less than the number of enterprises owing to the reason that the workforce in those industries consists of personnel such as working proprietors, unpaid family workers, etc. that are not included in the count of employees."
,616,2015,,Data Supplier,"Statistics Poland, Warsaw.
Data compiled by UNIDO were derived from Eurostat's structural business statistics (SBS) database."
,616,2016,,Table Note,Number of enterprises
,616,2016,,Table Note,Output at producers' prices
,616,2016,,Footnote,"For some industries, the number of employees may be less than the number of enterprises owing to the reason that the workforce in those industries consists of personnel such as working proprietors, unpaid family workers, etc. that are not included in the count of employees."
,616,2016,,Data Supplier,"Statistics Poland, Warsaw.
Data compiled by UNIDO were derived from Eurostat's structural business statistics (SBS) database."
,616,2017,,Table Note,Number of enterprises
,616,2017,,Table Note,Output at producers' prices
,616,2017,,Footnote,"For some industries, the number of employees may be less than the number of enterprises owing to the reason that the workforce in those industries consists of personnel such as working proprietors, unpaid family workers, etc. that are not included in the count of employees."
,616,2017,,Data Supplier,"Statistics Poland, Warsaw.
Data compiled by UNIDO were derived from Eurostat's structural business statistics (SBS) database."
,616,2018,,Table Note,Number of enterprises
,616,2018,,Table Note,Output at producers' prices
,616,2018,,Special note,Methodological break in 2018.
,616,2018,,Footnote,"For some industries, the number of employees may be less than the number of enterprises owing to the reason that the workforce in those industries consists of personnel such as working proprietors, unpaid family workers, etc. that are not included in the count of employees."
,616,2018,,Data Supplier,"Statistics Poland, Warsaw.
Data compiled by UNIDO were derived from Eurostat's structural business statistics (SBS) database."
,616,2019,,Table Note,Number of enterprises
,616,2019,,Table Note,Output at producers' prices
,616,2019,,Data Supplier,"Statistics Poland, Warsaw.
Data compiled by UNIDO were derived from Eurostat's structural business statistics (SBS) database."
,616,2019,,Footnote,"For some industries, the number of employees may be less than the number of enterprises owing to the reason that the workforce in those industries consists of personnel such as working proprietors, unpaid family workers, etc. that are not included in the count of employees."
,616,2020,,Table Note,Number of enterprises
,616,2020,,Table Note,Output at producers' prices
,616,2020,,Footnote,"For some industries, the number of employees may be less than the number of enterprises owing to the reason that the workforce in those industries consists of personnel such as working proprietors, unpaid family workers, etc. that are not included in the count of employees."
,616,2020,,Data Supplier,"Statistics Poland, Warsaw.
Data compiled by UNIDO were derived from Eurostat's structural business statistics (SBS) database."
20,616,2005,,Table Note,Value added at factor values
20,616,2006,,Table Note,Value added at factor values
20,616,2007,,Table Note,Value added at factor values
20,616,2008,,Table Note,Value added at factor values
20,616,2009,,Table Note,Value added at factor values
20,616,2010,,Table Note,Value added at factor values
20,616,2011,,Table Note,Value added at factor values
20,616,2012,,Table Note,Value added at factor values
20,616,2013,,Table Note,Value added at factor values
20,616,2014,,Table Note,Value added at factor values
20,616,2015,,Table Note,Value added at factor values
20,616,2016,,Table Note,Value added at factor values
20,616,2017,,Table Note,Value added at factor values
20,616,2018,,Table Note,Value added at factor values
20,616,2019,,Table Note,Value added at factor values
20,616,2020,,Table Note,Value added at factor values
,620,,,Source,Annual surveys; administrative data.
,620,,,Scope,All enterprises.
,620,,,Reference Period,Calendar year.
,620,,,Adjusted for non-response,Not reported.
,620,,,Related national publications,"""Empresas em Portugal"", published by National Institute of Statistics, Lisbon."
,620,,,Type of enumeration,Complete enumeration (mainly administrative sources).
,620,,,Method of data collection,"Simplified Business Information (IES): enterprises report, by electronic means, obligations on annual data of accounting, fiscal and statistical nature."
,620,,,Concepts and definitions,No deviations from the standard UN concepts and definitions are reported.
,620,,,Deviations from ISIC,Data presented in ISIC (Revision 4) were originally classified according to the national NACE-related classification system.
,620,,,Footnote,Data derived from OECD's or Eurostat's databases refer to Gross investment in tangible goods only.
,620,2005,,Table Note,Number of enterprises
,620,2005,,Data Supplier,"National Institute of Statistics, Lisbon.
Industrial statistics for the OECD countries are compiled by the OECD secretariat, which supplies them to UNIDO."
,620,2006,,Table Note,Number of enterprises
,620,2006,,Data Supplier,"National Institute of Statistics, Lisbon.
Industrial statistics for the OECD countries are compiled by the OECD secretariat, which supplies them to UNIDO."
,620,2007,,Table Note,Number of enterprises
,620,2007,,Data Supplier,"National Institute of Statistics, Lisbon.
Industrial statistics for the OECD countries are compiled by the OECD secretariat, which supplies them to UNIDO."
,620,2008,,Table Note,Number of enterprises
,620,2008,,Data Supplier,"National Institute of Statistics, Lisbon.
Industrial statistics for the OECD countries are compiled by the OECD secretariat, which supplies them to UNIDO."
,620,2008,,Footnote,"For some industries, the number of employees may be less than the number of enterprises owing to the reason that the workforce in those industries consists of personnel such as working proprietors, unpaid family workers, etc. that are not included in the count of employees."
,620,2009,,Table Note,Number of enterprises
,620,2009,,Data Supplier,"National Institute of Statistics, Lisbon.
Industrial statistics for the OECD countries are compiled by the OECD secretariat, which supplies them to UNIDO."
,620,2009,,Footnote,"For some industries, the number of employees may be less than the number of enterprises owing to the reason that the workforce in those industries consists of personnel such as working proprietors, unpaid family workers, etc. that are not included in the count of employees."
,620,2010,,Table Note,Number of enterprises
,620,2010,,Footnote,"For some industries, the number of employees may be less than the number of enterprises owing to the reason that the workforce in those industries consists of personnel such as working proprietors, unpaid family workers, etc. that are not included in the count of employees."
,620,2010,,Data Supplier,"National Institute of Statistics, Lisbon.
Industrial statistics for the OECD countries are compiled by the OECD secretariat, which supplies them to UNIDO."
,620,2011,,Table Note,Number of enterprises
,620,2011,,Data Supplier,"National Institute of Statistics, Lisbon.
Industrial statistics for the OECD countries are compiled by the OECD secretariat, which supplies them to UNIDO."
,620,2011,,Footnote,"For some industries, the number of employees may be less than the number of enterprises owing to the reason that the workforce in those industries consists of personnel such as working proprietors, unpaid family workers, etc. that are not included in the count of employees."
,620,2012,,Table Note,Number of enterprises
,620,2012,,Data Supplier,"National Institute of Statistics, Lisbon.
Industrial statistics for the OECD countries are compiled by the OECD secretariat, which supplies them to UNIDO."
,620,2012,,Footnote,"For some industries, the number of employees may be less than the number of enterprises owing to the reason that the workforce in those industries consists of personnel such as working proprietors, unpaid family workers, etc. that are not included in the count of employees."
,620,2013,,Table Note,Number of enterprises
,620,2013,,Footnote,"For some industries, the number of employees may be less than the number of enterprises owing to the reason that the workforce in those industries consists of personnel such as working proprietors, unpaid family workers, etc. that are not included in the count of employees."
,620,2013,,Data Supplier,"National Institute of Statistics, Lisbon.
Industrial statistics for the OECD countries are compiled by the OECD secretariat, which supplies them to UNIDO."
,620,2014,,Table Note,Number of enterprises
,620,2014,,Data Supplier,"National Institute of Statistics, Lisbon.
Industrial statistics for the OECD countries are compiled by the OECD secretariat, which supplies them to UNIDO."
,620,2014,,Footnote,"For some industries, the number of employees may be less than the number of enterprises owing to the reason that the workforce in those industries consists of personnel such as working proprietors, unpaid family workers, etc. that are not included in the count of employees."
,620,2015,,Table Note,Number of enterprises
,620,2015,,Table Note,Output at producers' prices
,620,2015,,Footnote,"For some industries, the number of employees may be less than the number of enterprises owing to the reason that the workforce in those industries consists of personnel such as working proprietors, unpaid family workers, etc. that are not included in the count of employees."
,620,2015,,Data Supplier,"National Institute of Statistics, Lisbon.
Data compiled by UNIDO were derived from Eurostat's structural business statistics (SBS) database."
,620,2016,,Table Note,Number of enterprises
,620,2016,,Table Note,Output at producers' prices
,620,2016,,Footnote,"For some industries, the number of employees may be less than the number of enterprises owing to the reason that the workforce in those industries consists of personnel such as working proprietors, unpaid family workers, etc. that are not included in the count of employees."
,620,2016,,Data Supplier,"National Institute of Statistics, Lisbon.
Data compiled by UNIDO were derived from Eurostat's structural business statistics (SBS) database."
,620,2017,,Table Note,Number of enterprises
,620,2017,,Table Note,Output at producers' prices
,620,2017,,Data Supplier,"National Institute of Statistics, Lisbon.
Data compiled by UNIDO were derived from Eurostat's structural business statistics (SBS) database."
,620,2017,,Footnote,"For some industries, the number of employees may be less than the number of enterprises owing to the reason that the workforce in those industries consists of personnel such as working proprietors, unpaid family workers, etc. that are not included in the count of employees."
,620,2018,,Table Note,Number of enterprises
,620,2018,,Table Note,Output at producers' prices
,620,2018,,Footnote,"For some industries, the number of employees may be less than the number of enterprises owing to the reason that the workforce in those industries consists of personnel such as working proprietors, unpaid family workers, etc. that are not included in the count of employees."
,620,2018,,Data Supplier,"National Institute of Statistics, Lisbon.
Data compiled by UNIDO were derived from Eurostat's structural business statistics (SBS) database."
,620,2019,,Table Note,Number of enterprises
,620,2019,,Table Note,Output at producers' prices
,620,2019,,Data Supplier,"National Institute of Statistics, Lisbon.
Data compiled by UNIDO were derived from Eurostat's structural business statistics (SBS) database."
,620,2019,,Footnote,"For some industries, the number of employees may be less than the number of enterprises owing to the reason that the workforce in those industries consists of personnel such as working proprietors, unpaid family workers, etc. that are not included in the count of employees."
,620,2020,,Table Note,Number of enterprises
,620,2020,,Table Note,Output at producers' prices
,620,2020,,Data Supplier,"National Institute of Statistics, Lisbon.
Data compiled by UNIDO were derived from Eurostat's structural business statistics (SBS) database."
,620,2020,,Footnote,"For some industries, the number of employees may be less than the number of enterprises owing to the reason that the workforce in those industries consists of personnel such as working proprietors, unpaid family workers, etc. that are not included in the count of employees."
20,620,2005,,Table Note,Value added at factor values
20,620,2006,,Table Note,Value added at factor values
20,620,2007,,Table Note,Value added at factor values
20,620,2008,,Table Note,Value added at factor values
20,620,2009,,Table Note,Value added at factor values
20,620,2010,,Table Note,Value added at factor values
20,620,2011,,Table Note,Value added at factor values
20,620,2012,,Table Note,Value added at factor values
20,620,2013,,Table Note,Value added at factor values
20,620,2014,,Table Note,Value added at factor values
20,620,2015,,Table Note,Value added at factor values
20,620,2016,,Table Note,Value added at factor values
20,620,2017,,Table Note,Value added at factor values
20,620,2018,,Table Note,Value added at factor values
20,620,2019,,Table Note,Value added at factor values
20,620,2020,,Table Note,Value added at factor values
,630,,,Method of data collection,Mail questionnaires.
20,630,2016,,Table Note,Value added at basic prices
20,630,2017,,Table Note,Value added at basic prices
20,630,2018,,Table Note,Value added at basic prices
20,630,2019,,Table Note,Value added at basic prices
20,630,2020,,Table Note,Value added at basic prices
,634,2014,,Table Note,Output at producers' prices
,634,2014,,Source,Annual industrial survey.
,634,2014,,Reference Period,Calendar year.
,634,2014,,Data Supplier,"Ministry of Development Planning and Statistics, Doha."
,634,2014,,Adjusted for non-response,No.
,634,2014,,Type of enumeration,Complete enumeration of establishments with 10 or more employees and a sample of smaller establishments.
,634,2014,,Method of data collection,Direct interview in the field and mail questionnaires.
,634,2014,,Deviations from ISIC,None reported.
,634,2014,,Scope,All registered establishments.
,634,2014,,Concepts and definitions,Number of employees includes working proprietors.
,634,2014,,Related national publications,"Annual Bulletin of Industry and Energy Statistics, published by the Ministry of Development Planning and Statistics, Doha."
,634,2014,,Concepts and definitions,Wages and salaries excludes remuneration for time not worked.
,634,2014,,Footnote,A zero (0) indicates that a value is either nil or negligible.
,634,2014,,Concepts and definitions,Output excludes value of fixed assets produced by the unit for its own use and includes revenues from non-industrial activities.
,634,2015,,Table Note,Output at producers' prices
,634,2015,,Scope,All registered establishments.
,634,2015,,Data Supplier,"Ministry of Development Planning and Statistics, Doha."
,634,2015,,Related national publications,"Annual Bulletin of Industry and Energy Statistics, published by the Ministry of Development Planning and Statistics, Doha."
,634,2015,,Deviations from ISIC,None reported.
,634,2015,,Adjusted for non-response,Yes. (Response rate: approximately 65%)
,634,2015,,Source,Annual industrial survey.
,634,2015,,Reference Period,Calendar year.
,634,2015,,Concepts and definitions,Number of employees includes working proprietors.
,634,2015,,Type of enumeration,Complete enumeration of establishments with 10 or more employees and a sample of smaller establishments.
,634,2015,,Method of data collection,Direct interview in the field and mail questionnaires.
,634,2015,,Concepts and definitions,Output excludes value of fixed assets produced by the unit for its own use and includes revenues from non-industrial activities.
,634,2015,,Footnote,A zero (0) indicates that a value is either nil or negligible.
,634,2015,,Concepts and definitions,Wages and salaries excludes remuneration for time not worked.
,634,2016,,Table Note,Output at producers' prices
,634,2016,,Type of enumeration,Complete enumeration of establishments with 10 or more employees and a sample of smaller establishments.
,634,2016,,Method of data collection,Direct interview in the field and mail questionnaires.
,634,2016,,Source,Annual industrial survey.
,634,2016,,Scope,All registered establishments.
,634,2016,,Reference Period,Calendar year.
,634,2016,,Data Supplier,"Ministry of Development Planning and Statistics, Doha."
,634,2016,,Adjusted for non-response,Yes. (Response rate: approximately 65%)
,634,2016,,Concepts and definitions,Number of employees includes working proprietors.
,634,2016,,Related national publications,"Annual Bulletin of Industry and Energy Statistics, published by the Ministry of Development Planning and Statistics, Doha."
,634,2016,,Deviations from ISIC,None reported.
,634,2016,,Concepts and definitions,Wages and salaries excludes remuneration for time not worked.
,634,2016,,Concepts and definitions,Output excludes value of fixed assets produced by the unit for its own use and includes revenues from non-industrial activities.
,634,2016,,Footnote,A zero (0) indicates that a value is either nil or negligible.
,634,2017,,Table Note,Output at producers' prices
,634,2017,,Deviations from ISIC,None reported.
,634,2017,,Scope,All registered establishments.
,634,2017,,Reference Period,Calendar year.
,634,2017,,Data Supplier,"Planning and Statistics Authority, Doha."
,634,2017,,Source,Annual industrial survey.
,634,2017,,Adjusted for non-response,Yes (response rate: approximately 68%).
,634,2017,,Concepts and definitions,Number of employees includes working proprietors.
,634,2017,,Related national publications,"Annual Bulletin of Industry and Energy Statistics, published by the Planning and Statistics Authority, Doha."
,634,2017,,Type of enumeration,Complete enumeration of establishments with 10 or more employees and a sample of smaller establishments.
,634,2017,,Method of data collection,Direct interview in the field and mail questionnaires.
,634,2017,,Footnote,A zero (0) indicates that a value is either nil or negligible.
,634,2017,,Concepts and definitions,Wages and salaries excludes remuneration for time not worked.
,634,2017,,Concepts and definitions,Output excludes value of fixed assets produced by the unit for its own use and includes revenues from non-industrial activities.
,634,2018,,Table Note,Output at producers' prices
,634,2018,,Related national publications,"Annual Bulletin of Industry and Energy Statistics, published by the Planning and Statistics Authority, Doha."
,634,2018,,Scope,All registered establishments.
,634,2018,,Source,Annual industrial survey.
,634,2018,,Reference Period,Calendar year.
,634,2018,,Data Supplier,"Planning and Statistics Authority, Doha."
,634,2018,,Adjusted for non-response,Yes (response rate: approximately 61%).
,634,2018,,Concepts and definitions,Number of employees includes working proprietors.
,634,2018,,Type of enumeration,Complete enumeration of establishments with 10 or more employees and a sample of smaller establishments.
,634,2018,,Method of data collection,Direct interview in the field and mail questionnaires.
,634,2018,,Deviations from ISIC,None reported.
,634,2018,,Footnote,A zero (0) indicates that a value is either nil or negligible.
,634,2018,,Concepts and definitions,Output excludes value of fixed assets produced by the unit for its own use and includes revenues from non-industrial activities.
,634,2018,,Concepts and definitions,Wages and salaries excludes remuneration for time not worked.
,634,2019,,Table Note,Output at producers' prices
,634,2019,,Scope,All registered establishments.
,634,2019,,Adjusted for non-response,Yes (response rate: approximately 75%).
,634,2019,,Source,Annual industrial survey.
,634,2019,,Reference Period,Calendar year.
,634,2019,,Data Supplier,"Planning and Statistics Authority, Doha."
,634,2019,,Concepts and definitions,Number of employees includes working proprietors.
,634,2019,,Related national publications,"Annual Bulletin of Industry and Energy Statistics, published by the Planning and Statistics Authority, Doha."
,634,2019,,Deviations from ISIC,None reported.
,634,2019,,Type of enumeration,Complete enumeration of establishments with 10 or more employees and a sample of smaller establishments.
,634,2019,,Method of data collection,Direct interview in the field and mail questionnaires.
,634,2019,,Concepts and definitions,Wages and salaries excludes remuneration for time not worked.
,634,2019,,Footnote,A zero (0) indicates that a value is either nil or negligible.
,634,2019,,Concepts and definitions,Output excludes value of fixed assets produced by the unit for its own use and includes revenues from non-industrial activities.
,634,2020,,Table Note,Output at producers' prices
,634,2020,,Source,Annual industrial survey.
,634,2020,,Concepts and definitions,Number of employees includes working proprietors.
,634,2020,,Scope,All registered establishments.
,634,2020,,Reference Period,Calendar year.
,634,2020,,Data Supplier,"Planning and Statistics Authority, Doha."
,634,2020,,Adjusted for non-response,Yes.
,634,2020,,Type of enumeration,Complete enumeration of establishments with 10 or more employees and a sample of smaller establishments.
,634,2020,,Method of data collection,Direct interview in the field and mail questionnaires.
,634,2020,,Related national publications,"Annual Bulletin of Industry and Energy Statistics, published by the Planning and Statistics Authority, Doha."
,634,2020,,Deviations from ISIC,None reported.
,634,2020,,Footnote,A zero (0) indicates that a value is either nil or negligible.
,634,2020,,Concepts and definitions,Wages and salaries excludes remuneration for time not worked.
,634,2020,,Concepts and definitions,Output excludes value of fixed assets produced by the unit for its own use and includes revenues from non-industrial activities.
20,634,2014,,Table Note,Value added at producers' prices
20,634,2014,,Concepts and definitions,Value added includes cost of non-industrial activities.
20,634,2015,,Table Note,Value added at producers' prices
20,634,2015,,Concepts and definitions,Value added includes cost of non-industrial activities.
20,634,2016,,Table Note,Value added at producers' prices
20,634,2016,,Concepts and definitions,Value added includes cost of non-industrial activities.
20,634,2017,,Table Note,Value added at producers' prices
20,634,2017,,Concepts and definitions,Value added includes cost of non-industrial activities.
20,634,2018,,Table Note,Value added at producers' prices
20,634,2018,,Concepts and definitions,Value added includes cost of non-industrial activities.
20,634,2019,,Table Note,Value added at producers' prices
20,634,2019,,Concepts and definitions,Value added includes cost of non-industrial activities.
20,634,2020,,Table Note,Value added at producers' prices
20,634,2020,,Concepts and definitions,Value added includes cost of non-industrial activities.
,642,,,Concepts and definitions,"Gross fixed capital formation excludes Intellectual property products of R&D, computer software, databases, etc."
,642,2006,,Table Note,Output at factor values
,642,2006,,Reference Period,Calendar year.
,642,2006,,Data Supplier,"National Institute of Statistics, Bucharest."
,642,2006,,Adjusted for non-response,Yes (response rate: approximately 96%).
,642,2006,,Scope,All registered enterprises.
,642,2006,,Source,Annual survey; administrative source.
,642,2006,,Deviations from ISIC,Data presented in ISIC (Revision 4) were originally classified according to NACE (Revision 2).
,642,2006,,Related national publications,"Results and performances of enterprises in industry and construction, published by the National Institute for Statistics, Bucharest."
,642,2006,,Method of data collection,Mail questionnaires; electronic questionnaires.
,642,2006,,Type of enumeration,Sample survey.
,642,2006,,Concepts and definitions,Number of employees includes home workers.
,642,2006,,Concepts and definitions,Output refers to turnover.
,642,2006,,Concepts and definitions,Wages and salaries excludes housing and family allowances paid directly by the employer.
,642,2007,,Table Note,Number of enterprises
,642,2007,,Table Note,Output at factor values
,642,2007,,Source,Annual survey; administrative source.
,642,2007,,Scope,All registered enterprises.
,642,2007,,Reference Period,Calendar year.
,642,2007,,Data Supplier,"National Institute of Statistics, Bucharest."
,642,2007,,Adjusted for non-response,Yes (response rate: approximately 96%).
,642,2007,,Deviations from ISIC,Data presented in ISIC (Revision 4) were originally classified according to NACE (Revision 2).
,642,2007,,Method of data collection,Mail questionnaires; electronic questionnaires.
,642,2007,,Related national publications,"Results and performances of enterprises in industry and construction, published by the National Institute for Statistics, Bucharest."
,642,2007,,Type of enumeration,Sample survey.
,642,2007,,Concepts and definitions,Number of employees includes home workers.
,642,2007,,Concepts and definitions,Output refers to turnover.
,642,2007,,Concepts and definitions,Wages and salaries excludes housing and family allowances paid directly by the employer.
,642,2008,,Table Note,Number of enterprises
,642,2008,,Table Note,Output at factor values
,642,2008,,Scope,All registered enterprises.
,642,2008,,Reference Period,Calendar year.
,642,2008,,Data Supplier,"National Institute of Statistics, Bucharest."
,642,2008,,Adjusted for non-response,Yes (response rate: approximately 96%).
,642,2008,,Method of data collection,Mail questionnaires; electronic questionnaires.
,642,2008,,Related national publications,"Results and performances of enterprises in industry and construction, published by the National Institute for Statistics, Bucharest."
,642,2008,,Type of enumeration,Sample survey.
,642,2008,,Deviations from ISIC,Data presented in ISIC (Revision 4) were originally classified according to NACE (Revision 2).
,642,2008,,Source,Annual survey; administrative source.
,642,2008,,Concepts and definitions,Number of employees includes home workers.
,642,2008,,Concepts and definitions,Output refers to turnover.
,642,2008,,Footnote,Reported data refer to national Supply-Use tables.
,642,2008,,Concepts and definitions,Wages and salaries excludes housing and family allowances paid directly by the employer.
,642,2009,,Table Note,Number of enterprises
,642,2009,,Table Note,Output at factor values
,642,2009,,Adjusted for non-response,Yes (response rate: approximately 96%).
,642,2009,,Deviations from ISIC,Data presented in ISIC (Revision 4) were originally classified according to NACE (Revision 2).
,642,2009,,Related national publications,"Results and performances of enterprises in industry and construction, published by the National Institute for Statistics, Bucharest."
,642,2009,,Method of data collection,Mail questionnaires; electronic questionnaires.
,642,2009,,Type of enumeration,Sample survey.
,642,2009,,Scope,All registered enterprises.
,642,2009,,Source,Annual survey; administrative source.
,642,2009,,Reference Period,Calendar year.
,642,2009,,Data Supplier,"National Institute of Statistics, Bucharest."
,642,2009,,Concepts and definitions,Number of employees includes home workers.
,642,2009,,Concepts and definitions,Output refers to turnover.
,642,2009,,Footnote,Reported data refer to national Supply-Use tables.
,642,2009,,Concepts and definitions,Wages and salaries excludes housing and family allowances paid directly by the employer.
,642,2010,,Table Note,Number of enterprises
,642,2010,,Table Note,Output at factor values
,642,2010,,Scope,All registered enterprises.
,642,2010,,Source,Annual survey; administrative source.
,642,2010,,Method of data collection,Mail questionnaires; electronic questionnaires.
,642,2010,,Type of enumeration,Sample survey.
,642,2010,,Deviations from ISIC,Data presented in ISIC (Revision 4) were originally classified according to NACE (Revision 2).
,642,2010,,Related national publications,"Results and performances of enterprises in industry and construction, published by the National Institute for Statistics, Bucharest."
,642,2010,,Reference Period,Calendar year.
,642,2010,,Data Supplier,"National Institute of Statistics, Bucharest."
,642,2010,,Adjusted for non-response,Yes (response rate: approximately 96%).
,642,2010,,Concepts and definitions,Number of employees includes home workers.
,642,2010,,Concepts and definitions,Output refers to turnover.
,642,2010,,Footnote,Reported data refer to national Supply-Use tables.
,642,2010,,Concepts and definitions,Wages and salaries excludes housing and family allowances paid directly by the employer.
,642,2011,,Table Note,Number of enterprises
,642,2011,,Table Note,Output at factor values
,642,2011,,Scope,All registered enterprises.
,642,2011,,Reference Period,Calendar year.
,642,2011,,Method of data collection,Mail questionnaires; electronic questionnaires.
,642,2011,,Deviations from ISIC,Data presented in ISIC (Revision 4) were originally classified according to NACE (Revision 2).
,642,2011,,Related national publications,"Results and performances of enterprises in industry and construction, published by the National Institute for Statistics, Bucharest."
,642,2011,,Type of enumeration,Sample survey.
,642,2011,,Source,Annual survey; administrative source.
,642,2011,,Data Supplier,"National Institute of Statistics, Bucharest."
,642,2011,,Adjusted for non-response,Yes (response rate: approximately 96%).
,642,2011,,Concepts and definitions,Number of employees includes home workers.
,642,2011,,Concepts and definitions,Output refers to turnover.
,642,2011,,Footnote,Reported data refer to national Supply-Use tables.
,642,2011,,Concepts and definitions,Wages and salaries excludes housing and family allowances paid directly by the employer.
,642,2012,,Table Note,Number of enterprises
,642,2012,,Table Note,Output at factor values
,642,2012,,Method of data collection,Mail questionnaires; electronic questionnaires.
,642,2012,,Related national publications,"Results and performances of enterprises in industry and construction, published by the National Institute for Statistics, Bucharest."
,642,2012,,Type of enumeration,Sample survey.
,642,2012,,Deviations from ISIC,Data presented in ISIC (Revision 4) were originally classified according to NACE (Revision 2).
,642,2012,,Scope,All registered enterprises.
,642,2012,,Reference Period,Calendar year.
,642,2012,,Data Supplier,"National Institute of Statistics, Bucharest."
,642,2012,,Source,Annual survey; administrative source.
,642,2012,,Adjusted for non-response,Yes (response rate: approximately 96%).
,642,2012,,Concepts and definitions,Number of employees includes home workers.
,642,2012,,Concepts and definitions,Output refers to turnover.
,642,2012,,Footnote,Reported data refer to national Supply-Use tables.
,642,2012,,Concepts and definitions,Number of enterprises refers to local units.
,642,2012,,Concepts and definitions,Wages and salaries excludes housing and family allowances paid directly by the employer.
,642,2013,,Table Note,Number of enterprises
,642,2013,,Table Note,Output at factor values
,642,2013,,Method of data collection,Mail questionnaires; electronic questionnaires.
,642,2013,,Type of enumeration,Sample survey.
,642,2013,,Scope,All registered enterprises.
,642,2013,,Source,Annual survey; administrative source.
,642,2013,,Reference Period,Calendar year.
,642,2013,,Data Supplier,"National Institute of Statistics, Bucharest."
,642,2013,,Adjusted for non-response,Yes (response rate: approximately 96%).
,642,2013,,Deviations from ISIC,Data presented in ISIC (Revision 4) were originally classified according to NACE (Revision 2).
,642,2013,,Related national publications,"Results and performances of enterprises in industry and construction, published by the National Institute for Statistics, Bucharest."
,642,2013,,Concepts and definitions,Number of employees includes home workers.
,642,2013,,Concepts and definitions,Output refers to turnover.
,642,2013,,Footnote,Reported data refer to national Supply-Use tables.
,642,2013,,Concepts and definitions,Wages and salaries excludes housing and family allowances paid directly by the employer.
,642,2013,,Concepts and definitions,Number of enterprises refers to local units.
,642,2014,,Table Note,Number of enterprises
,642,2014,,Table Note,Output at factor values
,642,2014,,Deviations from ISIC,Data presented in ISIC (Revision 4) were originally classified according to NACE (Revision 2).
,642,2014,,Reference Period,Calendar year.
,642,2014,,Adjusted for non-response,Yes (response rate: approximately 96%).
,642,2014,,Scope,All registered enterprises.
,642,2014,,Source,Annual survey; administrative source.
,642,2014,,Data Supplier,"National Institute of Statistics, Bucharest."
,642,2014,,Concepts and definitions,Number of employees includes home workers.
,642,2014,,Related national publications,"Results and performances of enterprises in industry and construction, published by the National Institute for Statistics, Bucharest."
,642,2014,,Method of data collection,Mail questionnaires; electronic questionnaires.
,642,2014,,Type of enumeration,Sample survey.
,642,2014,,Concepts and definitions,"For some industries, the number of employees may be less than the number of enterprises owing to the reason that the workforce in those industries consists of personnel such as working proprietors, unpaid family workers, etc. that are not included in the count of employees."
,642,2014,,Concepts and definitions,Output refers to turnover.
,642,2014,,Footnote,Reported data refer to national Supply-Use tables.
,642,2014,,Concepts and definitions,Number of enterprises refers to local units.
,642,2014,,Concepts and definitions,Wages and salaries excludes housing and family allowances paid directly by the employer.
,642,2015,,Table Note,Number of enterprises
,642,2015,,Table Note,Output at factor values
,642,2015,,Source,Annual survey; administrative source.
,642,2015,,Scope,All registered enterprises.
,642,2015,,Reference Period,Calendar year.
,642,2015,,Data Supplier,"National Institute of Statistics, Bucharest."
,642,2015,,Adjusted for non-response,Yes (response rate: approximately 95%).
,642,2015,,Deviations from ISIC,Data presented in ISIC (Revision 4) were originally classified according to NACE (Revision 2).
,642,2015,,Method of data collection,Mail questionnaires; electronic questionnaires.
,642,2015,,Related national publications,"Results and performances of enterprises in industry and construction, published by the National Institute for Statistics, Bucharest."
,642,2015,,Type of enumeration,Sample survey.
,642,2015,,Concepts and definitions,"For some industries, the number of employees may be less than the number of enterprises owing to the reason that the workforce in those industries consists of personnel such as working proprietors, unpaid family workers, etc. that are not included in the count of employees."
,642,2015,,Concepts and definitions,Output refers to turnover.
,642,2015,,Footnote,Reported data refer to national Supply-Use tables.
,642,2015,,Concepts and definitions,Number of enterprises refers to local units.
,642,2015,,Concepts and definitions,Wages and salaries excludes housing and family allowances paid directly by the employer and payments in kind.
,642,2016,,Table Note,Number of enterprises
,642,2016,,Table Note,Output at factor values
,642,2016,,Scope,All registered enterprises.
,642,2016,,Reference Period,Calendar year.
,642,2016,,Data Supplier,"National Institute of Statistics, Bucharest."
,642,2016,,Adjusted for non-response,Yes (response rate: approximately 95%).
,642,2016,,Source,Annual survey; administrative source.
,642,2016,,Concepts and definitions,"For some industries, the number of employees may be less than the number of enterprises owing to the reason that the workforce in those industries consists of personnel such as working proprietors, unpaid family workers, etc. that are not included in the count of employees."
,642,2016,,Method of data collection,Mail questionnaires; electronic questionnaires.
,642,2016,,Related national publications,"Results and performances of enterprises in industry and construction, published by the National Institute for Statistics, Bucharest."
,642,2016,,Type of enumeration,Sample survey.
,642,2016,,Deviations from ISIC,Data presented in ISIC (Revision 4) were originally classified according to NACE (Revision 2).
,642,2016,,Concepts and definitions,Output refers to turnover.
,642,2016,,Footnote,Reported data refer to national Supply-Use tables.
,642,2016,,Concepts and definitions,Number of enterprises refers to local units.
,642,2016,,Concepts and definitions,Wages and salaries excludes housing and family allowances paid directly by the employer and payments in kind.
,642,2017,,Table Note,Number of enterprises
,642,2017,,Table Note,Output at factor values
,642,2017,,Adjusted for non-response,Yes (response rate: approximately 95%).
,642,2017,,Scope,All registered enterprises.
,642,2017,,Source,Annual survey; administrative source.
,642,2017,,Reference Period,Calendar year.
,642,2017,,Data Supplier,"National Institute of Statistics, Bucharest."
,642,2017,,Deviations from ISIC,Data presented in ISIC (Revision 4) were originally classified according to NACE (Revision 2).
,642,2017,,Related national publications,"Results and performances of enterprises in industry and construction, published by the National Institute for Statistics, Bucharest."
,642,2017,,Method of data collection,Mail questionnaires; electronic questionnaires.
,642,2017,,Type of enumeration,Sample survey.
,642,2017,,Concepts and definitions,"For some industries, the number of employees may be less than the number of enterprises owing to the reason that the workforce in those industries consists of personnel such as working proprietors, unpaid family workers, etc. that are not included in the count of employees."
,642,2017,,Concepts and definitions,Output refers to turnover.
,642,2017,,Footnote,Reported data refer to national Supply-Use tables.
,642,2017,,Concepts and definitions,Number of enterprises refers to local units.
,642,2017,,Concepts and definitions,Wages and salaries excludes housing and family allowances paid directly by the employer and payments in kind.
,642,2018,,Table Note,Number of enterprises
,642,2018,,Table Note,Output at factor values
,642,2018,,Scope,All registered enterprises.
,642,2018,,Source,Annual survey; administrative source.
,642,2018,,Data Supplier,"National Institute of Statistics, Bucharest."
,642,2018,,Reference Period,Calendar year.
,642,2018,,Adjusted for non-response,Yes (response rate: approximately 97%).
,642,2018,,Concepts and definitions,"For some industries, the number of employees may be less than the number of enterprises owing to the reason that the workforce in those industries consists of personnel such as working proprietors, unpaid family workers, etc. that are not included in the count of employees."
,642,2018,,Method of data collection,Mail questionnaires; electronic questionnaires.
,642,2018,,Deviations from ISIC,Data presented in ISIC (Revision 4) were originally classified according to NACE (Revision 2).
,642,2018,,Related national publications,"Results and performances of enterprises in industry and construction, published by the National Institute for Statistics, Bucharest."
,642,2018,,Type of enumeration,Sample survey.
,642,2018,,Concepts and definitions,Output refers to turnover.
,642,2018,,Footnote,Reported data refer to national Supply-Use tables.
,642,2018,,Concepts and definitions,Number of enterprises refers to local units.
,642,2018,,Concepts and definitions,Wages and salaries excludes housing and family allowances paid directly by the employer and payments in kind.
,642,2019,,Table Note,Number of enterprises
,642,2019,,Table Note,Output at factor values
,642,2019,,Source,Annual survey; administrative source.
,642,2019,,Concepts and definitions,"For some industries, the number of employees may be less than the number of enterprises owing to the reason that the workforce in those industries consists of personnel such as working proprietors, unpaid family workers, etc. that are not included in the count of employees."
,642,2019,,Scope,All registered enterprises.
,642,2019,,Reference Period,Calendar year.
,642,2019,,Data Supplier,"National Institute of Statistics, Bucharest."
,642,2019,,Adjusted for non-response,Yes (response rate: approximately 91%).
,642,2019,,Deviations from ISIC,Data presented in ISIC (Revision 4) were originally classified according to NACE (Revision 2).
,642,2019,,Method of data collection,Mail questionnaires; electronic questionnaires.
,642,2019,,Related national publications,"Results and performances of enterprises in industry and construction, published by the National Institute for Statistics, Bucharest."
,642,2019,,Type of enumeration,Sample survey.
,642,2019,,Concepts and definitions,Output refers to turnover.
,642,2019,,Footnote,Reported data refer to national Supply-Use tables.
,642,2019,,Concepts and definitions,Number of enterprises refers to local units.
,642,2019,,Concepts and definitions,Wages and salaries excludes housing and family allowances paid directly by the employer and payments in kind.
,642,2020,,Table Note,Number of enterprises
,642,2020,,Table Note,Output at factor values
,642,2020,,Scope,All registered enterprises.
,642,2020,,Reference Period,Calendar year.
,642,2020,,Data Supplier,"National Institute of Statistics, Bucharest."
,642,2020,,Source,Annual survey; administrative source.
,642,2020,,Adjusted for non-response,Yes (response rate: approximately 94%).
,642,2020,,Method of data collection,Mail questionnaires; electronic questionnaires.
,642,2020,,Related national publications,"Results and performances of enterprises in industry and construction, published by the National Institute for Statistics, Bucharest."
,642,2020,,Type of enumeration,Sample survey.
,642,2020,,Deviations from ISIC,Data presented in ISIC (Revision 4) were originally classified according to NACE (Revision 2).
,642,2020,,Concepts and definitions,"For some industries, the number of employees may be less than the number of enterprises owing to the reason that the workforce in those industries consists of personnel such as working proprietors, unpaid family workers, etc. that are not included in the count of employees."
,642,2020,,Concepts and definitions,Output refers to turnover.
,642,2020,,Footnote,Reported data refer to national Supply-Use tables.
,642,2020,,Concepts and definitions,Number of enterprises refers to local units.
,642,2020,,Concepts and definitions,Wages and salaries excludes housing and family allowances paid directly by the employer and payments in kind.
20,642,2006,,Table Note,Value added at factor values
20,642,2007,,Table Note,Value added at factor values
20,642,2008,,Table Note,Value added at factor values
20,642,2009,,Table Note,Value added at factor values
20,642,2010,,Table Note,Value added at factor values
20,642,2011,,Table Note,Value added at factor values
20,642,2012,,Table Note,Value added at factor values
20,642,2013,,Table Note,Value added at factor values
20,642,2014,,Table Note,Value added at factor values
20,642,2015,,Table Note,Value added at factor values
20,642,2016,,Table Note,Value added at factor values
20,642,2017,,Table Note,Value added at factor values
20,642,2018,,Table Note,Value added at factor values
20,642,2019,,Table Note,Value added at factor values
20,642,2020,,Table Note,Value added at factor values
,643,,,Reference Period,Calendar year.
,643,,,Data Supplier,"Federal State Statistics Service (Rosstat), Moscow."
,643,,,Type of enumeration,Complete enumeration for large and medium enterprises; sample survey for small enterprises.
,643,,,Deviations from ISIC,None reported.
,643,,,Related national publications,None reported.
,643,,,Method of data collection,Data collected through Federal Statistical Observation.
,643,,,Scope,All registered enterprises.
,643,,,Adjusted for non-response,Not reported.
,643,,,Source,Survey on registered enterprises; administrative sources.
,643,,,Concepts and definitions,Wages and salaries was computed by UNIDO from reported monthly average of wages and salaries per employee.
,643,2014,,Table Note,Output at producers' prices
,643,2015,,Table Note,Output at producers' prices
,643,2016,,Table Note,Output at producers' prices
,643,2017,,Table Note,Number of enterprises
,643,2017,,Table Note,Output at producers' prices
,643,2018,,Table Note,Number of enterprises
,643,2018,,Table Note,Output at producers' prices
,643,2019,,Table Note,Number of enterprises
,643,2019,,Table Note,Output at producers' prices
,643,2020,,Table Note,Number of enterprises
,643,2020,,Table Note,Output at producers' prices
20,643,2014,,Table Note,Value added at producers' prices
20,643,2015,,Table Note,Value added at producers' prices
20,643,2016,,Table Note,Value added at producers' prices
20,643,2017,,Table Note,Value added at producers' prices
20,643,2018,,Table Note,Value added at producers' prices
20,643,2019,,Table Note,Value added at producers' prices
20,643,2020,,Table Note,Value added at producers' prices
,646,,2030,Footnote,Compiled residual value to ISIC 20.
,646,2014,,Table Note,Output at basic prices
,646,2014,,Scope,All establishments.
,646,2014,,Data Supplier,"National Institute of Statistics Rwanda (NISR), Kigali."
,646,2014,,Adjusted for non-response,Not reported.
,646,2014,,Type of enumeration,Combination of survey and administrative data.
,646,2014,,Method of data collection,Not reported.
,646,2014,,Deviations from ISIC,None reported.
,646,2014,,Related national publications,"Statistical reports: GDP National Accounts and Establishment Census, published by the National Institute of Statistics Rwanda, Kigali."
,646,2014,,Reference Period,Calendar year.
,646,2014,,Source,Survey (census every three years); administrative source.
,646,2015,,Table Note,Output at basic prices
,646,2015,,Scope,All establishments.
,646,2015,,Reference Period,Calendar year.
,646,2015,,Data Supplier,"National Institute of Statistics Rwanda (NISR), Kigali."
,646,2015,,Source,Survey (census every three years); administrative source.
,646,2015,,Deviations from ISIC,None reported.
,646,2015,,Related national publications,"Statistical reports: GDP National Accounts and Establishment Census, published by the National Institute of Statistics Rwanda, Kigali."
,646,2015,,Type of enumeration,Combination of survey and administrative data.
,646,2015,,Method of data collection,Direct interview in the field and administrative source.
,646,2015,,Adjusted for non-response,Yes (response rate: approximately 96%).
,646,2016,,Table Note,Output at basic prices
,646,2016,,Reference Period,Calendar year.
,646,2016,,Source,Survey (census every three years); administrative source.
,646,2016,,Method of data collection,Direct interview in the field and administrative source.
,646,2016,,Type of enumeration,Combination of survey and administrative data.
,646,2016,,Deviations from ISIC,None reported.
,646,2016,,Related national publications,"Statistical reports: GDP National Accounts and Establishment Census, published by the National Institute of Statistics Rwanda, Kigali."
,646,2016,,Adjusted for non-response,Yes (response rate: approximately 96%).
,646,2016,,Scope,All establishments.
,646,2016,,Data Supplier,"National Institute of Statistics Rwanda (NISR), Kigali."
,646,2016,,Concepts and definitions,Output refers to gross output.
,646,2016,3100,Footnote,"3100 includes 25, 26, 27, 28, 29, 30, 32 and 33."
,646,2016,2029,Footnote,2029 includes parts of 21 and 22.
,646,2017,,Table Note,Output at basic prices
,646,2017,,Type of enumeration,Combination of survey and administrative data.
,646,2017,,Method of data collection,Direct interview in the field and administrative source.
,646,2017,,Deviations from ISIC,None reported.
,646,2017,,Related national publications,"Statistical reports: GDP National Accounts and Establishment Census, published by the National Institute of Statistics Rwanda, Kigali."
,646,2017,,Scope,All establishments.
,646,2017,,Data Supplier,"National Institute of Statistics Rwanda (NISR), Kigali."
,646,2017,,Reference Period,Calendar year.
,646,2017,,Source,Survey (census every three years); administrative source.
,646,2017,,Adjusted for non-response,Yes (response rate: approximately 96%).
,646,2017,,Concepts and definitions,Output refers to gross output.
,646,2017,3100,Footnote,"3100 includes 25, 26, 27, 28, 29, 30, 32 and 33."
,646,2017,2029,Footnote,2029 includes parts of 21 and 22.
,646,2018,,Table Note,Output at basic prices
,646,2018,,Deviations from ISIC,None reported.
,646,2018,,Related national publications,"Statistical reports: GDP National Accounts and Establishment Census, published by the National Institute of Statistics Rwanda, Kigali."
,646,2018,,Type of enumeration,Combination of survey and administrative data.
,646,2018,,Method of data collection,Direct interview in the field and administrative source.
,646,2018,,Reference Period,Calendar year.
,646,2018,,Source,Survey (census every three years); administrative source.
,646,2018,,Scope,All establishments.
,646,2018,,Data Supplier,"National Institute of Statistics Rwanda (NISR), Kigali."
,646,2018,,Adjusted for non-response,Yes (response rate: approximately 96%).
,646,2018,,Concepts and definitions,Output refers to gross output.
,646,2018,3100,Footnote,"3100 includes 25, 26, 27, 28, 29, 30, 32 and 33."
,646,2018,2029,Footnote,2029 includes parts of 21 and 22.
,646,2019,,Table Note,Output at basic prices
,646,2019,,Deviations from ISIC,None reported.
,646,2019,,Related national publications,"Statistical reports: GDP National Accounts and Establishment Census, published by the National Institute of Statistics Rwanda, Kigali."
,646,2019,,Type of enumeration,Combination of survey and administrative data.
,646,2019,,Method of data collection,Direct interview in the field and administrative source.
,646,2019,,Scope,All establishments.
,646,2019,,Reference Period,Calendar year.
,646,2019,,Data Supplier,"National Institute of Statistics Rwanda (NISR), Kigali."
,646,2019,,Source,Survey (census every three years); administrative source.
,646,2019,,Adjusted for non-response,Yes (response rate: approximately 96%).
,646,2019,,Concepts and definitions,Output refers to gross output.
,646,2019,3100,Footnote,"3100 includes 25, 26, 27, 28, 29, 30, 32 and 33."
,646,2019,2029,Footnote,2029 includes parts of 21 and 22.
,646,2020,,Table Note,Output at basic prices
,646,2020,,Method of data collection,Direct interview in the field and administrative source.
,646,2020,,Type of enumeration,Combination of survey and administrative data.
,646,2020,,Deviations from ISIC,None reported.
,646,2020,,Source,Survey (census every three years); administrative source.
,646,2020,,Scope,All establishments.
,646,2020,,Reference Period,Calendar year.
,646,2020,,Data Supplier,"National Institute of Statistics Rwanda (NISR), Kigali."
,646,2020,,Adjusted for non-response,Yes (response rate: approximately 96%).
,646,2020,,Concepts and definitions,Output refers to gross output.
,646,2020,,Related national publications,"Statistical reports: GDP National Accounts and Establishment Census, published by the National Institute of Statistics Rwanda, Kigali."
,646,2020,3100,Footnote,"3100 includes 25, 26, 27, 28, 29, 30, 32 and 33."
,646,2020,2029,Footnote,2029 includes parts of 21 and 22.
20,646,,2030,Footnote,Compiled residual value to ISIC 20.
20,646,2014,,Table Note,Value added at basic prices
20,646,2015,,Table Note,Value added at basic prices
20,646,2016,,Table Note,Value added at basic prices
20,646,2016,,Concepts and definitions,Value added refers to total value added.
20,646,2016,3100,Footnote,"3100 includes 25, 26, 27, 28, 29, 30, 32 and 33."
20,646,2016,2029,Footnote,2029 includes parts of 21 and 22.
20,646,2017,,Table Note,Value added at basic prices
20,646,2017,,Concepts and definitions,Value added refers to total value added.
20,646,2017,3100,Footnote,"3100 includes 25, 26, 27, 28, 29, 30, 32 and 33."
20,646,2017,2029,Footnote,2029 includes parts of 21 and 22.
20,646,2018,,Table Note,Value added at basic prices
20,646,2018,,Concepts and definitions,Value added refers to total value added.
20,646,2018,3100,Footnote,"3100 includes 25, 26, 27, 28, 29, 30, 32 and 33."
20,646,2018,2029,Footnote,2029 includes parts of 21 and 22.
20,646,2019,,Table Note,Value added at basic prices
20,646,2019,,Concepts and definitions,Value added refers to total value added.
20,646,2019,3100,Footnote,"3100 includes 25, 26, 27, 28, 29, 30, 32 and 33."
20,646,2019,2029,Footnote,2029 includes parts of 21 and 22.
20,646,2020,,Table Note,Value added at basic prices
20,646,2020,,Concepts and definitions,Value added refers to total value added.
20,646,2020,3100,Footnote,"3100 includes 25, 26, 27, 28, 29, 30, 32 and 33."
20,646,2020,2029,Footnote,2029 includes parts of 21 and 22.
,682,2010,,Table Note,Output at producers' prices
,682,2010,,Related national publications,"Annual Economic Establishments Survey, published by the General Authority for Statistics, Riyadh."
,682,2010,,Deviations from ISIC,None reported.
,682,2010,,Method of data collection,Direct interview in the field and online survey.
,682,2010,,Type of enumeration,Sample survey.
,682,2010,,Footnote,"For some industries, the number of employees may be less than the number of enterprises owing to the reason that the workforce in those industries consists of: a) working proprietors and, b) unpaid family workers that are not included in the count of employees."
,682,2010,,Reference Period,Calendar year.
,682,2010,,Adjusted for non-response,Yes. (Response rate: approximately 95%)
,682,2010,,Scope,All privately owned establishments.
,682,2010,,Source,Annual survey.
,682,2010,,Data Supplier,"General Authority for Statistics, Riyadh."
,682,2010,,Concepts and definitions,"Wages and salaries includes employers' contributions (in respect of their employees) paid to social security, pension and insurance schemes as well as the benefits received by employees under these schemes and severance and termination pay and excludes housing and family allowances paid directly by the employer."
,682,2010,,Footnote,A zero (0) indicates that a value is either nil or negligible.
,682,2011,,Table Note,Output at producers' prices
,682,2011,,Method of data collection,Direct interview in the field and online survey.
,682,2011,,Deviations from ISIC,None reported.
,682,2011,,Type of enumeration,Sample survey.
,682,2011,,Related national publications,"Annual Economic Establishments Survey, published by the General Authority for Statistics, Riyadh."
,682,2011,,Scope,All privately owned establishments.
,682,2011,,Source,Annual survey.
,682,2011,,Reference Period,Calendar year.
,682,2011,,Data Supplier,"General Authority for Statistics, Riyadh."
,682,2011,,Adjusted for non-response,Yes (response rate: approximately 88%).
,682,2011,,Footnote,"For some industries, the number of employees may be less than the number of enterprises owing to the reason that the workforce in those industries consists of: a) working proprietors and, b) unpaid family workers that are not included in the count of employees."
,682,2011,,Footnote,A zero (0) indicates that a value is either nil or negligible.
,682,2011,,Concepts and definitions,"Wages and salaries includes employers' contributions (in respect of their employees) paid to social security, pension and insurance schemes as well as the benefits received by employees under these schemes and severance and termination pay and excludes housing and family allowances paid directly by the employer."
,682,2012,,Table Note,Output at producers' prices
,682,2012,,Related national publications,"Annual Economic Establishments Survey, published by the General Authority for Statistics, Riyadh."
,682,2012,,Method of data collection,Direct interview in the field and online survey.
,682,2012,,Deviations from ISIC,None reported.
,682,2012,,Type of enumeration,Sample survey.
,682,2012,,Footnote,"For some industries, the number of employees may be less than the number of enterprises owing to the reason that the workforce in those industries consists of: a) working proprietors and, b) unpaid family workers that are not included in the count of employees."
,682,2012,,Scope,All privately owned establishments.
,682,2012,,Reference Period,Calendar year.
,682,2012,,Data Supplier,"General Authority for Statistics, Riyadh."
,682,2012,,Adjusted for non-response,Yes (response rate: approximately 88%).
,682,2012,,Source,Annual survey.
,682,2012,,Concepts and definitions,"Wages and salaries includes employers' contributions (in respect of their employees) paid to social security, pension and insurance schemes as well as the benefits received by employees under these schemes and severance and termination pay and excludes housing and family allowances paid directly by the employer."
,682,2012,,Footnote,A zero (0) indicates that a value is either nil or negligible.
,682,2013,,Table Note,Output at producers' prices
,682,2013,,Method of data collection,Direct interview in the field and online survey.
,682,2013,,Type of enumeration,Sample survey.
,682,2013,,Scope,All privately owned establishments.
,682,2013,,Source,Annual survey.
,682,2013,,Data Supplier,"General Authority for Statistics, Riyadh."
,682,2013,,Adjusted for non-response,Yes (response rate: approximately 88%).
,682,2013,,Reference Period,Calendar year.
,682,2013,,Footnote,"For some industries, the number of employees may be less than the number of enterprises owing to the reason that the workforce in those industries consists of: a) working proprietors and, b) unpaid family workers that are not included in the count of employees."
,682,2013,,Related national publications,"Annual Economic Establishments Survey, published by the General Authority for Statistics, Riyadh."
,682,2013,,Deviations from ISIC,None reported.
,682,2013,,Concepts and definitions,"Wages and salaries includes employers' contributions (in respect of their employees) paid to social security, pension and insurance schemes as well as the benefits received by employees under these schemes and severance and termination pay and excludes housing and family allowances paid directly by the employer."
,682,2013,,Footnote,A zero (0) indicates that a value is either nil or negligible.
,682,2014,,Table Note,Output at producers' prices
,682,2014,,Related national publications,"Annual Economic Establishments Survey, published by the General Authority for Statistics, Riyadh."
,682,2014,,Deviations from ISIC,None reported.
,682,2014,,Reference Period,Calendar year.
,682,2014,,Scope,All privately owned establishments.
,682,2014,,Source,Annual survey.
,682,2014,,Data Supplier,"General Authority for Statistics, Riyadh."
,682,2014,,Adjusted for non-response,Yes (response rate: approximately 88%).
,682,2014,,Method of data collection,Direct interview in the field and online survey.
,682,2014,,Type of enumeration,Sample survey.
,682,2014,,Footnote,"For some industries, the number of employees may be less than the number of enterprises owing to the reason that the workforce in those industries consists of: a) working proprietors and, b) unpaid family workers that are not included in the count of employees."
,682,2014,,Footnote,A zero (0) indicates that a value is either nil or negligible.
,682,2014,,Concepts and definitions,"Wages and salaries includes employers' contributions (in respect of their employees) paid to social security, pension and insurance schemes as well as the benefits received by employees under these schemes and severance and termination pay and excludes housing and family allowances paid directly by the employer."
,682,2015,,Table Note,Output at producers' prices
,682,2015,,Method of data collection,Direct interview in the field and online survey.
,682,2015,,Deviations from ISIC,None reported.
,682,2015,,Type of enumeration,Sample survey.
,682,2015,,Scope,All privately owned establishments.
,682,2015,,Source,Annual survey.
,682,2015,,Reference Period,Calendar year.
,682,2015,,Data Supplier,"General Authority for Statistics, Riyadh."
,682,2015,,Adjusted for non-response,Yes (response rate: approximately 88%).
,682,2015,,Footnote,"For some industries, the number of employees may be less than the number of enterprises owing to the reason that the workforce in those industries consists of: a) working proprietors and, b) unpaid family workers that are not included in the count of employees."
,682,2015,,Related national publications,"Annual Economic Establishments Survey, published by the General Authority for Statistics, Riyadh."
,682,2015,,Footnote,A zero (0) indicates that a value is either nil or negligible.
,682,2015,,Concepts and definitions,"Wages and salaries includes employers' contributions (in respect of their employees) paid to social security, pension and insurance schemes as well as the benefits received by employees under these schemes and severance and termination pay and excludes housing and family allowances paid directly by the employer."
,682,2016,,Table Note,Output at producers' prices
,682,2016,,Scope,All establishments.
,682,2016,,Source,Annual survey.
,682,2016,,Adjusted for non-response,Yes (response rate: approximately 74%).
,682,2016,,Related national publications,"Annual Economic Establishments Survey, published by the General Authority for Statistics, Riyadh."
,682,2016,,Method of data collection,Direct interview in the field and online survey.
,682,2016,,Deviations from ISIC,None reported.
,682,2016,,Type of enumeration,Sample survey.
,682,2016,,Footnote,"For some industries, the number of employees may be less than the number of enterprises owing to the reason that the workforce in those industries consists of: a) working proprietors and, b) unpaid family workers that are not included in the count of employees."
,682,2016,,Footnote,A zero (0) indicates that a value is either nil or negligible.
,682,2016,,Reference Period,Calendar year.
,682,2016,,Data Supplier,"General Authority for Statistics, Riyadh."
,682,2016,,Concepts and definitions,"Wages and salaries includes employers' contributions (in respect of their employees) paid to social security, pension and insurance schemes as well as the benefits received by employees under these schemes and severance and termination pay."
,682,2016,,Concepts and definitions,Output includes revenue from non-industrial activities.
,682,2017,,Table Note,Output at producers' prices
,682,2017,,Related national publications,"Annual Industrial Survey and Annual Economic Establishments Survey, both published by the General Authority for Statistics, Riyadh."
,682,2017,,Method of data collection,Direct interview in the field.
,682,2017,,Deviations from ISIC,None reported.
,682,2017,,Type of enumeration,Sample survey.
,682,2017,,Scope,All establishments.
,682,2017,,Source,Annual industrial survey.
,682,2017,,Reference Period,Calendar year.
,682,2017,,Adjusted for non-response,Yes (response rate: approximately 81%).
,682,2017,,Footnote,"For some industries, the number of employees may be less than the number of enterprises owing to the reason that the workforce in those industries consists of: a) working proprietors and, b) unpaid family workers that are not included in the count of employees."
,682,2017,,Footnote,A zero (0) indicates that a value is either nil or negligible.
,682,2017,,Data Supplier,"General Authority for Statistics, Riyadh."
,682,2017,,Concepts and definitions,"Wages and salaries includes employers' contributions (in respect of their employees) paid to social security, pension and insurance schemes as well as the benefits received by employees under these schemes and severance and termination pay."
,682,2017,,Concepts and definitions,Output includes revenue from non-industrial activities.
,682,2018,,Table Note,Output at producers' prices
,682,2018,,Type of enumeration,Sample survey.
,682,2018,,Source,Annual industrial survey.
,682,2018,,Data Supplier,"General Authority for Statistics, Riyadh."
,682,2018,,Footnote,"For some industries, the number of employees may be less than the number of enterprises owing to the reason that the workforce in those industries consists of: a) working proprietors and, b) unpaid family workers that are not included in the count of employees."
,682,2018,,Related national publications,"Annual Industrial Survey and Annual Economic Establishments Survey, both published by the General Authority for Statistics, Riyadh."
,682,2018,,Method of data collection,Direct interview in the field.
,682,2018,,Deviations from ISIC,None reported.
,682,2018,,Footnote,A zero (0) indicates that a value is either nil or negligible.
,682,2018,,Scope,All establishments.
,682,2018,,Reference Period,Calendar year.
,682,2018,,Adjusted for non-response,Yes (response rate: approximately 70%).
,682,2018,,Concepts and definitions,"Wages and salaries includes employers' contributions (in respect of their employees) paid to social security, pension and insurance schemes as well as the benefits received by employees under these schemes and severance and termination pay."
,682,2018,,Concepts and definitions,Output includes revenue from non-industrial activities.
20,682,2010,,Table Note,Value added at producers' prices
20,682,2011,,Table Note,Value added at producers' prices
20,682,2012,,Table Note,Value added at producers' prices
20,682,2013,,Table Note,Value added at producers' prices
20,682,2014,,Table Note,Value added at producers' prices
20,682,2015,,Table Note,Value added at producers' prices
20,682,2016,,Table Note,Value added at producers' prices
20,682,2017,,Table Note,Value added at producers' prices
20,682,2018,,Table Note,Value added at producers' prices
,686,2008,,Table Note,Output at producers' prices
,686,2008,,Reference Period,Calendar year.
,686,2008,,Concepts and definitions,No deviations from the standard UN concepts and definitions are reported.
,686,2008,,Deviations from ISIC,None reported.
,686,2008,,Related national publications,"Banque de Donn?es Economiques et Financi?res (BDEF), published by Agence Nationale de la Statistique et de la D?mographie (ANSD), Dakar."
,686,2008,,Method of data collection,Mail questionnaires.
,686,2008,,Type of enumeration,Sample survey.
,686,2008,,Data Supplier,"Agence Nationale de la Statistique et de la D?mographie, Dakar."
,686,2008,,Scope,All establishments.
,686,2008,,Source,Annual survey; administrative source.
,686,2009,,Table Note,Output at producers' prices
,686,2009,,Data Supplier,"Agence Nationale de la Statistique et de la D?mographie, Dakar."
,686,2009,,Scope,All establishments.
,686,2009,,Source,Annual survey; administrative source.
,686,2009,,Concepts and definitions,No deviations from the standard UN concepts and definitions are reported.
,686,2009,,Related national publications,"Banque de Donn?es Economiques et Financi?res (BDEF), published by Agence Nationale de la Statistique et de la D?mographie (ANSD), Dakar."
,686,2009,,Method of data collection,Mail questionnaires.
,686,2009,,Deviations from ISIC,None reported.
,686,2009,,Type of enumeration,Sample survey.
,686,2009,,Reference Period,Calendar year.
,686,2010,,Table Note,Output at producers' prices
,686,2010,,Reference Period,Calendar year.
,686,2010,,Related national publications,"Banque de Donn?es Economiques et Financi?res (BDEF), published by Agence Nationale de la Statistique et de la D?mographie (ANSD), Dakar."
,686,2010,,Method of data collection,Mail questionnaires.
,686,2010,,Type of enumeration,Sample survey.
,686,2010,,Deviations from ISIC,None reported.
,686,2010,,Data Supplier,"Agence Nationale de la Statistique et de la D?mographie, Dakar."
,686,2010,,Scope,All establishments.
,686,2010,,Source,Annual survey; administrative source.
,686,2010,,Concepts and definitions,No deviations from the standard UN concepts and definitions are reported.
,686,2011,,Table Note,Output at producers' prices
,686,2011,,Scope,All establishments.
,686,2011,,Source,Annual survey; administrative source.
,686,2011,,Reference Period,Calendar year.
,686,2011,,Concepts and definitions,No deviations from the standard UN concepts and definitions are reported.
,686,2011,,Deviations from ISIC,None reported.
,686,2011,,Related national publications,"Banque de Donn?es Economiques et Financi?res (BDEF), published by Agence Nationale de la Statistique et de la D?mographie (ANSD), Dakar."
,686,2011,,Method of data collection,Mail questionnaires.
,686,2011,,Type of enumeration,Sample survey.
,686,2011,,Data Supplier,"Agence Nationale de la Statistique et de la D?mographie, Dakar."
,686,2012,,Table Note,Output at producers' prices
,686,2012,,Related national publications,"Banque de Donn?es Economiques et Financi?res (BDEF), published by Agence Nationale de la Statistique et de la D?mographie (ANSD), Dakar."
,686,2012,,Method of data collection,Mail questionnaires.
,686,2012,,Type of enumeration,Sample survey.
,686,2012,,Deviations from ISIC,None reported.
,686,2012,,Data Supplier,"Agence Nationale de la Statistique et de la D?mographie, Dakar."
,686,2012,,Scope,All establishments.
,686,2012,,Source,Annual survey; administrative source.
,686,2012,,Reference Period,Calendar year.
,686,2012,,Concepts and definitions,No deviations from the standard UN concepts and definitions are reported.
,686,2013,,Table Note,Number of enterprises
,686,2013,,Table Note,Output at producers' prices
,686,2013,,Related national publications,"Banque de Donn?es Economiques et Financi?res (BDEF), published by Agence Nationale de la Statistique et de la D?mographie (ANSD), Dakar."
,686,2013,,Type of enumeration,Complete enumeration.
,686,2013,,Deviations from ISIC,Data presented in accordance with ISIC (Revision 4) were originally classified according to the national classification system.
,686,2013,,Source,Administrative source.
,686,2013,,Scope,All enterprises.
,686,2013,,Reference Period,Calendar year.
,686,2013,,Data Supplier,"Agence Nationale de la Statistique et de la D?mographie (ANSD), Dakar."
,686,2013,,Adjusted for non-response,No.
,686,2013,,Method of data collection,Information derived from administrative sources (physical and electronic collection of statistical and fiscal declarations).
,686,2013,,Concepts and definitions,"Wages and salaries includes employers' contributions (in respect of their employees) paid to social security, pension and insurance schemes as well as the benefits received by employees under these schemes and severance and termination pay; excludes housing and family allowances paid directly by the employer and payments in kind."
,686,2013,,Concepts and definitions,Output refers to gross output.
,686,2014,,Table Note,Number of enterprises
,686,2014,,Table Note,Output at producers' prices
,686,2014,,Related national publications,"Banque de Donn?es Economiques et Financi?res (BDEF), published by Agence Nationale de la Statistique et de la D?mographie (ANSD), Dakar."
,686,2014,,Type of enumeration,Complete enumeration.
,686,2014,,Deviations from ISIC,Data presented in accordance with ISIC (Revision 4) were originally classified according to the national classification system.
,686,2014,,Data Supplier,"Agence Nationale de la Statistique et de la D?mographie (ANSD), Dakar."
,686,2014,,Scope,All enterprises.
,686,2014,,Adjusted for non-response,No.
,686,2014,,Source,Administrative source.
,686,2014,,Reference Period,Calendar year.
,686,2014,,Method of data collection,Information derived from administrative sources (physical and electronic collection of statistical and fiscal declarations).
,686,2014,,Concepts and definitions,Output refers to gross output.
,686,2014,,Concepts and definitions,"Wages and salaries includes employers' contributions (in respect of their employees) paid to social security, pension and insurance schemes as well as the benefits received by employees under these schemes and severance and termination pay; excludes housing and family allowances paid directly by the employer and payments in kind."
,686,2015,,Table Note,Number of enterprises
,686,2015,,Table Note,Output at producers' prices
,686,2015,,Related national publications,"Banque de Donn?es Economiques et Financi?res (BDEF), published by Agence Nationale de la Statistique et de la D?mographie (ANSD), Dakar."
,686,2015,,Method of data collection,Information derived from administrative sources (physical and electronic collection of statistical and fiscal declarations).
,686,2015,,Source,Administrative source.
,686,2015,,Adjusted for non-response,No.
,686,2015,,Data Supplier,"Agence Nationale de la Statistique et de la D?mographie (ANSD), Dakar."
,686,2015,,Scope,All enterprises.
,686,2015,,Reference Period,Calendar year.
,686,2015,,Type of enumeration,Complete enumeration.
,686,2015,,Deviations from ISIC,Data presented in accordance with ISIC (Revision 4) were originally classified according to the national classification system.
,686,2015,,Concepts and definitions,"Wages and salaries includes employers' contributions (in respect of their employees) paid to social security, pension and insurance schemes as well as the benefits received by employees under these schemes and severance and termination pay; excludes housing and family allowances paid directly by the employer and payments in kind."
,686,2015,,Concepts and definitions,Output refers to gross output.
,686,2016,,Table Note,Number of enterprises
,686,2016,,Table Note,Output at producers' prices
,686,2016,,Deviations from ISIC,Data presented in accordance with ISIC (Revision 4) were originally classified according to the national classification system.
,686,2016,,Scope,All enterprises.
,686,2016,,Reference Period,Calendar year.
,686,2016,,Related national publications,"Banque de Donn?es Economiques et Financi?res (BDEF), published by Agence Nationale de la Statistique et de la D?mographie (ANSD), Dakar."
,686,2016,,Type of enumeration,Complete enumeration.
,686,2016,,Method of data collection,Information derived from administrative sources (physical and electronic collection of statistical and fiscal declarations).
,686,2016,,Concepts and definitions,Output refers to gross output.
,686,2016,,Concepts and definitions,"Wages and salaries includes employers' contributions (in respect of their employees) paid to social security, pension and insurance schemes as well as the benefits received by employees under these schemes and severance and termination pay; excludes housing and family allowances paid directly by the employer and payments in kind."
,686,2016,,Source,Administrative source.
,686,2016,,Data Supplier,"Agence Nationale de la Statistique et de la D?mographie (ANSD), Dakar."
,686,2016,,Adjusted for non-response,No.
,686,2017,,Table Note,Number of enterprises
,686,2017,,Table Note,Output at producers' prices
,686,2017,,Related national publications,"Banque de Donn?es Economiques et Financi?res (BDEF), published by Agence Nationale de la Statistique et de la D?mographie (ANSD), Dakar."
,686,2017,,Type of enumeration,Complete enumeration.
,686,2017,,Data Supplier,"Agence Nationale de la Statistique et de la D?mographie (ANSD), Dakar."
,686,2017,,Adjusted for non-response,No.
,686,2017,,Deviations from ISIC,Data presented in accordance with ISIC (Revision 4) were originally classified according to the national classification system.
,686,2017,,Method of data collection,Information derived from administrative sources (physical and electronic collection of statistical and fiscal declarations).
,686,2017,,Concepts and definitions,"Wages and salaries includes employers' contributions (in respect of their employees) paid to social security, pension and insurance schemes as well as the benefits received by employees under these schemes and severance and termination pay; excludes housing and family allowances paid directly by the employer and payments in kind."
,686,2017,,Concepts and definitions,Output refers to gross output.
,686,2017,,Source,Administrative source.
,686,2017,,Scope,All enterprises.
,686,2017,,Reference Period,Calendar year.
,686,2018,,Table Note,Number of enterprises
,686,2018,,Table Note,Output at producers' prices
,686,2018,,Source,Administrative source.
,686,2018,,Reference Period,Calendar year.
,686,2018,,Method of data collection,Information derived from administrative sources (physical and electronic collection of statistical and fiscal declarations).
,686,2018,,Related national publications,"Banque de Donn?es Economiques et Financi?res (BDEF), published by Agence Nationale de la Statistique et de la D?mographie (ANSD), Dakar."
,686,2018,,Type of enumeration,Complete enumeration.
,686,2018,,Deviations from ISIC,Data presented in accordance with ISIC (Revision 4) were originally classified according to the national classification system.
,686,2018,,Concepts and definitions,"Wages and salaries includes employers' contributions (in respect of their employees) paid to social security, pension and insurance schemes as well as the benefits received by employees under these schemes and severance and termination pay; excludes housing and family allowances paid directly by the employer and payments in kind."
,686,2018,,Concepts and definitions,Output refers to gross output.
,686,2018,,Data Supplier,"Agence Nationale de la Statistique et de la D?mographie (ANSD), Dakar."
,686,2018,,Scope,All enterprises.
,686,2018,,Adjusted for non-response,No.
,686,2019,,Table Note,Number of enterprises
,686,2019,,Table Note,Output at producers' prices
,686,2019,,Data Supplier,"Agence Nationale de la Statistique et de la D?mographie (ANSD), Dakar."
,686,2019,,Type of enumeration,Complete enumeration.
,686,2019,,Deviations from ISIC,Data presented in accordance with ISIC (Revision 4) were originally classified according to the national classification system.
,686,2019,,Related national publications,"Banque de Donn?es Economiques et Financi?res (BDEF), published by Agence Nationale de la Statistique et de la D?mographie (ANSD), Dakar."
,686,2019,,Method of data collection,Information derived from administrative sources (physical and electronic collection of statistical and fiscal declarations).
,686,2019,,Concepts and definitions,Output refers to gross output.
,686,2019,,Concepts and definitions,"Wages and salaries includes employers' contributions (in respect of their employees) paid to social security, pension and insurance schemes as well as the benefits received by employees under these schemes and severance and termination pay; excludes housing and family allowances paid directly by the employer and payments in kind."
,686,2019,,Scope,All enterprises.
,686,2019,,Source,Administrative source.
,686,2019,,Reference Period,Calendar year.
,686,2019,,Adjusted for non-response,No.
20,686,2008,,Table Note,Value added at producers' prices
20,686,2009,,Table Note,Value added at producers' prices
20,686,2010,,Table Note,Value added at producers' prices
20,686,2011,,Table Note,Value added at producers' prices
20,686,2012,,Table Note,Value added at producers' prices
20,686,2013,,Table Note,Value added at producers' prices
20,686,2013,,Concepts and definitions,Value added refers to total value added.
20,686,2014,,Table Note,Value added at producers' prices
20,686,2014,,Concepts and definitions,Value added refers to total value added.
20,686,2015,,Table Note,Value added at producers' prices
20,686,2015,,Concepts and definitions,Value added refers to total value added.
20,686,2016,,Table Note,Value added at producers' prices
20,686,2016,,Concepts and definitions,Value added refers to total value added.
20,686,2017,,Table Note,Value added at producers' prices
20,686,2017,,Concepts and definitions,Value added refers to total value added.
20,686,2018,,Table Note,Value added at producers' prices
20,686,2018,,Concepts and definitions,Value added refers to total value added.
20,686,2019,,Table Note,Value added at producers' prices
20,686,2019,,Concepts and definitions,Value added refers to total value added.
,688,,,Source,Annual survey; administrative source.
,688,,,Method of data collection,Data for output and value added are derived from the financial statements of the National Bank of Serbia; other data are collected by mail questionnaires.
,688,,,Related national publications,"Statistical Release: Gross domestic product of the Republic of Serbia, published by the Statistical Office of the Republic of Serbia, Belgrade."
,688,,,Scope,All manufacturing units.
,688,,,Reference Period,Calendar year.
,688,,,Data Supplier,"Statistical Office of the Republic of Serbia, Belgrade."
,688,,,Type of enumeration,Complete enumeration for large and medium manufacturing units; sample survey for those with less than 50 employees.
,688,,,Deviations from ISIC,Data presented in ISIC (Revision 4) were originally classified according to NACE (Revision 2).
,688,,,Footnote,Data were derived from the Labour force survey.
,688,,,Footnote,Output refers to gross output.
,688,,,Adjusted for non-response,Not reported.
,688,,,Footnote,Data were derived from the Labour force survey.
,688,2005,,Table Note,Output at basic prices
,688,2006,,Table Note,Output at basic prices
,688,2007,,Table Note,Output at basic prices
,688,2008,,Table Note,Output at basic prices
,688,2009,,Table Note,Output at basic prices
,688,2010,,Table Note,Output at basic prices
,688,2011,,Table Note,Output at basic prices
,688,2012,,Table Note,Output at basic prices
,688,2013,,Table Note,Output at basic prices
,688,2013,,Footnote,Wages and salaries was computed by UNIDO from reported monthly average wages and salaries per employee.
,688,2014,,Table Note,Output at basic prices
,688,2014,,Footnote,Wages and salaries was computed by UNIDO from reported monthly average wages and salaries per employee.
,688,2015,,Table Note,Output at basic prices
,688,2015,,Footnote,Wages and salaries was computed by UNIDO from reported monthly average wages and salaries per employee.
,688,2016,,Table Note,Output at basic prices
,688,2016,,Footnote,Wages and salaries was computed by UNIDO from reported monthly average wages and salaries per employee.
,688,2017,,Table Note,Output at basic prices
,688,2017,,Footnote,Wages and salaries was computed by UNIDO from reported monthly average wages and salaries per employee.
,688,2018,,Table Note,Output at basic prices
,688,2018,,Adjusted for non-response,"Since 2018, the data are obtained from the the Tax Administration records."
,688,2018,,Footnote,Wages and salaries was computed by UNIDO from reported monthly average wages and salaries per employee.
,688,2019,,Table Note,Output at basic prices
,688,2019,,Adjusted for non-response,"Since 2018, the data are obtained from the the Tax Administration records."
,688,2019,,Footnote,Wages and salaries was computed by UNIDO from reported monthly average wages and salaries per employee.
,688,2020,,Table Note,Output at basic prices
,688,2020,,Adjusted for non-response,"Since 2018, the data are obtained from the the Tax Administration records."
,688,2020,,Footnote,Wages and salaries was computed by UNIDO from reported monthly average wages and salaries per employee.
20,688,,,Footnote,Value added refers to total value added.
20,688,2005,,Table Note,Value added at basic prices
20,688,2006,,Table Note,Value added at basic prices
20,688,2007,,Table Note,Value added at basic prices
20,688,2008,,Table Note,Value added at basic prices
20,688,2009,,Table Note,Value added at basic prices
20,688,2010,,Table Note,Value added at basic prices
20,688,2011,,Table Note,Value added at basic prices
20,688,2012,,Table Note,Value added at basic prices
20,688,2013,,Table Note,Value added at basic prices
20,688,2014,,Table Note,Value added at basic prices
20,688,2015,,Table Note,Value added at basic prices
20,688,2016,,Table Note,Value added at basic prices
20,688,2017,,Table Note,Value added at basic prices
20,688,2018,,Table Note,Value added at basic prices
20,688,2019,,Table Note,Value added at basic prices
20,688,2020,,Table Note,Value added at basic prices
,702,,,Type of enumeration,Sample survey.
,702,,,Method of data collection,The census was based on information obtained through mail questionnaires and online surveys.
,702,,,Footnote,Output refers to gross output.
,702,,,Deviations from ISIC,Data presented in ISIC (Revision 4) were originally classified according to the Singapore Standard Industrial Classification System (SSIC).
,702,,,Scope,All establishments.
,702,,,Source,Annual census of manufacturing activities.
,702,,,Reference Period,Calendar year.
,702,,,Concepts and definitions,"Number of persons engaged refers to all workers in the industrial activity of the establishment, that is, all employees, the self-employed and their relatives. Data generally refer to employment as at 30 June of the reference period, except where establishments commence operation after June."
,702,,,Data Supplier,"Research and Statistics Unit, Economic Development Board, Singapore."
,702,,,Adjusted for non-response,Yes.
,702,,,Concepts and definitions,Wages and salaries is compensation of employees.
,702,2005,,Table Note,Number of persons engaged
,702,2005,,Table Note,Output at basic prices
,702,2005,,Related national publications,"Report on the Census of Manufacturing Activities, published by the Economic Development Board, Singapore."
,702,2005,281,Footnote,281 and 282 include both manufacturing and repair activities.
,702,2005,281,Footnote,281 and 282 include both manufacturing and repair activities.
,702,2005,281,Footnote,281 and 282 include both manufacturing and repair activities.
,702,2005,281,Footnote,281 and 282 include both manufacturing and repair activities.
,702,2005,281,Footnote,281 and 282 include both manufacturing and repair activities.
,702,2005,282,Footnote,281 and 282 include both manufacturing and repair activities.
,702,2005,282,Footnote,281 and 282 include both manufacturing and repair activities.
,702,2005,282,Footnote,281 and 282 include both manufacturing and repair activities.
,702,2005,282,Footnote,281 and 282 include both manufacturing and repair activities.
,702,2005,282,Footnote,281 and 282 include both manufacturing and repair activities.
,702,2006,,Table Note,Number of persons engaged
,702,2006,,Table Note,Output at basic prices
,702,2006,,Related national publications,"Report on the Census of Manufacturing Activities, published by the Economic Development Board, Singapore."
,702,2006,281,Footnote,281 and 282 include both manufacturing and repair activities.
,702,2006,281,Footnote,281 and 282 include both manufacturing and repair activities.
,702,2006,281,Footnote,281 and 282 include both manufacturing and repair activities.
,702,2006,281,Footnote,281 and 282 include both manufacturing and repair activities.
,702,2006,281,Footnote,281 and 282 include both manufacturing and repair activities.
,702,2006,282,Footnote,281 and 282 include both manufacturing and repair activities.
,702,2006,282,Footnote,281 and 282 include both manufacturing and repair activities.
,702,2006,282,Footnote,281 and 282 include both manufacturing and repair activities.
,702,2006,282,Footnote,281 and 282 include both manufacturing and repair activities.
,702,2006,282,Footnote,281 and 282 include both manufacturing and repair activities.
,702,2007,,Table Note,Number of persons engaged
,702,2007,,Table Note,Output at basic prices
,702,2007,,Related national publications,"Report on the Census of Manufacturing Activities, published by the Economic Development Board, Singapore."
,702,2007,281,Footnote,281 and 282 include both manufacturing and repair activities.
,702,2007,281,Footnote,281 and 282 include both manufacturing and repair activities.
,702,2007,281,Footnote,281 and 282 include both manufacturing and repair activities.
,702,2007,281,Footnote,281 and 282 include both manufacturing and repair activities.
,702,2007,281,Footnote,281 and 282 include both manufacturing and repair activities.
,702,2007,282,Footnote,281 and 282 include both manufacturing and repair activities.
,702,2007,282,Footnote,281 and 282 include both manufacturing and repair activities.
,702,2007,282,Footnote,281 and 282 include both manufacturing and repair activities.
,702,2007,282,Footnote,281 and 282 include both manufacturing and repair activities.
,702,2007,282,Footnote,281 and 282 include both manufacturing and repair activities.
,702,2008,,Table Note,Number of persons engaged
,702,2008,,Table Note,Output at basic prices
,702,2008,,Related national publications,"Report on the Census of Manufacturing Activities, published by the Economic Development Board, Singapore."
,702,2008,281,Footnote,281 and 282 include both manufacturing and repair activities.
,702,2008,281,Footnote,281 and 282 include both manufacturing and repair activities.
,702,2008,281,Footnote,281 and 282 include both manufacturing and repair activities.
,702,2008,281,Footnote,281 and 282 include both manufacturing and repair activities.
,702,2008,281,Footnote,281 and 282 include both manufacturing and repair activities.
,702,2008,282,Footnote,281 and 282 include both manufacturing and repair activities.
,702,2008,282,Footnote,281 and 282 include both manufacturing and repair activities.
,702,2008,282,Footnote,281 and 282 include both manufacturing and repair activities.
,702,2008,282,Footnote,281 and 282 include both manufacturing and repair activities.
,702,2008,282,Footnote,281 and 282 include both manufacturing and repair activities.
,702,2009,,Table Note,Number of persons engaged
,702,2009,,Table Note,Output at basic prices
,702,2009,,Related national publications,"Report on the Census of Manufacturing Activities, published by the Economic Development Board, Singapore."
,702,2009,281,Footnote,281 and 282 include both manufacturing and repair activities.
,702,2009,281,Footnote,281 and 282 include both manufacturing and repair activities.
,702,2009,281,Footnote,281 and 282 include both manufacturing and repair activities.
,702,2009,281,Footnote,281 and 282 include both manufacturing and repair activities.
,702,2009,281,Footnote,281 and 282 include both manufacturing and repair activities.
,702,2009,282,Footnote,281 and 282 include both manufacturing and repair activities.
,702,2009,282,Footnote,281 and 282 include both manufacturing and repair activities.
,702,2009,282,Footnote,281 and 282 include both manufacturing and repair activities.
,702,2009,282,Footnote,281 and 282 include both manufacturing and repair activities.
,702,2009,282,Footnote,281 and 282 include both manufacturing and repair activities.
,702,2010,,Table Note,Number of persons engaged
,702,2010,,Table Note,Output at basic prices
,702,2010,,Related national publications,"Report on the Census of Manufacturing Activities, published by the Economic Development Board, Singapore."
,702,2010,281,Footnote,281 and 282 include both manufacturing and repair activities.
,702,2010,281,Footnote,281 and 282 include both manufacturing and repair activities.
,702,2010,281,Footnote,281 and 282 include both manufacturing and repair activities.
,702,2010,281,Footnote,281 and 282 include both manufacturing and repair activities.
,702,2010,281,Footnote,281 and 282 include both manufacturing and repair activities.
,702,2010,282,Footnote,281 and 282 include both manufacturing and repair activities.
,702,2010,282,Footnote,281 and 282 include both manufacturing and repair activities.
,702,2010,282,Footnote,281 and 282 include both manufacturing and repair activities.
,702,2010,282,Footnote,281 and 282 include both manufacturing and repair activities.
,702,2010,282,Footnote,281 and 282 include both manufacturing and repair activities.
,702,2011,,Table Note,Number of persons engaged
,702,2011,,Table Note,Output at basic prices
,702,2011,,Related national publications,"Report on the Census of Manufacturing Activities, published by the Economic Development Board, Singapore."
,702,2011,281,Footnote,281 and 282 include both manufacturing and repair activities.
,702,2011,281,Footnote,281 and 282 include both manufacturing and repair activities.
,702,2011,281,Footnote,281 and 282 include both manufacturing and repair activities.
,702,2011,281,Footnote,281 and 282 include both manufacturing and repair activities.
,702,2011,281,Footnote,281 and 282 include both manufacturing and repair activities.
,702,2011,282,Footnote,281 and 282 include both manufacturing and repair activities.
,702,2011,282,Footnote,281 and 282 include both manufacturing and repair activities.
,702,2011,282,Footnote,281 and 282 include both manufacturing and repair activities.
,702,2011,282,Footnote,281 and 282 include both manufacturing and repair activities.
,702,2011,282,Footnote,281 and 282 include both manufacturing and repair activities.
,702,2012,,Table Note,Number of persons engaged
,702,2012,,Table Note,Output at basic prices
,702,2012,,Related national publications,"Report on the Census of Manufacturing Activities, published by the Economic Development Board, Singapore."
,702,2012,281,Footnote,281 and 282 include both manufacturing and repair activities.
,702,2012,281,Footnote,281 and 282 include both manufacturing and repair activities.
,702,2012,281,Footnote,281 and 282 include both manufacturing and repair activities.
,702,2012,281,Footnote,281 and 282 include both manufacturing and repair activities.
,702,2012,281,Footnote,281 and 282 include both manufacturing and repair activities.
,702,2012,282,Footnote,281 and 282 include both manufacturing and repair activities.
,702,2012,282,Footnote,281 and 282 include both manufacturing and repair activities.
,702,2012,282,Footnote,281 and 282 include both manufacturing and repair activities.
,702,2012,282,Footnote,281 and 282 include both manufacturing and repair activities.
,702,2012,282,Footnote,281 and 282 include both manufacturing and repair activities.
,702,2013,,Table Note,Number of persons engaged
,702,2013,,Table Note,Output at basic prices
,702,2013,,Related national publications,"Report on the Census of Manufacturing Activities, published by the Economic Development Board, Singapore."
,702,2013,281,Footnote,281 and 282 include both manufacturing and repair activities.
,702,2013,281,Footnote,281 and 282 include both manufacturing and repair activities.
,702,2013,281,Footnote,281 and 282 include both manufacturing and repair activities.
,702,2013,281,Footnote,281 and 282 include both manufacturing and repair activities.
,702,2013,281,Footnote,281 and 282 include both manufacturing and repair activities.
,702,2013,282,Footnote,281 and 282 include both manufacturing and repair activities.
,702,2013,282,Footnote,281 and 282 include both manufacturing and repair activities.
,702,2013,282,Footnote,281 and 282 include both manufacturing and repair activities.
,702,2013,282,Footnote,281 and 282 include both manufacturing and repair activities.
,702,2013,282,Footnote,281 and 282 include both manufacturing and repair activities.
,702,2014,,Table Note,Number of persons engaged
,702,2014,,Table Note,Output at basic prices
,702,2014,,Related national publications,"Report on the Census of Manufacturing Activities, published by the Economic Development Board, Singapore."
,702,2014,281,Footnote,281 and 282 include both manufacturing and repair activities.
,702,2014,281,Footnote,281 and 282 include both manufacturing and repair activities.
,702,2014,281,Footnote,281 and 282 include both manufacturing and repair activities.
,702,2014,281,Footnote,281 and 282 include both manufacturing and repair activities.
,702,2014,281,Footnote,281 and 282 include both manufacturing and repair activities.
,702,2014,282,Footnote,281 and 282 include both manufacturing and repair activities.
,702,2014,282,Footnote,281 and 282 include both manufacturing and repair activities.
,702,2014,282,Footnote,281 and 282 include both manufacturing and repair activities.
,702,2014,282,Footnote,281 and 282 include both manufacturing and repair activities.
,702,2014,282,Footnote,281 and 282 include both manufacturing and repair activities.
,702,2015,,Table Note,Number of persons engaged
,702,2015,,Table Note,Output at basic prices
,702,2015,,Related national publications,"Report on the Census of Manufacturing Activities, published by the Economic Development Board, Singapore."
,702,2015,281,Footnote,281 and 282 include both manufacturing and repair activities.
,702,2015,281,Footnote,281 and 282 include both manufacturing and repair activities.
,702,2015,281,Footnote,281 and 282 include both manufacturing and repair activities.
,702,2015,281,Footnote,281 and 282 include both manufacturing and repair activities.
,702,2015,281,Footnote,281 and 282 include both manufacturing and repair activities.
,702,2015,1629,Footnote,1629 includes 1610.
,702,2015,1629,Footnote,1629 includes 1610.
,702,2015,1629,Footnote,1629 includes 1610.
,702,2015,1629,Footnote,1629 includes 1610.
,702,2015,1629,Footnote,1629 includes 1610.
,702,2015,282,Footnote,281 and 282 include both manufacturing and repair activities.
,702,2015,282,Footnote,281 and 282 include both manufacturing and repair activities.
,702,2015,282,Footnote,281 and 282 include both manufacturing and repair activities.
,702,2015,282,Footnote,281 and 282 include both manufacturing and repair activities.
,702,2015,282,Footnote,281 and 282 include both manufacturing and repair activities.
,702,2016,,Table Note,Number of persons engaged
,702,2016,,Table Note,Output at basic prices
,702,2016,,Related national publications,"Report on the Census of Manufacturing Activities, published by the Economic Development Board, Singapore."
,702,2016,281,Footnote,281 and 282 include both manufacturing and repair activities.
,702,2016,281,Footnote,281 and 282 include both manufacturing and repair activities.
,702,2016,281,Footnote,281 and 282 include both manufacturing and repair activities.
,702,2016,281,Footnote,281 and 282 include both manufacturing and repair activities.
,702,2016,281,Footnote,281 and 282 include both manufacturing and repair activities.
,702,2016,1629,Footnote,1629 includes 1610.
,702,2016,1629,Footnote,1629 includes 1610.
,702,2016,1629,Footnote,1629 includes 1610.
,702,2016,1629,Footnote,1629 includes 1610.
,702,2016,1629,Footnote,1629 includes 1610.
,702,2016,282,Footnote,281 and 282 include both manufacturing and repair activities.
,702,2016,282,Footnote,281 and 282 include both manufacturing and repair activities.
,702,2016,282,Footnote,281 and 282 include both manufacturing and repair activities.
,702,2016,282,Footnote,281 and 282 include both manufacturing and repair activities.
,702,2016,282,Footnote,281 and 282 include both manufacturing and repair activities.
,702,2017,,Table Note,Number of persons engaged
,702,2017,,Table Note,Output at basic prices
,702,2017,,Related national publications,"Report on the Census of Manufacturing Activities, published by the Economic Development Board, Singapore."
,702,2017,281,Footnote,281 and 282 include both manufacturing and repair activities.
,702,2017,281,Footnote,281 and 282 include both manufacturing and repair activities.
,702,2017,281,Footnote,281 and 282 include both manufacturing and repair activities.
,702,2017,281,Footnote,281 and 282 include both manufacturing and repair activities.
,702,2017,281,Footnote,281 and 282 include both manufacturing and repair activities.
,702,2017,1629,Footnote,1629 includes 1610.
,702,2017,1629,Footnote,1629 includes 1610.
,702,2017,1629,Footnote,1629 includes 1610.
,702,2017,1629,Footnote,1629 includes 1610.
,702,2017,1629,Footnote,1629 includes 1610.
,702,2017,282,Footnote,281 and 282 include both manufacturing and repair activities.
,702,2017,282,Footnote,281 and 282 include both manufacturing and repair activities.
,702,2017,282,Footnote,281 and 282 include both manufacturing and repair activities.
,702,2017,282,Footnote,281 and 282 include both manufacturing and repair activities.
,702,2017,282,Footnote,281 and 282 include both manufacturing and repair activities.
,702,2018,,Table Note,Number of persons engaged
,702,2018,,Table Note,Output at basic prices
,702,2018,,Related national publications,"Report on the Census of Manufacturing Activities, published by the Economic Development Board, Singapore."
,702,2018,281,Footnote,281 and 282 include both manufacturing and repair activities.
,702,2018,281,Footnote,281 and 282 include both manufacturing and repair activities.
,702,2018,281,Footnote,281 and 282 include both manufacturing and repair activities.
,702,2018,281,Footnote,281 and 282 include both manufacturing and repair activities.
,702,2018,281,Footnote,281 and 282 include both manufacturing and repair activities.
,702,2018,1629,Footnote,1629 includes 1610.
,702,2018,1629,Footnote,1629 includes 1610.
,702,2018,1629,Footnote,1629 includes 1610.
,702,2018,1629,Footnote,1629 includes 1610.
,702,2018,1629,Footnote,1629 includes 1610.
,702,2018,282,Footnote,281 and 282 include both manufacturing and repair activities.
,702,2018,282,Footnote,281 and 282 include both manufacturing and repair activities.
,702,2018,282,Footnote,281 and 282 include both manufacturing and repair activities.
,702,2018,282,Footnote,281 and 282 include both manufacturing and repair activities.
,702,2018,282,Footnote,281 and 282 include both manufacturing and repair activities.
,702,2019,,Table Note,Number of persons engaged
,702,2019,,Table Note,Output at basic prices
,702,2019,,Related national publications,"Report on the Census of Manufacturing Activities, published by the Economic Development Board, Singapore."
,702,2019,281,Footnote,281 and 282 include both manufacturing and repair activities.
,702,2019,281,Footnote,281 and 282 include both manufacturing and repair activities.
,702,2019,281,Footnote,281 and 282 include both manufacturing and repair activities.
,702,2019,281,Footnote,281 and 282 include both manufacturing and repair activities.
,702,2019,281,Footnote,281 and 282 include both manufacturing and repair activities.
,702,2019,1629,Footnote,1629 includes 1610.
,702,2019,1629,Footnote,1629 includes 1610.
,702,2019,1629,Footnote,1629 includes 1610.
,702,2019,1629,Footnote,1629 includes 1610.
,702,2019,1629,Footnote,1629 includes 1610.
,702,2019,282,Footnote,281 and 282 include both manufacturing and repair activities.
,702,2019,282,Footnote,281 and 282 include both manufacturing and repair activities.
,702,2019,282,Footnote,281 and 282 include both manufacturing and repair activities.
,702,2019,282,Footnote,281 and 282 include both manufacturing and repair activities.
,702,2019,282,Footnote,281 and 282 include both manufacturing and repair activities.
,702,2020,,Table Note,Number of persons engaged
,702,2020,,Table Note,Output at basic prices
,702,2020,,Related national publications,"Report on the Census of Manufacturing Activities, published by the Economic Development Board, Singapore."
,702,2020,281,Footnote,281 and 282 include both manufacturing and repair activities.
,702,2020,281,Footnote,281 and 282 include both manufacturing and repair activities.
,702,2020,281,Footnote,281 and 282 include both manufacturing and repair activities.
,702,2020,281,Footnote,281 and 282 include both manufacturing and repair activities.
,702,2020,281,Footnote,281 and 282 include both manufacturing and repair activities.
,702,2020,1629,Footnote,1629 includes 1610.
,702,2020,1629,Footnote,1629 includes 1610.
,702,2020,1629,Footnote,1629 includes 1610.
,702,2020,1629,Footnote,1629 includes 1610.
,702,2020,1629,Footnote,1629 includes 1610.
,702,2020,282,Footnote,281 and 282 include both manufacturing and repair activities.
,702,2020,282,Footnote,281 and 282 include both manufacturing and repair activities.
,702,2020,282,Footnote,281 and 282 include both manufacturing and repair activities.
,702,2020,282,Footnote,281 and 282 include both manufacturing and repair activities.
,702,2020,282,Footnote,281 and 282 include both manufacturing and repair activities.
20,702,,,Footnote,Value added refers to total value added.
20,702,2005,,Table Note,Value added at basic prices
20,702,2005,281,Footnote,281 and 282 include both manufacturing and repair activities.
20,702,2005,282,Footnote,281 and 282 include both manufacturing and repair activities.
20,702,2006,,Table Note,Value added at basic prices
20,702,2006,281,Footnote,281 and 282 include both manufacturing and repair activities.
20,702,2006,282,Footnote,281 and 282 include both manufacturing and repair activities.
20,702,2007,,Table Note,Value added at basic prices
20,702,2007,281,Footnote,281 and 282 include both manufacturing and repair activities.
20,702,2007,282,Footnote,281 and 282 include both manufacturing and repair activities.
20,702,2008,,Table Note,Value added at basic prices
20,702,2008,281,Footnote,281 and 282 include both manufacturing and repair activities.
20,702,2008,282,Footnote,281 and 282 include both manufacturing and repair activities.
20,702,2009,,Table Note,Value added at basic prices
20,702,2009,281,Footnote,281 and 282 include both manufacturing and repair activities.
20,702,2009,282,Footnote,281 and 282 include both manufacturing and repair activities.
20,702,2010,,Table Note,Value added at basic prices
20,702,2010,281,Footnote,281 and 282 include both manufacturing and repair activities.
20,702,2010,282,Footnote,281 and 282 include both manufacturing and repair activities.
20,702,2011,,Table Note,Value added at basic prices
20,702,2011,281,Footnote,281 and 282 include both manufacturing and repair activities.
20,702,2011,282,Footnote,281 and 282 include both manufacturing and repair activities.
20,702,2012,,Table Note,Value added at basic prices
20,702,2012,281,Footnote,281 and 282 include both manufacturing and repair activities.
20,702,2012,282,Footnote,281 and 282 include both manufacturing and repair activities.
20,702,2013,,Table Note,Value added at basic prices
20,702,2013,281,Footnote,281 and 282 include both manufacturing and repair activities.
20,702,2013,282,Footnote,281 and 282 include both manufacturing and repair activities.
20,702,2014,,Table Note,Value added at basic prices
20,702,2014,281,Footnote,281 and 282 include both manufacturing and repair activities.
20,702,2014,282,Footnote,281 and 282 include both manufacturing and repair activities.
20,702,2015,,Table Note,Value added at basic prices
20,702,2015,281,Footnote,281 and 282 include both manufacturing and repair activities.
20,702,2015,282,Footnote,281 and 282 include both manufacturing and repair activities.
20,702,2016,,Table Note,Value added at basic prices
20,702,2016,281,Footnote,281 and 282 include both manufacturing and repair activities.
20,702,2016,282,Footnote,281 and 282 include both manufacturing and repair activities.
20,702,2017,,Table Note,Value added at basic prices
20,702,2017,281,Footnote,281 and 282 include both manufacturing and repair activities.
20,702,2017,282,Footnote,281 and 282 include both manufacturing and repair activities.
20,702,2018,,Table Note,Value added at basic prices
20,702,2018,281,Footnote,281 and 282 include both manufacturing and repair activities.
20,702,2018,282,Footnote,281 and 282 include both manufacturing and repair activities.
20,702,2019,,Table Note,Value added at basic prices
20,702,2019,281,Footnote,281 and 282 include both manufacturing and repair activities.
20,702,2019,282,Footnote,281 and 282 include both manufacturing and repair activities.
20,702,2020,,Table Note,Value added at basic prices
20,702,2020,281,Footnote,281 and 282 include both manufacturing and repair activities.
20,702,2020,282,Footnote,281 and 282 include both manufacturing and repair activities.
,703,,,Reference Period,Calendar year.
,703,,,Deviations from ISIC,Data presented in ISIC (Revision 4) were originally classified according to the national NACE-related classification system.
,703,,,Related national publications,"Statistical Yearbook of the Slovak Republic, published by the Statistical Office of the Slovak Republic, Bratislava."
,703,,,Footnote,Data derived from OECD's or Eurostat's databases refer to Gross investment in tangible goods only.
,703,,,Scope,All enterprises.
,703,,,Source,Annual surveys; business register.
,703,,,Concepts and definitions,No deviations from the standard UN concepts and definitions are reported.
,703,,,Adjusted for non-response,Not reported.
,703,2005,,Table Note,Number of enterprises
,703,2005,,Data Supplier,"Statistical Office of the Slovak Republic, Bratislava.
Industrial statistics for the OECD countries are compiled by the OECD secretariat, which supplies them to UNIDO."
,703,2006,,Table Note,Number of enterprises
,703,2006,,Data Supplier,"Statistical Office of the Slovak Republic, Bratislava.
Industrial statistics for the OECD countries are compiled by the OECD secretariat, which supplies them to UNIDO."
,703,2007,,Table Note,Number of enterprises
,703,2007,,Data Supplier,"Statistical Office of the Slovak Republic, Bratislava.
Industrial statistics for the OECD countries are compiled by the OECD secretariat, which supplies them to UNIDO."
,703,2008,,Table Note,Number of enterprises
,703,2008,,Method of data collection,Not reported.
,703,2008,,Type of enumeration,Data have been collected via three business surveys: for enterprises with 20 or more employees; for enterprises with less than 20 employees; and for entrepreneurs not registered in the register of companies.
,703,2008,,Footnote,"For some industries, the number of employees may be less than the number of enterprises owing to the reason that the workforce in those industries consists of personnel such as working proprietors, unpaid family workers, etc. that are not included in the count of employees."
,703,2008,,Footnote,A zero (0) indicates that a value is either nil or negligible.
,703,2008,,Footnote,A zero (0) indicates that a value is either nil or negligible.
,703,2008,,Data Supplier,"Statistical Office of the Slovak Republic, Bratislava.
Industrial statistics for the OECD countries are compiled by the OECD secretariat, which supplies them to UNIDO."
,703,2008,,Footnote,A zero (0) indicates that a value is either nil or negligible.
,703,2009,,Table Note,Number of enterprises
,703,2009,,Type of enumeration,Data have been collected via three business surveys: for enterprises with 20 or more employees; for enterprises with less than 20 employees; and for entrepreneurs not registered in the register of companies.
,703,2009,,Method of data collection,Not reported.
,703,2009,,Footnote,A zero (0) indicates that a value is either nil or negligible.
,703,2009,,Footnote,"For some industries, the number of employees may be less than the number of enterprises owing to the reason that the workforce in those industries consists of personnel such as working proprietors, unpaid family workers, etc. that are not included in the count of employees."
,703,2009,,Data Supplier,"Statistical Office of the Slovak Republic, Bratislava.
Industrial statistics for the OECD countries are compiled by the OECD secretariat, which supplies them to UNIDO."
,703,2009,,Footnote,A zero (0) indicates that a value is either nil or negligible.
,703,2009,,Footnote,A zero (0) indicates that a value is either nil or negligible.
,703,2010,,Table Note,Number of enterprises
,703,2010,,Type of enumeration,Data have been collected via three business surveys: for enterprises with 20 or more employees; for enterprises with less than 20 employees; and for entrepreneurs not registered in the register of companies.
,703,2010,,Footnote,"For some industries, the number of employees may be less than the number of enterprises owing to the reason that the workforce in those industries consists of personnel such as working proprietors, unpaid family workers, etc. that are not included in the count of employees."
,703,2010,,Special note,Methodological break in 2010.
,703,2010,,Method of data collection,Not reported.
,703,2010,,Footnote,A zero (0) indicates that a value is either nil or negligible.
,703,2010,,Footnote,A zero (0) indicates that a value is either nil or negligible.
,703,2010,,Data Supplier,"Statistical Office of the Slovak Republic, Bratislava.
Industrial statistics for the OECD countries are compiled by the OECD secretariat, which supplies them to UNIDO."
,703,2010,,Footnote,A zero (0) indicates that a value is either nil or negligible.
,703,2011,,Table Note,Number of enterprises
,703,2011,,Method of data collection,Not reported.
,703,2011,,Type of enumeration,Data have been collected via three business surveys: for enterprises with 20 or more employees; for enterprises with less than 20 employees; and for entrepreneurs not registered in the register of companies.
,703,2011,,Footnote,A zero (0) indicates that a value is either nil or negligible.
,703,2011,,Footnote,"For some industries, the number of employees may be less than the number of enterprises owing to the reason that the workforce in those industries consists of personnel such as working proprietors, unpaid family workers, etc. that are not included in the count of employees."
,703,2011,,Data Supplier,"Statistical Office of the Slovak Republic, Bratislava.
Industrial statistics for the OECD countries are compiled by the OECD secretariat, which supplies them to UNIDO."
,703,2011,,Footnote,A zero (0) indicates that a value is either nil or negligible.
,703,2011,,Footnote,A zero (0) indicates that a value is either nil or negligible.
,703,2012,,Table Note,Number of enterprises
,703,2012,,Type of enumeration,Data have been collected via three business surveys: for enterprises with 20 or more employees; for enterprises with less than 20 employees; and for entrepreneurs not registered in the register of companies.
,703,2012,,Footnote,"For some industries, the number of employees may be less than the number of enterprises owing to the reason that the workforce in those industries consists of personnel such as working proprietors, unpaid family workers, etc. that are not included in the count of employees."
,703,2012,,Method of data collection,Not reported.
,703,2012,,Footnote,A zero (0) indicates that a value is either nil or negligible.
,703,2012,,Data Supplier,"Statistical Office of the Slovak Republic, Bratislava.
Industrial statistics for the OECD countries are compiled by the OECD secretariat, which supplies them to UNIDO."
,703,2012,,Footnote,A zero (0) indicates that a value is either nil or negligible.
,703,2012,,Footnote,A zero (0) indicates that a value is either nil or negligible.
,703,2013,,Table Note,Number of enterprises
,703,2013,,Footnote,"For some industries, the number of employees may be less than the number of enterprises owing to the reason that the workforce in those industries consists of personnel such as working proprietors, unpaid family workers, etc. that are not included in the count of employees."
,703,2013,,Type of enumeration,Data have been collected via three business surveys: for enterprises with 20 or more employees; for enterprises with less than 20 employees; and for entrepreneurs not registered in the register of companies.
,703,2013,,Method of data collection,Mainly electronic questionnaire and administrative data.
,703,2013,,Footnote,A zero (0) indicates that a value is either nil or negligible.
,703,2013,,Footnote,A zero (0) indicates that a value is either nil or negligible.
,703,2013,,Data Supplier,"Statistical Office of the Slovak Republic, Bratislava.
Industrial statistics for the OECD countries are compiled by the OECD secretariat, which supplies them to UNIDO."
,703,2013,,Footnote,A zero (0) indicates that a value is either nil or negligible.
,703,2014,,Table Note,Number of enterprises
,703,2014,,Type of enumeration,Data have been collected via three business surveys: for enterprises with 20 or more employees; for enterprises with less than 20 employees; and for entrepreneurs not registered in the register of companies.
,703,2014,,Method of data collection,Mainly electronic questionnaire and administrative data.
,703,2014,,Footnote,A zero (0) indicates that a value is either nil or negligible.
,703,2014,,Footnote,"For some industries, the number of employees may be less than the number of enterprises owing to the reason that the workforce in those industries consists of personnel such as working proprietors, unpaid family workers, etc. that are not included in the count of employees."
,703,2014,,Data Supplier,"Statistical Office of the Slovak Republic, Bratislava.
Industrial statistics for the OECD countries are compiled by the OECD secretariat, which supplies them to UNIDO."
,703,2014,,Footnote,A zero (0) indicates that a value is either nil or negligible.
,703,2014,,Footnote,A zero (0) indicates that a value is either nil or negligible.
,703,2015,,Table Note,Number of enterprises
,703,2015,,Table Note,Output at producers' prices
,703,2015,,Type of enumeration,Data have been collected via three business surveys: for enterprises with 20 or more employees; for enterprises with less than 20 employees; and for entrepreneurs not registered in the register of companies.
,703,2015,,Method of data collection,Mainly electronic questionnaire and administrative data.
,703,2015,,Footnote,A zero (0) indicates that a value is either nil or negligible.
,703,2015,,Footnote,A zero (0) indicates that a value is either nil or negligible.
,703,2015,,Data Supplier,"Statistical Office of the Slovak Republic, Bratislava.
Data compiled by UNIDO were derived from Eurostat's structural business statistics (SBS) database."
,703,2015,,Footnote,"For some industries, the number of employees may be less than the number of enterprises owing to the reason that the workforce in those industries consists of personnel such as working proprietors, unpaid family workers, etc. that are not included in the count of employees."
,703,2016,,Table Note,Number of enterprises
,703,2016,,Table Note,Output at producers' prices
,703,2016,,Method of data collection,Mainly electronic questionnaire and administrative data.
,703,2016,,Type of enumeration,System of different statistical surveys in combination with the use of administrative data.
,703,2016,,Footnote,A zero (0) indicates that a value is either nil or negligible.
,703,2016,,Data Supplier,"Statistical Office of the Slovak Republic, Bratislava.
Data compiled by UNIDO were derived from Eurostat's structural business statistics (SBS) database."
,703,2016,,Footnote,"For some industries, the number of employees may be less than the number of enterprises owing to the reason that the workforce in those industries consists of personnel such as working proprietors, unpaid family workers, etc. that are not included in the count of employees."
,703,2016,,Footnote,A zero (0) indicates that a value is either nil or negligible.
,703,2017,,Table Note,Number of enterprises
,703,2017,,Table Note,Output at producers' prices
,703,2017,,Method of data collection,Mainly electronic questionnaire and administrative data.
,703,2017,,Type of enumeration,System of different statistical surveys in combination with the use of administrative data.
,703,2017,,Footnote,A zero (0) indicates that a value is either nil or negligible.
,703,2017,,Data Supplier,"Statistical Office of the Slovak Republic, Bratislava.
Data compiled by UNIDO were derived from Eurostat's structural business statistics (SBS) database."
,703,2017,,Footnote,"For some industries, the number of employees may be less than the number of enterprises owing to the reason that the workforce in those industries consists of personnel such as working proprietors, unpaid family workers, etc. that are not included in the count of employees."
,703,2017,,Footnote,A zero (0) indicates that a value is either nil or negligible.
,703,2018,,Table Note,Number of enterprises
,703,2018,,Table Note,Output at producers' prices
,703,2018,,Method of data collection,Mainly electronic questionnaire and administrative data.
,703,2018,,Type of enumeration,System of different statistical surveys in combination with the use of administrative data.
,703,2018,,Footnote,A zero (0) indicates that a value is either nil or negligible.
,703,2018,,Data Supplier,"Statistical Office of the Slovak Republic, Bratislava.
Data compiled by UNIDO were derived from Eurostat's structural business statistics (SBS) database."
,703,2018,,Footnote,A zero (0) indicates that a value is either nil or negligible.
,703,2018,,Footnote,"For some industries, the number of employees may be less than the number of enterprises owing to the reason that the workforce in those industries consists of personnel such as working proprietors, unpaid family workers, etc. that are not included in the count of employees."
,703,2019,,Table Note,Number of enterprises
,703,2019,,Table Note,Output at producers' prices
,703,2019,,Method of data collection,Mainly electronic questionnaire and administrative data.
,703,2019,,Type of enumeration,System of different statistical surveys in combination with the use of administrative data.
,703,2019,,Footnote,A zero (0) indicates that a value is either nil or negligible.
,703,2019,,Data Supplier,"Statistical Office of the Slovak Republic, Bratislava.
Data compiled by UNIDO were derived from Eurostat's structural business statistics (SBS) database."
,703,2019,,Footnote,"For some industries, the number of employees may be less than the number of enterprises owing to the reason that the workforce in those industries consists of personnel such as working proprietors, unpaid family workers, etc. that are not included in the count of employees."
,703,2019,,Footnote,A zero (0) indicates that a value is either nil or negligible.
,703,2020,,Table Note,Number of enterprises
,703,2020,,Table Note,Output at producers' prices
,703,2020,,Type of enumeration,System of different statistical surveys in combination with the use of administrative data.
,703,2020,,Method of data collection,Mainly electronic questionnaire and administrative data.
,703,2020,,Footnote,A zero (0) indicates that a value is either nil or negligible.
,703,2020,,Footnote,"For some industries, the number of employees may be less than the number of enterprises owing to the reason that the workforce in those industries consists of personnel such as working proprietors, unpaid family workers, etc. that are not included in the count of employees."
,703,2020,,Data Supplier,"Statistical Office of the Slovak Republic, Bratislava.
Data compiled by UNIDO were derived from Eurostat's structural business statistics (SBS) database."
,703,2020,,Footnote,A zero (0) indicates that a value is either nil or negligible.
20,703,2005,,Table Note,Value added at factor values
20,703,2006,,Table Note,Value added at factor values
20,703,2007,,Table Note,Value added at factor values
20,703,2008,,Table Note,Value added at factor values
20,703,2008,,Footnote,A zero (0) indicates that a value is either nil or negligible.
20,703,2009,,Table Note,Value added at factor values
20,703,2009,,Footnote,A zero (0) indicates that a value is either nil or negligible.
20,703,2010,,Table Note,Value added at factor values
20,703,2010,,Footnote,A zero (0) indicates that a value is either nil or negligible.
20,703,2011,,Table Note,Value added at factor values
20,703,2011,,Footnote,A zero (0) indicates that a value is either nil or negligible.
20,703,2012,,Table Note,Value added at factor values
20,703,2012,,Footnote,A zero (0) indicates that a value is either nil or negligible.
20,703,2013,,Table Note,Value added at factor values
20,703,2013,,Footnote,A zero (0) indicates that a value is either nil or negligible.
20,703,2014,,Table Note,Value added at factor values
20,703,2014,,Footnote,A zero (0) indicates that a value is either nil or negligible.
20,703,2015,,Table Note,Value added at factor values
20,703,2015,,Footnote,A zero (0) indicates that a value is either nil or negligible.
20,703,2016,,Table Note,Value added at factor values
20,703,2016,,Footnote,A zero (0) indicates that a value is either nil or negligible.
20,703,2017,,Table Note,Value added at factor values
20,703,2017,,Footnote,A zero (0) indicates that a value is either nil or negligible.
20,703,2018,,Table Note,Value added at factor values
20,703,2018,,Footnote,A zero (0) indicates that a value is either nil or negligible.
20,703,2019,,Table Note,Value added at factor values
20,703,2019,,Footnote,A zero (0) indicates that a value is either nil or negligible.
20,703,2020,,Table Note,Value added at factor values
20,703,2020,,Footnote,A zero (0) indicates that a value is either nil or negligible.
,704,,,Type of enumeration,Complete enumeration.
,704,,,Deviations from ISIC,None reported.
,704,,,Scope,All registered enterprises.
,704,,,Source,Survey.
,704,,,Reference Period,Fiscal year.
,704,,,Data Supplier,"General Statistics Office of Viet Nam, Hanoi."
,704,,,Concepts and definitions,Number of employees includes home workers.
,704,2005,,Footnote,Data were derived from the official website of the General Statistics Office of Viet Nam.
,704,2006,,Table Note,Number of enterprises
,704,2006,,Method of data collection,Mail questionnaires; direct interview in the field.
,704,2006,,Related national publications,"Statistical Yearbook of Viet Nam, published by the General Statistics Office of Viet Nam, Hanoi."
,704,2006,,Footnote,Data were derived from the official website of the General Statistics Office of Viet Nam.
,704,2006,,Adjusted for non-response,Not reported.
,704,2006,221,Footnote,221 includes rubber tyres and tubes only.
,704,2006,221,Footnote,221 includes rubber tyres and tubes only.
,704,2006,221,Footnote,221 includes rubber tyres and tubes only.
,704,2006,221,Footnote,221 includes rubber tyres and tubes only.
,704,2006,221,Footnote,221 includes rubber tyres and tubes only.
,704,2007,,Table Note,Number of enterprises
,704,2007,,Method of data collection,Mail questionnaires; direct interview in the field.
,704,2007,,Related national publications,"Statistical Yearbook of Viet Nam, published by the General Statistics Office of Viet Nam, Hanoi."
,704,2007,,Footnote,Data were derived from the official website of the General Statistics Office of Viet Nam.
,704,2007,,Adjusted for non-response,Not reported.
,704,2007,221,Footnote,221 includes rubber tyres and tubes only.
,704,2007,221,Footnote,221 includes rubber tyres and tubes only.
,704,2007,221,Footnote,221 includes rubber tyres and tubes only.
,704,2007,221,Footnote,221 includes rubber tyres and tubes only.
,704,2007,221,Footnote,221 includes rubber tyres and tubes only.
,704,2008,,Table Note,Number of enterprises
,704,2008,,Method of data collection,Mail questionnaires; direct interview in the field.
,704,2008,,Related national publications,"Statistical Yearbook of Viet Nam, published by the General Statistics Office of Viet Nam, Hanoi."
,704,2008,,Footnote,Data were derived from the official website of the General Statistics Office of Viet Nam.
,704,2008,,Adjusted for non-response,Not reported.
,704,2008,221,Footnote,221 includes rubber tyres and tubes only.
,704,2008,221,Footnote,221 includes rubber tyres and tubes only.
,704,2008,221,Footnote,221 includes rubber tyres and tubes only.
,704,2008,221,Footnote,221 includes rubber tyres and tubes only.
,704,2008,221,Footnote,221 includes rubber tyres and tubes only.
,704,2009,,Table Note,Number of enterprises
,704,2009,,Method of data collection,Mail questionnaires; direct interview in the field.
,704,2009,,Related national publications,"Statistical Yearbook of Viet Nam, published by the General Statistics Office of Viet Nam, Hanoi."
,704,2009,,Footnote,Data were derived from the official website of the General Statistics Office of Viet Nam.
,704,2009,,Adjusted for non-response,Not reported.
,704,2009,221,Footnote,221 includes rubber tyres and tubes only.
,704,2009,221,Footnote,221 includes rubber tyres and tubes only.
,704,2009,221,Footnote,221 includes rubber tyres and tubes only.
,704,2009,221,Footnote,221 includes rubber tyres and tubes only.
,704,2009,221,Footnote,221 includes rubber tyres and tubes only.
,704,2010,,Table Note,Number of enterprises
,704,2010,,Method of data collection,Mail questionnaires; direct interview in the field.
,704,2010,,Related national publications,"Statistical Yearbook of Viet Nam, published by the General Statistics Office of Viet Nam, Hanoi."
,704,2010,,Footnote,Data were derived from the official website of the General Statistics Office of Viet Nam.
,704,2010,,Adjusted for non-response,Not reported.
,704,2010,221,Footnote,221 includes rubber tyres and tubes only.
,704,2010,221,Footnote,221 includes rubber tyres and tubes only.
,704,2010,221,Footnote,221 includes rubber tyres and tubes only.
,704,2010,221,Footnote,221 includes rubber tyres and tubes only.
,704,2010,221,Footnote,221 includes rubber tyres and tubes only.
,704,2011,,Table Note,Number of enterprises
,704,2011,,Method of data collection,Mail questionnaires; direct interview in the field.
,704,2011,,Related national publications,"Statistical Yearbook of Viet Nam, published by the General Statistics Office of Viet Nam, Hanoi."
,704,2011,,Footnote,Data were derived from the official website of the General Statistics Office of Viet Nam.
,704,2011,,Adjusted for non-response,Not reported.
,704,2011,221,Footnote,221 includes rubber tyres and tubes only.
,704,2011,221,Footnote,221 includes rubber tyres and tubes only.
,704,2011,221,Footnote,221 includes rubber tyres and tubes only.
,704,2011,221,Footnote,221 includes rubber tyres and tubes only.
,704,2011,221,Footnote,221 includes rubber tyres and tubes only.
,704,2012,,Table Note,Number of enterprises
,704,2012,,Method of data collection,Mail questionnaires; direct interview in the field.
,704,2012,,Related national publications,"Statistical Yearbook of Viet Nam, published by the General Statistics Office of Viet Nam, Hanoi."
,704,2012,,Footnote,Data were derived from the official website of the General Statistics Office of Viet Nam.
,704,2012,,Adjusted for non-response,Not reported.
,704,2012,221,Footnote,221 includes rubber tyres and tubes only.
,704,2012,221,Footnote,221 includes rubber tyres and tubes only.
,704,2012,221,Footnote,221 includes rubber tyres and tubes only.
,704,2012,221,Footnote,221 includes rubber tyres and tubes only.
,704,2012,221,Footnote,221 includes rubber tyres and tubes only.
,704,2013,,Table Note,Number of enterprises
,704,2013,,Method of data collection,Mail questionnaires; direct interview in the field.
,704,2013,,Related national publications,"Statistical Yearbook of Viet Nam, published by the General Statistics Office of Viet Nam, Hanoi."
,704,2013,,Adjusted for non-response,Not reported.
,704,2013,221,Footnote,221 includes rubber tyres and tubes only.
,704,2013,221,Footnote,221 includes rubber tyres and tubes only.
,704,2013,221,Footnote,221 includes rubber tyres and tubes only.
,704,2013,221,Footnote,221 includes rubber tyres and tubes only.
,704,2013,221,Footnote,221 includes rubber tyres and tubes only.
,704,2014,,Table Note,Number of enterprises
,704,2014,,Method of data collection,Mail questionnaires; direct interview in the field.
,704,2014,,Related national publications,"Statistical Yearbook of Viet Nam, published by the General Statistics Office of Viet Nam, Hanoi."
,704,2014,,Adjusted for non-response,Not reported.
,704,2014,221,Footnote,221 includes rubber tyres and tubes only.
,704,2014,221,Footnote,221 includes rubber tyres and tubes only.
,704,2014,221,Footnote,221 includes rubber tyres and tubes only.
,704,2014,221,Footnote,221 includes rubber tyres and tubes only.
,704,2014,221,Footnote,221 includes rubber tyres and tubes only.
,704,2015,,Table Note,Number of enterprises
,704,2015,,Method of data collection,Mail questionnaires; direct interview in the field.
,704,2015,,Related national publications,"Statistical Yearbook of Viet Nam, published by the General Statistics Office of Viet Nam, Hanoi."
,704,2015,,Adjusted for non-response,Not reported.
,704,2015,221,Footnote,221 includes rubber tyres and tubes only.
,704,2015,221,Footnote,221 includes rubber tyres and tubes only.
,704,2015,221,Footnote,221 includes rubber tyres and tubes only.
,704,2015,221,Footnote,221 includes rubber tyres and tubes only.
,704,2015,221,Footnote,221 includes rubber tyres and tubes only.
,704,2016,,Table Note,Number of enterprises
,704,2016,,Method of data collection,Mail questionnaires; direct interview in the field.
,704,2016,,Related national publications,"Statistical Yearbook of Viet Nam, published by the General Statistics Office of Viet Nam, Hanoi."
,704,2016,,Adjusted for non-response,Not reported.
,704,2017,,Table Note,Number of enterprises
,704,2017,,Method of data collection,Mail questionnaires; direct interview in the field.
,704,2017,,Related national publications,"Statistical Yearbook of Viet Nam, published by the General Statistics Office of Viet Nam, Hanoi."
,704,2017,,Adjusted for non-response,Not reported.
,704,2018,,Table Note,Number of enterprises
,704,2018,,Method of data collection,Mail questionnaires; direct interview in the field.
,704,2018,,Related national publications,"Statistical Yearbook of Viet Nam, published by the General Statistics Office of Viet Nam, Hanoi."
,704,2018,,Adjusted for non-response,Not reported.
,704,2019,,Table Note,Number of enterprises
,704,2019,,Method of data collection,"Mail questionnaires, direct interviews in the field and on-line survey (self entry)."
,704,2019,,Related national publications,"Statistical Yearbook of Viet Nam, published by the General Statistics Office of Viet Nam, Hanoi."
,704,2019,,Adjusted for non-response,Yes (response rate: approximately 95%).
,704,2020,,Table Note,Number of enterprises
,704,2020,,Method of data collection,On-line survey (self entry).
,704,2020,,Related national publications,"Statistical Yearbook of Viet Nam, published by the General Statistics Office of Viet Nam, Hanoi."
,704,2020,,Adjusted for non-response,Yes (response rate: approximately 95%).
20,704,2006,,Table Note,Value added at producers' prices
20,704,2006,221,Footnote,221 includes rubber tyres and tubes only.
20,704,2007,,Table Note,Value added at producers' prices
20,704,2007,221,Footnote,221 includes rubber tyres and tubes only.
20,704,2008,,Table Note,Value added at producers' prices
20,704,2008,221,Footnote,221 includes rubber tyres and tubes only.
20,704,2009,,Table Note,Value added at producers' prices
20,704,2009,221,Footnote,221 includes rubber tyres and tubes only.
20,704,2010,,Table Note,Value added at producers' prices
20,704,2010,221,Footnote,221 includes rubber tyres and tubes only.
20,704,2011,,Table Note,Value added at producers' prices
20,704,2011,,Footnote,"Provisional data (distortions related to contract processing, mainly in ISIC 14 and 15)."
20,704,2011,221,Footnote,221 includes rubber tyres and tubes only.
20,704,2012,,Table Note,Value added at producers' prices
20,704,2012,,Footnote,"Provisional data (distortions related to contract processing, mainly in ISIC 14 and 15)."
20,704,2012,221,Footnote,221 includes rubber tyres and tubes only.
20,704,2013,,Table Note,Value added at producers' prices
20,704,2013,,Footnote,"Provisional data (distortions related to contract processing, mainly in ISIC 14 and 15)."
20,704,2013,221,Footnote,221 includes rubber tyres and tubes only.
20,704,2014,,Table Note,Value added at producers' prices
20,704,2014,,Footnote,"Provisional data (distortions related to contract processing, mainly in ISIC 14 and 15)."
20,704,2014,221,Footnote,221 includes rubber tyres and tubes only.
20,704,2015,,Table Note,Value added at producers' prices
20,704,2015,,Footnote,"Provisional data (distortions related to contract processing, mainly in ISIC 14 and 15)."
20,704,2015,221,Footnote,221 includes rubber tyres and tubes only.
20,704,2016,,Table Note,Value added at producers' prices
20,704,2016,,Footnote,"Provisional data (distortions related to contract processing, mainly in ISIC 14 and 15)."
20,704,2017,,Table Note,Value added at producers' prices
20,704,2017,,Footnote,"Provisional data (distortions related to contract processing, mainly in ISIC 14 and 15)."
20,704,2018,,Table Note,Value added at producers' prices
20,704,2018,,Footnote,"Provisional data (distortions related to contract processing, mainly in ISIC 14 and 15)."
20,704,2019,,Table Note,Value added at producers' prices
20,704,2019,,Footnote,"Provisional data (distortions related to contract processing, mainly in ISIC 14 and 15)."
20,704,2020,,Table Note,Value added at producers' prices
20,704,2020,,Footnote,"Provisional data (distortions related to contract processing, mainly in ISIC 14 and 15)."
,705,,,Scope,All registered enterprises.
,705,,,Source,Annual census/exhaustive survey; administrative source.
,705,,,Concepts and definitions,No deviations from the standard UN concepts and definitions are reported.
,705,,,Adjusted for non-response,Yes.
,705,,,Reference Period,Calendar year.
,705,,,Type of enumeration,Complete enumeration (mainly administrative sources).
,705,,,Deviations from ISIC,Data presented in ISIC (Revision 4) were originally classified according to the national NACE-related classification system.
,705,,,Method of data collection,"Mail questionnaires, but data are mainly derived from administrative and secondary statistical sources."
,705,,,Footnote,Data derived from OECD's or Eurostat's databases refer to Gross investment in tangible goods only.
,705,2008,,Table Note,Number of enterprises
,705,2008,,Data Supplier,"Statistical Office of the Republic of Slovenia, Ljubljana.
Industrial statistics for the OECD countries are compiled by the OECD secretariat, which supplies them to UNIDO."
,705,2008,,Related national publications,"Structural Business Statistics, published by the Statistical Office of the Republic of Slovenia, Ljubljana."
,705,2009,,Table Note,Number of enterprises
,705,2009,,Data Supplier,"Statistical Office of the Republic of Slovenia, Ljubljana.
Industrial statistics for the OECD countries are compiled by the OECD secretariat, which supplies them to UNIDO."
,705,2009,,Related national publications,"Structural Business Statistics, published by the Statistical Office of the Republic of Slovenia, Ljubljana."
,705,2010,,Table Note,Number of enterprises
,705,2010,,Data Supplier,"Statistical Office of the Republic of Slovenia, Ljubljana.
Industrial statistics for the OECD countries are compiled by the OECD secretariat, which supplies them to UNIDO."
,705,2010,,Related national publications,"Structural Business Statistics, published by the Statistical Office of the Republic of Slovenia, Ljubljana."
,705,2011,,Table Note,Number of enterprises
,705,2011,,Data Supplier,"Statistical Office of the Republic of Slovenia, Ljubljana.
Industrial statistics for the OECD countries are compiled by the OECD secretariat, which supplies them to UNIDO."
,705,2011,,Related national publications,"Structural Business Statistics, published by the Statistical Office of the Republic of Slovenia, Ljubljana."
,705,2012,,Table Note,Number of enterprises
,705,2012,,Data Supplier,"Statistical Office of the Republic of Slovenia, Ljubljana.
Industrial statistics for the OECD countries are compiled by the OECD secretariat, which supplies them to UNIDO."
,705,2012,,Related national publications,"Performance of enterprises by activity (and cohesion region, detailed data), Slovenia, published by the Statistical Office of the Republic of Slovenia, Ljubljana."
,705,2013,,Table Note,Number of enterprises
,705,2013,,Data Supplier,"Statistical Office of the Republic of Slovenia, Ljubljana.
Industrial statistics for the OECD countries are compiled by the OECD secretariat, which supplies them to UNIDO."
,705,2013,,Related national publications,"Performance of enterprises by activity (and cohesion region, detailed data), Slovenia, published by the Statistical Office of the Republic of Slovenia, Ljubljana."
,705,2014,,Table Note,Number of enterprises
,705,2014,,Data Supplier,"Statistical Office of the Republic of Slovenia, Ljubljana.
Industrial statistics for the OECD countries are compiled by the OECD secretariat, which supplies them to UNIDO."
,705,2014,,Related national publications,"Performance of enterprises by activity (and cohesion region, detailed data), Slovenia, published by the Statistical Office of the Republic of Slovenia, Ljubljana."
,705,2015,,Table Note,Number of enterprises
,705,2015,,Table Note,Output at producers' prices
,705,2015,,Data Supplier,"Statistical Office of the Republic of Slovenia, Ljubljana.
Data compiled by UNIDO were derived from Eurostat's structural business statistics (SBS) database."
,705,2015,,Related national publications,"Performance of enterprises by activity (and cohesion region, detailed data), Slovenia, published by the Statistical Office of the Republic of Slovenia, Ljubljana."
,705,2016,,Table Note,Number of enterprises
,705,2016,,Table Note,Output at producers' prices
,705,2016,,Data Supplier,"Statistical Office of the Republic of Slovenia, Ljubljana.
Data compiled by UNIDO were derived from Eurostat's structural business statistics (SBS) database."
,705,2016,,Related national publications,"Performance of enterprises by activity (and cohesion region, detailed data), Slovenia, published by the Statistical Office of the Republic of Slovenia, Ljubljana."
,705,2017,,Table Note,Number of enterprises
,705,2017,,Table Note,Output at producers' prices
,705,2017,,Data Supplier,"Statistical Office of the Republic of Slovenia, Ljubljana.
Data compiled by UNIDO were derived from Eurostat's structural business statistics (SBS) database."
,705,2017,,Related national publications,"Performance of enterprises by activity (and cohesion region, detailed data), Slovenia, published by the Statistical Office of the Republic of Slovenia, Ljubljana."
,705,2018,,Table Note,Number of enterprises
,705,2018,,Table Note,Output at producers' prices
,705,2018,,Data Supplier,"Statistical Office of the Republic of Slovenia, Ljubljana.
Data compiled by UNIDO were derived from Eurostat's structural business statistics (SBS) database."
,705,2018,,Related national publications,"Performance of enterprises by activity (and cohesion region, detailed data), Slovenia, published by the Statistical Office of the Republic of Slovenia, Ljubljana."
,705,2019,,Table Note,Number of enterprises
,705,2019,,Table Note,Output at producers' prices
,705,2019,,Related national publications,"Performance of enterprises by activity (and cohesion region, detailed data), Slovenia, published by the Statistical Office of the Republic of Slovenia, Ljubljana."
,705,2019,,Data Supplier,"Statistical Office of the Republic of Slovenia, Ljubljana.
Data compiled by UNIDO were derived from Eurostat's structural business statistics (SBS) database."
,705,2020,,Table Note,Number of enterprises
,705,2020,,Table Note,Output at producers' prices
,705,2020,,Data Supplier,"Statistical Office of the Republic of Slovenia, Ljubljana.
Data compiled by UNIDO were derived from Eurostat's structural business statistics (SBS) database."
,705,2020,,Related national publications,"Performance of enterprises by activity (and cohesion region, detailed data), Slovenia, published by the Statistical Office of the Republic of Slovenia, Ljubljana."
20,705,2008,,Table Note,Value added at factor values
20,705,2009,,Table Note,Value added at factor values
20,705,2010,,Table Note,Value added at factor values
20,705,2011,,Table Note,Value added at factor values
20,705,2012,,Table Note,Value added at factor values
20,705,2013,,Table Note,Value added at factor values
20,705,2014,,Table Note,Value added at factor values
20,705,2015,,Table Note,Value added at factor values
20,705,2016,,Table Note,Value added at factor values
20,705,2017,,Table Note,Value added at factor values
20,705,2018,,Table Note,Value added at factor values
20,705,2019,,Table Note,Value added at factor values
20,705,2020,,Table Note,Value added at factor values
,716,,,Scope,All establishments.
,716,,,Reference Period,Calendar year.
,716,,,Adjusted for non-response,Not reported
,716,,,Source,Annual survey of registered establishments.
,716,,,Concepts and definitions,"Output includes revenue from non-industrial activities.
Value added includes cost of non-industrial activities."
,716,,,Related national publications,"Census of Industrial Production, published by Zimbabwe National Statistics Agency (ZIMSTAT), Harare."
,716,,,Method of data collection,Direct interview in the field and mail questionnaires.
,716,,,Deviations from ISIC,None reported.
,716,,,Type of enumeration,Not reported.
,716,,,Data Supplier,"Zimbabwe National Statistics Agency (ZIMSTAT), Harare."
,716,2014,,Table Note,Output at producers' prices
,716,2014,,Special note,All value data was reported in US Dollars.
,716,2015,,Table Note,Output at producers' prices
,716,2015,,Special note,All value data was reported in US Dollars.
,716,2016,,Table Note,Output at producers' prices
,716,2016,,Special note,All value data was reported in US Dollars.
,716,2017,,Table Note,Output at producers' prices
,716,2017,,Special note,All value data was reported in US Dollars.
,716,2018,,Table Note,Output at producers' prices
,716,2018,,Special note,All value data was reported in US Dollars.
20,716,2014,,Table Note,Value added at producers' prices
20,716,2015,,Table Note,Value added at producers' prices
20,716,2016,,Table Note,Value added at producers' prices
20,716,2017,,Table Note,Value added at producers' prices
20,716,2018,,Table Note,Value added at producers' prices
,724,,,Source,Annual industrial survey; business register.
,724,,,Reference Period,Calendar year (exception for companies that operate by seasons or campaigns that comprise two different years).
,724,,,Concepts and definitions,No deviations from the standard UN concepts and definitions are reported.
,724,,,Type of enumeration,Complete enumeration for enterprises exceeding employment or turnover threshold; sample survey for enterprises below threshold values.
,724,,,Deviations from ISIC,Data presented in ISIC (Revision 4) were originally classified according to the national NACE-related classification system.
,724,,,Related national publications,None reported.
,724,,,Method of data collection,Mail questionnaires; electronic questionnaires.
,724,,,Scope,All enterprises.
,724,,,Adjusted for non-response,Not reported.
,724,,,Footnote,Data derived from OECD's or Eurostat's databases refer to Gross investment in tangible goods only.
,724,2005,,Table Note,Number of enterprises
,724,2006,,Table Note,Number of enterprises
,724,2007,,Table Note,Number of enterprises
,724,2008,,Table Note,Number of enterprises
,724,2008,,Data Supplier,"Instituto Nacional de Estad?stica (I.N.E.), Ministerio de Econom?a y Hacienda, Madrid. 
Industrial statistics for the OECD countries are compiled by the OECD secretariat, which supplies them to UNIDO."
,724,2009,,Table Note,Number of enterprises
,724,2009,,Data Supplier,"Instituto Nacional de Estad?stica (I.N.E.), Ministerio de Econom?a y Hacienda, Madrid. 
Industrial statistics for the OECD countries are compiled by the OECD secretariat, which supplies them to UNIDO."
,724,2010,,Table Note,Number of enterprises
,724,2010,,Data Supplier,"Instituto Nacional de Estad?stica (I.N.E.), Ministerio de Econom?a y Hacienda, Madrid. 
Industrial statistics for the OECD countries are compiled by the OECD secretariat, which supplies them to UNIDO."
,724,2011,,Table Note,Number of enterprises
,724,2011,,Data Supplier,"Instituto Nacional de Estad?stica (I.N.E.), Ministerio de Econom?a y Hacienda, Madrid. 
Industrial statistics for the OECD countries are compiled by the OECD secretariat, which supplies them to UNIDO."
,724,2012,,Table Note,Number of enterprises
,724,2012,,Data Supplier,"Instituto Nacional de Estad?stica (I.N.E.), Madrid. 
Industrial statistics for the OECD countries are compiled by the OECD secretariat, which supplies them to UNIDO."
,724,2013,,Table Note,Number of enterprises
,724,2013,,Data Supplier,"Instituto Nacional de Estad?stica (I.N.E.), Madrid. 
Industrial statistics for the OECD countries are compiled by the OECD secretariat, which supplies them to UNIDO."
,724,2014,,Table Note,Number of enterprises
,724,2014,,Data Supplier,"Instituto Nacional de Estad?stica (I.N.E.), Madrid. 
Industrial statistics for the OECD countries are compiled by the OECD secretariat, which supplies them to UNIDO."
,724,2015,,Table Note,Number of enterprises
,724,2015,,Table Note,Output at producers' prices
,724,2015,,Data Supplier,"Instituto Nacional de Estad?stica (I.N.E.), Madrid.
Data compiled by UNIDO were derived from Eurostat's structural business statistics (SBS) database."
,724,2016,,Table Note,Number of enterprises
,724,2016,,Table Note,Output at producers' prices
,724,2016,,Data Supplier,"Instituto Nacional de Estad?stica (I.N.E.), Madrid.
Data compiled by UNIDO were derived from Eurostat's structural business statistics (SBS) database."
,724,2017,,Table Note,Number of enterprises
,724,2017,,Table Note,Output at producers' prices
,724,2017,,Data Supplier,"Instituto Nacional de Estad?stica (I.N.E.), Madrid.
Data compiled by UNIDO were derived from Eurostat's structural business statistics (SBS) database."
,724,2018,,Table Note,Number of enterprises
,724,2018,,Table Note,Output at producers' prices
,724,2018,,Special note,Methodological break in 2018.
,724,2018,,Data Supplier,"Instituto Nacional de Estad?stica (I.N.E.), Madrid.
Data compiled by UNIDO were derived from Eurostat's structural business statistics (SBS) database."
,724,2019,,Table Note,Number of enterprises
,724,2019,,Table Note,Output at producers' prices
,724,2019,,Data Supplier,"Instituto Nacional de Estad?stica (I.N.E.), Madrid.
Data compiled by UNIDO were derived from Eurostat's structural business statistics (SBS) database."
,724,2020,,Table Note,Number of enterprises
,724,2020,,Table Note,Output at producers' prices
,724,2020,,Data Supplier,"Instituto Nacional de Estad?stica (I.N.E.), Madrid.
Data compiled by UNIDO were derived from Eurostat's structural business statistics (SBS) database."
20,724,2005,,Table Note,Value added at factor values
20,724,2006,,Table Note,Value added at factor values
20,724,2007,,Table Note,Value added at factor values
20,724,2008,,Table Note,Value added at factor values
20,724,2009,,Table Note,Value added at factor values
20,724,2010,,Table Note,Value added at factor values
20,724,2011,,Table Note,Value added at factor values
20,724,2012,,Table Note,Value added at factor values
20,724,2013,,Table Note,Value added at factor values
20,724,2014,,Table Note,Value added at factor values
20,724,2015,,Table Note,Value added at factor values
20,724,2016,,Table Note,Value added at factor values
20,724,2017,,Table Note,Value added at factor values
20,724,2018,,Table Note,Value added at factor values
20,724,2019,,Table Note,Value added at factor values
20,724,2020,,Table Note,Value added at factor values
,740,,,Method of data collection,Mail questionnaires.
,740,,,Scope,Enterprises with 10 or more employees.
,740,,,Data Supplier,"General Bureau of Statistics, Paramaribo."
,740,,,Source,Survey.
,740,,,Type of enumeration,Complete enumeration.
,740,,,Footnote,Wages and salaries was computed by UNIDO from reported total nominal gross labour cost per employee of large enterprises (with ten or more employees).
,740,2018,,Footnote,Provisional data.
,740,2019,,Footnote,Provisional data.
,740,2020,,Footnote,Provisional data.
20,740,2016,,Table Note,Value added at basic prices
20,740,2017,,Table Note,Value added at basic prices
20,740,2018,,Table Note,Value added at basic prices
20,740,2018,,Footnote,Provisional data.
20,740,2019,,Table Note,Value added at basic prices
20,740,2019,,Footnote,Provisional data.
20,740,2020,,Table Note,Value added at basic prices
20,740,2020,,Footnote,Provisional data.
,748,,,Deviations from ISIC,None reported.
,748,,,Reference Period,Calendar year.
,748,,,Source,Census/exhaustive survey.
,748,,,Scope,All registered establishments.
,748,,,Data Supplier,"Central Statistis Office, Mbabane."
,748,,,Concepts and definitions,Output refers to gross output.
,748,,,Type of enumeration,Complete enumeration.
,748,,,Related national publications,"National Accounts Report, published by the Central Statistics Office, Mbabane."
,748,,,Footnote,"For some industries, the number of employees may be less than the number of establishments owing to the reason that the workforce in those industries consists of: a) working proprietors, b) active business partners and, c) home workers that are not included in the count of employees."
,748,2011,,Table Note,Output at basic prices
,748,2011,,Footnote,Methodological break in 2011.
,748,2011,,Adjusted for non-response,Yes.
,748,2011,,Method of data collection,Mail questionnaires; direct interview in the field.
,748,2011,,Footnote,Methodological break in 2011.
,748,2011,,Footnote,Methodological break in 2011.
,748,2011,,Footnote,Methodological break in 2011.
,748,2012,,Table Note,Output at basic prices
,748,2013,,Table Note,Output at basic prices
,748,2013,,Method of data collection,Direct interview in the field.
,748,2013,,Adjusted for non-response,No. (Response rate: approximately 95%)
,748,2014,,Table Note,Output at basic prices
,748,2014,,Method of data collection,Direct interview in the field.
,748,2014,,Adjusted for non-response,No. (Response rate: approximately 95%)
,748,2015,,Adjusted for non-response,No. (Response rate: approximately 95%)
,748,2015,,Method of data collection,Direct interview in the field.
,748,2016,,Method of data collection,Direct interview in the field.
,748,2016,,Adjusted for non-response,No. (Response rate: approximately 95%)
,748,2017,,Adjusted for non-response,No. (Response rate: approximately 95%)
,748,2017,,Method of data collection,Direct interview in the field.
,748,2018,,Adjusted for non-response,No. (Response rate: approximately 95%)
,748,2018,,Method of data collection,Direct interview in the field.
20,748,2011,,Table Note,Value added at basic prices
20,748,2011,,Footnote,Methodological break in 2011.
20,748,2012,,Table Note,Value added at basic prices
20,748,2013,,Table Note,Value added at basic prices
20,748,2014,,Table Note,Value added at basic prices
,752,,,Deviations from ISIC,Data presented in ISIC (Revision 4) were originally classified according to the national NACE-related classification system.
,752,,,Related national publications,"Structural business statistics, published by Statistics Sweden, Stockholm."
,752,,,Scope,All enterprises.
,752,,,Source,Annual surveys; administrative data; business register.
,752,,,Reference Period,Calendar year.
,752,,,Concepts and definitions,No deviations from the standard UN concepts and definitions are reported.
,752,,,Adjusted for non-response,Not reported.
,752,,,Method of data collection,Mainly electronic data collection (to some extent directly from enterprises' accounting systems) and administrative data.
,752,,,Type of enumeration,System of different statistical surveys in combination with the use of administrative data.
,752,,,Footnote,"For some industries, the number of employees may be less than the number of enterprises owing to the reason that the workforce in those industries consists of personnel such as working proprietors, unpaid family workers, etc. that are not included in the count of employees."
,752,,,Footnote,Data derived from OECD's or Eurostat's databases refer to Gross investment in tangible goods only.
,752,2005,,Table Note,Number of enterprises
,752,2005,,Data Supplier,"Statistics Sweden, Stockholm. 
Industrial statistics for the OECD countries are compiled by the OECD secretariat, which supplies them to UNIDO."
,752,2006,,Table Note,Number of enterprises
,752,2006,,Data Supplier,"Statistics Sweden, Stockholm. 
Industrial statistics for the OECD countries are compiled by the OECD secretariat, which supplies them to UNIDO."
,752,2007,,Table Note,Number of enterprises
,752,2007,,Data Supplier,"Statistics Sweden, Stockholm. 
Industrial statistics for the OECD countries are compiled by the OECD secretariat, which supplies them to UNIDO."
,752,2008,,Table Note,Number of enterprises
,752,2008,,Data Supplier,"Statistics Sweden, Stockholm. 
Industrial statistics for the OECD countries are compiled by the OECD secretariat, which supplies them to UNIDO."
,752,2009,,Table Note,Number of enterprises
,752,2009,,Data Supplier,"Statistics Sweden, Stockholm. 
Industrial statistics for the OECD countries are compiled by the OECD secretariat, which supplies them to UNIDO."
,752,2010,,Table Note,Number of enterprises
,752,2010,,Data Supplier,"Statistics Sweden, Stockholm. 
Industrial statistics for the OECD countries are compiled by the OECD secretariat, which supplies them to UNIDO."
,752,2011,,Table Note,Number of enterprises
,752,2011,,Data Supplier,"Statistics Sweden, Stockholm. 
Industrial statistics for the OECD countries are compiled by the OECD secretariat, which supplies them to UNIDO."
,752,2012,,Table Note,Number of enterprises
,752,2012,,Data Supplier,"Statistics Sweden, Stockholm. 
Industrial statistics for the OECD countries are compiled by the OECD secretariat, which supplies them to UNIDO."
,752,2013,,Table Note,Number of enterprises
,752,2013,,Data Supplier,"Statistics Sweden, Stockholm. 
Industrial statistics for the OECD countries are compiled by the OECD secretariat, which supplies them to UNIDO."
,752,2014,,Table Note,Number of enterprises
,752,2014,,Data Supplier,"Statistics Sweden, Stockholm. 
Industrial statistics for the OECD countries are compiled by the OECD secretariat, which supplies them to UNIDO."
,752,2015,,Table Note,Number of enterprises
,752,2015,,Table Note,Output at producers' prices
,752,2015,,Data Supplier,"Statistics Sweden, Stockholm. 
Data compiled by UNIDO were derived from Eurostat's structural business statistics (SBS) database."
,752,2016,,Table Note,Number of enterprises
,752,2016,,Table Note,Output at producers' prices
,752,2016,,Data Supplier,"Statistics Sweden, Stockholm. 
Data compiled by UNIDO were derived from Eurostat's structural business statistics (SBS) database."
,752,2017,,Table Note,Number of enterprises
,752,2017,,Table Note,Output at producers' prices
,752,2017,,Data Supplier,"Statistics Sweden, Stockholm. 
Data compiled by UNIDO were derived from Eurostat's structural business statistics (SBS) database."
,752,2018,,Table Note,Number of enterprises
,752,2018,,Table Note,Output at producers' prices
,752,2018,,Special note,Methodological break in 2018.
,752,2018,,Data Supplier,"Statistics Sweden, Stockholm. 
Data compiled by UNIDO were derived from Eurostat's structural business statistics (SBS) database."
,752,2019,,Table Note,Number of enterprises
,752,2019,,Table Note,Output at producers' prices
,752,2019,,Data Supplier,"Statistics Sweden, Stockholm. 
Data compiled by UNIDO were derived from Eurostat's structural business statistics (SBS) database."
,752,2020,,Table Note,Number of enterprises
,752,2020,,Table Note,Output at producers' prices
,752,2020,,Data Supplier,"Statistics Sweden, Stockholm. 
Data compiled by UNIDO were derived from Eurostat's structural business statistics (SBS) database."
20,752,2005,,Table Note,Value added at factor values
20,752,2006,,Table Note,Value added at factor values
20,752,2007,,Table Note,Value added at factor values
20,752,2008,,Table Note,Value added at factor values
20,752,2009,,Table Note,Value added at factor values
20,752,2010,,Table Note,Value added at factor values
20,752,2011,,Table Note,Value added at factor values
20,752,2012,,Table Note,Value added at factor values
20,752,2013,,Table Note,Value added at factor values
20,752,2014,,Table Note,Value added at factor values
20,752,2015,,Table Note,Value added at factor values
20,752,2016,,Table Note,Value added at factor values
20,752,2017,,Table Note,Value added at factor values
20,752,2018,,Table Note,Value added at factor values
20,752,2019,,Table Note,Value added at factor values
20,752,2020,,Table Note,Value added at factor values
,756,,,Concepts and definitions,No deviations from the standard UN concepts and definitions are reported.
,756,,,Adjusted for non-response,Not reported.
,756,,,Source,Annual survey; business register.
,756,,,Reference Period,Calendar year.
,756,,,Scope,The number of enterprises is derived from the business register and includes data for all enterprises; other variables are derived from the annual survey that covers all enterprises with three or more persons employed.
,756,,,Type of enumeration,Combination of survey and administrative data.
,756,,,Deviations from ISIC,Data presented in ISIC (Revision 4) were originally collected using the national classification system (NOGA).
,756,,,Method of data collection,Mail questionnaires; electronic questionnaires.
,756,,,Related national publications,"Statistical Yearbook of Switzerland, published by the Federal Statistical Office, Neuch?tel."
,756,,,Footnote,Data derived from OECD's or Eurostat's databases refer to Gross investment in tangible goods only.
,756,2009,,Table Note,Number of enterprises
,756,2009,,Table Note,Number of persons engaged
,756,2009,,Data Supplier,"Federal Statistical Office (FSO), Neuch?tel. 
Industrial statistics for the OECD countries are compiled by the OECD secretariat, which supplies them to UNIDO."
,756,2009,,Footnote,A zero (0) indicates that a value is either nil or negligible.
,756,2009,,Footnote,A zero (0) indicates that a value is either nil or negligible.
,756,2009,,Footnote,A zero (0) indicates that a value is either nil or negligible.
,756,2010,,Table Note,Number of enterprises
,756,2010,,Table Note,Number of persons engaged
,756,2010,,Footnote,A zero (0) indicates that a value is either nil or negligible.
,756,2010,,Footnote,A zero (0) indicates that a value is either nil or negligible.
,756,2010,,Data Supplier,"Federal Statistical Office (FSO), Neuch?tel. 
Industrial statistics for the OECD countries are compiled by the OECD secretariat, which supplies them to UNIDO."
,756,2010,,Footnote,A zero (0) indicates that a value is either nil or negligible.
,756,2011,,Table Note,Number of enterprises
,756,2011,,Table Note,Number of persons engaged
,756,2011,,Footnote,A zero (0) indicates that a value is either nil or negligible.
,756,2011,,Data Supplier,"Federal Statistical Office (FSO), Neuch?tel. 
Industrial statistics for the OECD countries are compiled by the OECD secretariat, which supplies them to UNIDO."
,756,2011,,Footnote,A zero (0) indicates that a value is either nil or negligible.
,756,2011,,Footnote,A zero (0) indicates that a value is either nil or negligible.
,756,2012,,Table Note,Number of enterprises
,756,2012,,Table Note,Number of persons engaged
,756,2012,,Data Supplier,"Federal Statistical Office (FSO), Neuch?tel. 
Industrial statistics for the OECD countries are compiled by the OECD secretariat, which supplies them to UNIDO."
,756,2012,,Footnote,A zero (0) indicates that a value is either nil or negligible.
,756,2012,,Footnote,A zero (0) indicates that a value is either nil or negligible.
,756,2012,,Footnote,A zero (0) indicates that a value is either nil or negligible.
,756,2013,,Table Note,Number of enterprises
,756,2013,,Table Note,Number of persons engaged
,756,2013,,Footnote,A zero (0) indicates that a value is either nil or negligible.
,756,2013,,Footnote,A zero (0) indicates that a value is either nil or negligible.
,756,2013,,Data Supplier,"Federal Statistical Office (FSO), Neuch?tel. 
Industrial statistics for the OECD countries are compiled by the OECD secretariat, which supplies them to UNIDO."
,756,2013,,Footnote,A zero (0) indicates that a value is either nil or negligible.
,756,2014,,Table Note,Number of enterprises
,756,2014,,Table Note,Number of persons engaged
,756,2014,,Data Supplier,"Federal Statistical Office (FSO), Neuch?tel. 
Industrial statistics for the OECD countries are compiled by the OECD secretariat, which supplies them to UNIDO."
,756,2014,,Footnote,A zero (0) indicates that a value is either nil or negligible.
,756,2014,,Footnote,A zero (0) indicates that a value is either nil or negligible.
,756,2014,,Footnote,A zero (0) indicates that a value is either nil or negligible.
,756,2015,,Table Note,Number of enterprises
,756,2015,,Table Note,Number of persons engaged
,756,2015,,Table Note,Output at producers' prices
,756,2015,,Data Supplier,"Federal Statistical Office (FSO), Neuch?tel. 
Data compiled by UNIDO were derived from Eurostat's structural business statistics (SBS) database."
,756,2015,,Footnote,A zero (0) indicates that a value is either nil or negligible.
,756,2015,,Footnote,A zero (0) indicates that a value is either nil or negligible.
,756,2016,,Table Note,Number of enterprises
,756,2016,,Table Note,Number of persons engaged
,756,2016,,Table Note,Output at producers' prices
,756,2016,,Footnote,A zero (0) indicates that a value is either nil or negligible.
,756,2016,,Data Supplier,"Federal Statistical Office (FSO), Neuch?tel. 
Data compiled by UNIDO were derived from Eurostat's structural business statistics (SBS) database."
,756,2016,,Footnote,A zero (0) indicates that a value is either nil or negligible.
,756,2017,,Table Note,Number of enterprises
,756,2017,,Table Note,Number of persons engaged
,756,2017,,Table Note,Output at producers' prices
,756,2017,,Data Supplier,"Federal Statistical Office (FSO), Neuch?tel. 
Data compiled by UNIDO were derived from Eurostat's structural business statistics (SBS) database."
,756,2017,,Footnote,A zero (0) indicates that a value is either nil or negligible.
,756,2017,,Footnote,A zero (0) indicates that a value is either nil or negligible.
,756,2018,,Table Note,Number of enterprises
,756,2018,,Table Note,Number of persons engaged
,756,2018,,Table Note,Output at producers' prices
,756,2018,,Data Supplier,"Federal Statistical Office (FSO), Neuch?tel. 
Data compiled by UNIDO were derived from Eurostat's structural business statistics (SBS) database."
,756,2018,,Footnote,A zero (0) indicates that a value is either nil or negligible.
,756,2018,,Footnote,A zero (0) indicates that a value is either nil or negligible.
,756,2019,,Table Note,Number of enterprises
,756,2019,,Table Note,Number of persons engaged
,756,2019,,Table Note,Output at producers' prices
,756,2019,,Data Supplier,"Federal Statistical Office (FSO), Neuch?tel. 
Data compiled by UNIDO were derived from Eurostat's structural business statistics (SBS) database."
,756,2019,,Footnote,A zero (0) indicates that a value is either nil or negligible.
,756,2019,,Footnote,A zero (0) indicates that a value is either nil or negligible.
,756,2020,,Table Note,Number of enterprises
,756,2020,,Table Note,Number of persons engaged
,756,2020,,Table Note,Output at producers' prices
,756,2020,,Data Supplier,"Federal Statistical Office (FSO), Neuch?tel. 
Data compiled by UNIDO were derived from Eurostat's structural business statistics (SBS) database."
,756,2020,,Footnote,A zero (0) indicates that a value is either nil or negligible.
,756,2020,,Footnote,A zero (0) indicates that a value is either nil or negligible.
20,756,2009,,Table Note,Value added at factor values
20,756,2009,,Footnote,A zero (0) indicates that a value is either nil or negligible.
20,756,2010,,Table Note,Value added at factor values
20,756,2010,,Footnote,A zero (0) indicates that a value is either nil or negligible.
20,756,2011,,Table Note,Value added at factor values
20,756,2011,,Footnote,A zero (0) indicates that a value is either nil or negligible.
20,756,2012,,Table Note,Value added at factor values
20,756,2012,,Footnote,A zero (0) indicates that a value is either nil or negligible.
20,756,2013,,Table Note,Value added at factor values
20,756,2013,,Footnote,A zero (0) indicates that a value is either nil or negligible.
20,756,2014,,Table Note,Value added at factor values
20,756,2014,,Footnote,A zero (0) indicates that a value is either nil or negligible.
20,756,2015,,Table Note,Value added at factor values
20,756,2015,,Footnote,A zero (0) indicates that a value is either nil or negligible.
20,756,2016,,Table Note,Value added at factor values
20,756,2016,,Footnote,A zero (0) indicates that a value is either nil or negligible.
20,756,2017,,Table Note,Value added at factor values
20,756,2017,,Footnote,A zero (0) indicates that a value is either nil or negligible.
20,756,2018,,Table Note,Value added at factor values
20,756,2018,,Footnote,A zero (0) indicates that a value is either nil or negligible.
20,756,2019,,Table Note,Value added at factor values
20,756,2019,,Footnote,A zero (0) indicates that a value is either nil or negligible.
20,756,2020,,Table Note,Value added at factor values
20,756,2020,,Footnote,A zero (0) indicates that a value is either nil or negligible.
,764,,,Deviations from ISIC,Data presented in ISIC (Revision 4) were originally classified according to the national classification system (Thailand Standard Industrial Classification - TSIC 2009).
,764,,,Type of enumeration,Establishments with 11 or more persons engaged are completely enumerated; those below that threshold are sampled.
,764,,,Footnote,Output refers to gross output.
,764,,,Reference Period,Calendar year.
,764,,,Data Supplier,"National Statistical Office, Bangkok."
,764,2011,,Special note,Data were derived from the national publications.
,764,2011,,Method of data collection,Direct interview in the field.
,764,2011,,Related national publications,"The 2012 Business and Industrial Census: Manufacturing Industry, Whole Kingdom, published by the National Statistical Office, Bangkok."
,764,2011,,Scope,All establishments.
,764,2011,,Source,Business and industrial census.
,764,2011,,Adjusted for non-response,Yes.
,764,2016,,Table Note,Output at basic prices
,764,2016,,Footnote,"For some industries, the number of employees may be less than the number of establishments owing to the reason that the workforce in those industries consists of: a) working proprietors, b) active business partners and, c) home workers that are not included in the count of employees."
,764,2016,,Scope,All establishments.
,764,2016,,Method of data collection,Data are collected by mail/online questionnaires and field enumerators.
,764,2016,,Related national publications,"The 2017 Industrial Census, published by the National Statistical Office, Bangkok."
,764,2016,,Source,Industrial census.
,764,2016,,Adjusted for non-response,Yes.
20,764,,,Footnote,Value added refers to total value added.
20,764,2016,,Table Note,Value added at basic prices
,784,,,Deviations from ISIC,None reported.
,784,,,Type of enumeration,Sample survey.
,784,,,Reference Period,Calendar year.
,784,,,Scope,All establishments.
,784,,,Data Supplier,"Federal Competitiveness and Statistics Authority, Dubai."
,784,,,Concepts and definitions,Output excludes value of goods shipped in the same condition as received less the amount paid for these goods; it excludes net change between the beginning and end of the year in the value of stocks of finished goods; it includes revenue from non-industrial activities.
,784,2010,,Table Note,Output at basic prices
,784,2010,,Method of data collection,Direct interview in the field and mail questionnaires.
,784,2010,,Related national publications,None reported.
,784,2010,,Source,Annual survey; administrative source.
,784,2011,,Table Note,Output at basic prices
,784,2011,,Method of data collection,Direct interview in the field and mail questionnaires.
,784,2011,,Related national publications,None reported.
,784,2011,,Source,Annual survey; administrative source.
,784,2012,,Table Note,Number of persons engaged
,784,2012,,Table Note,Output at producers' prices
,784,2012,,Source,Annual survey.
,784,2012,,Adjusted for non-response,Yes (response rate: approximately 92%).
,784,2012,,Method of data collection,"Direct interview in the field, mail questionnaires and online survey."
,784,2012,,Concepts and definitions,Number of persons engaged includes home workers.
,784,2012,,Concepts and definitions,"Wages and salaries includes employers' contributions (in respect of their employees) paid to social security, pension and insurance schemes as well as the benefits received by employees under these schemes and severance and termination pay; it excludes housing and family allowances paid directly by the employer and payments in kind."
,784,2012,,Related national publications,None reported.
,784,2012,,Concepts and definitions,Output excludes value of goods shipped in the same condition as received less the amount paid for these goods.
,784,2013,,Table Note,Number of persons engaged
,784,2013,,Table Note,Output at producers' prices
,784,2013,,Related national publications,None reported.
,784,2013,,Source,Annual survey.
,784,2013,,Adjusted for non-response,Yes (response rate: approximately 92%).
,784,2013,,Concepts and definitions,Number of persons engaged includes home workers.
,784,2013,,Concepts and definitions,"Wages and salaries includes employers' contributions (in respect of their employees) paid to social security, pension and insurance schemes as well as the benefits received by employees under these schemes and severance and termination pay; it excludes housing and family allowances paid directly by the employer and payments in kind."
,784,2013,,Concepts and definitions,Output excludes value of goods shipped in the same condition as received less the amount paid for these goods.
,784,2013,,Method of data collection,"Direct interview in the field, mail questionnaires and online survey."
,784,2014,,Table Note,Number of persons engaged
,784,2014,,Table Note,Output at producers' prices
,784,2014,,Method of data collection,"Direct interview in the field, mail questionnaires and online survey."
,784,2014,,Adjusted for non-response,Yes (response rate: approximately 92%).
,784,2014,,Source,Annual survey.
,784,2014,,Concepts and definitions,Number of persons engaged includes home workers.
,784,2014,,Concepts and definitions,"Wages and salaries includes employers' contributions (in respect of their employees) paid to social security, pension and insurance schemes as well as the benefits received by employees under these schemes and severance and termination pay; it excludes housing and family allowances paid directly by the employer and payments in kind."
,784,2014,,Concepts and definitions,Output excludes value of goods shipped in the same condition as received less the amount paid for these goods.
,784,2014,,Related national publications,None reported.
,784,2015,,Table Note,Number of persons engaged
,784,2015,,Table Note,Output at producers' prices
,784,2015,,Source,Annual survey.
,784,2015,,Adjusted for non-response,Yes (response rate: approximately 92%).
,784,2015,,Concepts and definitions,Number of persons engaged includes home workers.
,784,2015,,Concepts and definitions,"Wages and salaries includes employers' contributions (in respect of their employees) paid to social security, pension and insurance schemes as well as the benefits received by employees under these schemes and severance and termination pay; it excludes housing and family allowances paid directly by the employer and payments in kind."
,784,2015,,Method of data collection,"Direct interview in the field, mail questionnaires and online survey."
,784,2015,,Related national publications,None reported.
,784,2015,,Concepts and definitions,Output excludes value of goods shipped in the same condition as received less the amount paid for these goods.
,784,2016,,Table Note,Number of persons engaged
,784,2016,,Table Note,Output at producers' prices
,784,2016,,Method of data collection,"Direct interview in the field, mail questionnaires and online survey."
,784,2016,,Related national publications,None reported.
,784,2016,,Source,Annual survey.
,784,2016,,Adjusted for non-response,Yes (response rate: approximately 92%).
,784,2016,,Concepts and definitions,Number of persons engaged includes home workers.
,784,2016,,Concepts and definitions,"Wages and salaries includes employers' contributions (in respect of their employees) paid to social security, pension and insurance schemes as well as the benefits received by employees under these schemes and severance and termination pay; it excludes housing and family allowances paid directly by the employer and payments in kind."
,784,2016,,Concepts and definitions,Output excludes value of goods shipped in the same condition as received less the amount paid for these goods.
,784,2017,,Table Note,Number of persons engaged
,784,2017,,Table Note,Output at producers' prices
,784,2017,,Method of data collection,"Direct interview in the field, mail questionnaires and online survey."
,784,2017,,Source,Annual survey.
,784,2017,,Adjusted for non-response,Yes (response rate: approximately 75%).
,784,2017,,Concepts and definitions,Number of persons engaged includes home workers.
,784,2017,,Related national publications,None reported.
,784,2017,,Concepts and definitions,"Wages and salaries includes employers' contributions (in respect of their employees) paid to social security, pension and insurance schemes as well as the benefits received by employees under these schemes and severance and termination pay."
,784,2017,,Concepts and definitions,Output excludes value of goods shipped in the same condition as received less the amount paid for these goods and includes revenues from non-industrial activities.
,784,2018,,Table Note,Number of persons engaged
,784,2018,,Table Note,Output at producers' prices
,784,2018,,Method of data collection,Direct interview in the field and mail questionnaires.
,784,2018,,Related national publications,"Manufacturing Activities, published by the Federal Competitiveness and Statistics Authority, Dubai."
,784,2018,,Source,Annual survey.
,784,2018,,Adjusted for non-response,Yes (response rate: approximately 87%).
,784,2018,,Concepts and definitions,Number of persons engaged includes home workers and excludes active business partners.
,784,2018,,Concepts and definitions,Output excludes value of goods shipped in the same condition as received less the amount paid for these goods and includes revenues from non-industrial activities.
,784,2018,,Concepts and definitions,"Wages and salaries includes employers' contributions (in respect of their employees) paid to social security, pension and insurance schemes as well as the benefits received by employees under these schemes and severance and termination pay and excludes remuneration for time not worked."
,784,2019,,Table Note,Number of persons engaged
,784,2019,,Table Note,Output at producers' prices
,784,2019,,Source,Annual survey.
,784,2019,,Adjusted for non-response,Yes (response rate: approximately 87%).
,784,2019,,Concepts and definitions,Number of persons engaged includes home workers and excludes active business partners.
,784,2019,,Concepts and definitions,"Wages and salaries includes employers' contributions (in respect of their employees) paid to social security, pension and insurance schemes as well as the benefits received by employees under these schemes and severance and termination pay and excludes remuneration for time not worked."
,784,2019,,Method of data collection,Direct interview in the field and mail questionnaires.
,784,2019,,Related national publications,"Manufacturing Activities, published by the Federal Competitiveness and Statistics Authority, Dubai."
,784,2019,,Concepts and definitions,Output excludes value of goods shipped in the same condition as received less the amount paid for these goods and includes revenues from non-industrial activities.
,784,2020,,Table Note,Number of persons engaged
,784,2020,,Table Note,Output at producers' prices
,784,2020,,Related national publications,"Manufacturing Activities, published by the Federal Competitiveness and Statistics Authority, Dubai."
,784,2020,,Source,Annual survey.
,784,2020,,Adjusted for non-response,Yes (response rate: approximately 87%).
,784,2020,,Concepts and definitions,Number of persons engaged includes home workers and excludes active business partners.
,784,2020,,Concepts and definitions,"Wages and salaries includes employers' contributions (in respect of their employees) paid to social security, pension and insurance schemes as well as the benefits received by employees under these schemes and severance and termination pay and excludes remuneration for time not worked."
,784,2020,,Concepts and definitions,Output excludes value of goods shipped in the same condition as received less the amount paid for these goods and includes revenues from non-industrial activities.
,784,2020,,Method of data collection,Direct interview in the field and mail questionnaires.
20,784,2012,,Table Note,Value added at producers' prices
20,784,2013,,Table Note,Value added at producers' prices
20,784,2014,,Table Note,Value added at producers' prices
20,784,2015,,Table Note,Value added at producers' prices
20,784,2016,,Table Note,Value added at producers' prices
20,784,2017,,Table Note,Value added at producers' prices
20,784,2018,,Table Note,Value added at producers' prices
20,784,2019,,Table Note,Value added at producers' prices
20,784,2020,,Table Note,Value added at producers' prices
,788,,,Source,Administrative sources.
,788,,,Data Supplier,"Institut National de la Statistique, Tunis."
,788,,,Type of enumeration,Complete enumeration.
,788,,,Deviations from ISIC,Data presented in accordance with ISIC (Revision 4) were originally classified according to the national classification system (NAT2009).
,788,,,Method of data collection,Information was derived from official administrative data.
,788,,,Scope,All privately owned enterprises.
,788,,,Reference Period,Calendar year.
,788,,,Adjusted for non-response,Not reported.
,788,2009,,Table Note,Number of enterprises
,788,2009,,Related national publications,"Statistiques issues du R?pertoire National des Entreprises (Entreprises et emploi salari? formel du secteur priv?), published by the Institut National de la Statistique, Tunis."
,788,2009,,Footnote,"For some industries, the number of employees may be less than the number of enterprises owing to the reason that the workforce in those industries consists of personnel such as working proprietors, unpaid family workers, etc. that are not included in the count of employees."
,788,2009,,Concepts and definitions,Wages and salaries refers to direct wages and salaries only.
,788,2010,,Table Note,Number of enterprises
,788,2010,,Related national publications,"Statistiques issues du R?pertoire National des Entreprises (Entreprises et emploi salari? formel du secteur priv?), published by the Institut National de la Statistique, Tunis."
,788,2010,,Footnote,"For some industries, the number of employees may be less than the number of enterprises owing to the reason that the workforce in those industries consists of personnel such as working proprietors, unpaid family workers, etc. that are not included in the count of employees."
,788,2010,,Concepts and definitions,Wages and salaries refers to direct wages and salaries only.
,788,2011,,Table Note,Number of enterprises
,788,2011,,Related national publications,"Statistiques issues du R?pertoire National des Entreprises (Entreprises et emploi salari? formel du secteur priv?), published by the Institut National de la Statistique, Tunis."
,788,2011,,Footnote,"For some industries, the number of employees may be less than the number of enterprises owing to the reason that the workforce in those industries consists of personnel such as working proprietors, unpaid family workers, etc. that are not included in the count of employees."
,788,2011,,Concepts and definitions,Wages and salaries refers to direct wages and salaries only.
,788,2012,,Table Note,Number of enterprises
,788,2012,,Related national publications,"Statistiques issues du R?pertoire National des Entreprises (Entreprises et emploi salari? formel du secteur priv?), published by the Institut National de la Statistique, Tunis."
,788,2012,,Footnote,"For some industries, the number of employees may be less than the number of enterprises owing to the reason that the workforce in those industries consists of personnel such as working proprietors, unpaid family workers, etc. that are not included in the count of employees."
,788,2012,,Concepts and definitions,Wages and salaries refers to direct wages and salaries only.
,788,2013,,Table Note,Number of enterprises
,788,2013,,Related national publications,"Statistiques issues du R?pertoire National des Entreprises (Entreprises et emploi salari? formel du secteur priv?), published by the Institut National de la Statistique, Tunis."
,788,2013,,Footnote,"For some industries, the number of employees may be less than the number of enterprises owing to the reason that the workforce in those industries consists of personnel such as working proprietors, unpaid family workers, etc. that are not included in the count of employees."
,788,2013,,Concepts and definitions,Wages and salaries refers to direct wages and salaries only.
,788,2014,,Table Note,Number of enterprises
,788,2014,,Related national publications,"Statistiques issues du R?pertoire National des Entreprises (Entreprises et emploi salari? formel du secteur priv?), published by the Institut National de la Statistique, Tunis."
,788,2014,,Footnote,"For some industries, the number of employees may be less than the number of enterprises owing to the reason that the workforce in those industries consists of personnel such as working proprietors, unpaid family workers, etc. that are not included in the count of employees."
,788,2014,,Concepts and definitions,Wages and salaries refers to direct wages and salaries only.
,788,2015,,Table Note,Number of enterprises
,788,2015,,Related national publications,"Statistiques issues du R?pertoire National des Entreprises (Entreprises et emploi salari? formel du secteur priv?), published by the Institut National de la Statistique, Tunis."
,788,2015,,Footnote,"For some industries, the number of employees may be less than the number of enterprises owing to the reason that the workforce in those industries consists of personnel such as working proprietors, unpaid family workers, etc. that are not included in the count of employees."
,788,2015,,Concepts and definitions,Wages and salaries refers to direct wages and salaries only.
,788,2016,,Table Note,Number of enterprises
,788,2016,,Related national publications,"Statistiques issues du R?pertoire National des Entreprises (Entreprises et emploi salari? formel du secteur priv?), published by the Institut National de la Statistique, Tunis."
,788,2016,,Footnote,"For some industries, the number of employees may be less than the number of enterprises owing to the reason that the workforce in those industries consists of personnel such as working proprietors, unpaid family workers, etc. that are not included in the count of employees."
,788,2016,,Concepts and definitions,Wages and salaries refers to direct wages and salaries only.
,788,2017,,Table Note,Number of enterprises
,788,2017,,Related national publications,"Statistiques issues du R?pertoire National des Entreprises (Entreprises et emploi salari? formel du secteur priv?), published by the Institut National de la Statistique, Tunis."
,788,2017,,Footnote,"For some industries, the number of employees may be less than the number of enterprises owing to the reason that the workforce in those industries consists of personnel such as working proprietors, unpaid family workers, etc. that are not included in the count of employees."
,788,2017,,Concepts and definitions,Wages and salaries refers to direct wages and salaries only.
,788,2018,,Table Note,Number of enterprises
,788,2018,,Related national publications,"Statistiques issues du R?pertoire National des Entreprises (Entreprises et emploi salari? formel du secteur priv?), published by the Institut National de la Statistique, Tunis."
,788,2018,,Footnote,"For some industries, the number of employees may be less than the number of enterprises owing to the reason that the workforce in those industries consists of personnel such as working proprietors, unpaid family workers, etc. that are not included in the count of employees."
,788,2018,,Concepts and definitions,Wages and salaries refers to direct wages and salaries only.
,788,2019,,Table Note,Number of enterprises
,788,2019,,Related national publications,"Statistiques issues du R?pertoire National des Entreprises (Entreprises et emploi salari? formel du secteur priv?), published by the Institut National de la Statistique, Tunis."
,788,2019,,Footnote,"For some industries, the number of employees may be less than the number of enterprises owing to the reason that the workforce in those industries consists of personnel such as working proprietors, unpaid family workers, etc. that are not included in the count of employees."
,788,2019,,Concepts and definitions,Wages and salaries refers to direct wages and salaries only.
,788,2020,,Table Note,Number of enterprises
,788,2020,,Related national publications,"Statistiques issues du R?pertoire National des Entreprises (Entreprises et emploi salari? formel du secteur priv?), published by the Institut National de la Statistique, Tunis."
,788,2020,,Footnote,"For some industries, the number of employees may be less than the number of enterprises owing to the reason that the workforce in those industries consists of personnel such as working proprietors, unpaid family workers, etc. that are not included in the count of employees."
,788,2020,,Concepts and definitions,Wages and salaries refers to direct wages and salaries only.
,792,,,Related national publications,"Annual Industry and Service Statistics, published by the Turkish Statistical Institute, Ankara."
,792,,,Type of enumeration,Full enumeration for enterprises with multiple local units or with more than 20 employees; sampling method is used for enterprises having single local unit or with less than 20 employees.
,792,,,Method of data collection,Web-based electronic questionnaires.
,792,,,Reference Period,Calendar year.
,792,,,Adjusted for non-response,Yes.
,792,,,Scope,All enterprises that are active during the reference period.
,792,,,Source,Annual surveys; business register.
,792,2008,,Table Note,Number of enterprises
,792,2008,,Deviations from ISIC,Data are originally reported in the national classification that is in accordance with NACE (Revision 1.1).
,792,2008,,Data Supplier,"Turkish Statistical Institute, Ankara.
Industrial statistics for the OECD countries are compiled by the OECD secretariat, which supplies them to UNIDO."
,792,2009,,Table Note,Number of enterprises
,792,2009,,Deviations from ISIC,Data presented in ISIC Revision 4 were originally classified according to NACE revision 2.
,792,2009,,Footnote,"Data were derived from the official website of the Turkish Statistical Institute, Ankara."
,792,2009,,Footnote,"For some industries, the number of employees may be less than the number of enterprises owing to the reason that the workforce in those industries consists of personnel such as working proprietors, unpaid family workers, etc. that are not included in the count of employees."
,792,2009,,Footnote,A zero (0) indicates that a value is either nil or negligible.
,792,2009,,Footnote,A zero (0) indicates that a value is either nil or negligible.
,792,2009,,Footnote,"For the period 2009-2017: except for variables Wages & salaries-T05 and Gross fixed capital formation-T21, data for other variables: (a) Enterprises-T02, (b) Number of employees-T04, (c) Output-T14 and (d) Value added at factor cost-T18 have been revised by data source in 2017. As a result users are advised to use caution in making comparisons between these variables."
,792,2009,,Footnote,"For the period 2009-2017: except for variables Wages & salaries-T05 and Gross fixed capital formation-T21, data for other variables: (a) Enterprises-T02, (b) Number of employees-T04, (c) Output-T14 and (d) Value added at factor cost-T18 have been revised by data source in 2017. As a result users are advised to use caution in making comparisons between these variables."
,792,2009,,Footnote,A zero (0) indicates that a value is either nil or negligible.
,792,2009,,Data Supplier,"Turkish Statistical Institute, Ankara."
,792,2010,,Table Note,Number of enterprises
,792,2010,,Footnote,A zero (0) indicates that a value is either nil or negligible.
,792,2010,,Deviations from ISIC,Data presented in ISIC Revision 4 were originally classified according to NACE revision 2.
,792,2010,,Footnote,"Data were derived from the official website of the Turkish Statistical Institute, Ankara."
,792,2010,,Footnote,A zero (0) indicates that a value is either nil or negligible.
,792,2010,,Footnote,"For the period 2009-2017: except for variables Wages & salaries-T05 and Gross fixed capital formation-T21, data for other variables: (a) Enterprises-T02, (b) Number of employees-T04, (c) Output-T14 and (d) Value added at factor cost-T18 have been revised by data source in 2017. As a result users are advised to use caution in making comparisons between these variables."
,792,2010,,Footnote,"For some industries, the number of employees may be less than the number of enterprises owing to the reason that the workforce in those industries consists of personnel such as working proprietors, unpaid family workers, etc. that are not included in the count of employees."
,792,2010,,Footnote,"For the period 2009-2017: except for variables Wages & salaries-T05 and Gross fixed capital formation-T21, data for other variables: (a) Enterprises-T02, (b) Number of employees-T04, (c) Output-T14 and (d) Value added at factor cost-T18 have been revised by data source in 2017. As a result users are advised to use caution in making comparisons between these variables."
,792,2010,,Footnote,A zero (0) indicates that a value is either nil or negligible.
,792,2010,,Data Supplier,"Turkish Statistical Institute, Ankara."
,792,2011,,Table Note,Number of enterprises
,792,2011,,Footnote,A zero (0) indicates that a value is either nil or negligible.
,792,2011,,Footnote,"For the period 2009-2017: except for variables Wages & salaries-T05 and Gross fixed capital formation-T21, data for other variables: (a) Enterprises-T02, (b) Number of employees-T04, (c) Output-T14 and (d) Value added at factor cost-T18 have been revised by data source in 2017. As a result users are advised to use caution in making comparisons between these variables."
,792,2011,,Footnote,"For some industries, the number of employees may be less than the number of enterprises owing to the reason that the workforce in those industries consists of personnel such as working proprietors, unpaid family workers, etc. that are not included in the count of employees."
,792,2011,,Deviations from ISIC,Data presented in ISIC Revision 4 were originally classified according to NACE revision 2.
,792,2011,,Footnote,"Data were derived from the official website of the Turkish Statistical Institute, Ankara."
,792,2011,,Footnote,A zero (0) indicates that a value is either nil or negligible.
,792,2011,,Footnote,"For the period 2009-2017: except for variables Wages & salaries-T05 and Gross fixed capital formation-T21, data for other variables: (a) Enterprises-T02, (b) Number of employees-T04, (c) Output-T14 and (d) Value added at factor cost-T18 have been revised by data source in 2017. As a result users are advised to use caution in making comparisons between these variables."
,792,2011,,Footnote,A zero (0) indicates that a value is either nil or negligible.
,792,2011,,Data Supplier,"Turkish Statistical Institute, Ankara."
,792,2012,,Table Note,Number of enterprises
,792,2012,,Deviations from ISIC,Data presented in ISIC Revision 4 were originally classified according to NACE revision 2.
,792,2012,,Footnote,"For some industries, the number of employees may be less than the number of enterprises owing to the reason that the workforce in those industries consists of personnel such as working proprietors, unpaid family workers, etc. that are not included in the count of employees."
,792,2012,,Footnote,A zero (0) indicates that a value is either nil or negligible.
,792,2012,,Footnote,A zero (0) indicates that a value is either nil or negligible.
,792,2012,,Footnote,"For the period 2009-2017: except for variables Wages & salaries-T05 and Gross fixed capital formation-T21, data for other variables: (a) Enterprises-T02, (b) Number of employees-T04, (c) Output-T14 and (d) Value added at factor cost-T18 have been revised by data source in 2017. As a result users are advised to use caution in making comparisons between these variables."
,792,2012,,Footnote,"Data were derived from the official website of the Turkish Statistical Institute, Ankara."
,792,2012,,Footnote,A zero (0) indicates that a value is either nil or negligible.
,792,2012,,Footnote,"For the period 2009-2017: except for variables Wages & salaries-T05 and Gross fixed capital formation-T21, data for other variables: (a) Enterprises-T02, (b) Number of employees-T04, (c) Output-T14 and (d) Value added at factor cost-T18 have been revised by data source in 2017. As a result users are advised to use caution in making comparisons between these variables."
,792,2012,,Data Supplier,"Turkish Statistical Institute, Ankara."
,792,2013,,Table Note,Number of enterprises
,792,2013,,Footnote,A zero (0) indicates that a value is either nil or negligible.
,792,2013,,Footnote,"Data were derived from the official website of the Turkish Statistical Institute, Ankara."
,792,2013,,Footnote,A zero (0) indicates that a value is either nil or negligible.
,792,2013,,Footnote,"For the period 2009-2017: except for variables Wages & salaries-T05 and Gross fixed capital formation-T21, data for other variables: (a) Enterprises-T02, (b) Number of employees-T04, (c) Output-T14 and (d) Value added at factor cost-T18 have been revised by data source in 2017. As a result users are advised to use caution in making comparisons between these variables."
,792,2013,,Footnote,"For the period 2009-2017: except for variables Wages & salaries-T05 and Gross fixed capital formation-T21, data for other variables: (a) Enterprises-T02, (b) Number of employees-T04, (c) Output-T14 and (d) Value added at factor cost-T18 have been revised by data source in 2017. As a result users are advised to use caution in making comparisons between these variables."
,792,2013,,Deviations from ISIC,Data presented in ISIC Revision 4 were originally classified according to NACE revision 2.
,792,2013,,Footnote,"For some industries, the number of employees may be less than the number of enterprises owing to the reason that the workforce in those industries consists of personnel such as working proprietors, unpaid family workers, etc. that are not included in the count of employees."
,792,2013,,Footnote,A zero (0) indicates that a value is either nil or negligible.
,792,2013,,Data Supplier,"Turkish Statistical Institute, Ankara."
,792,2014,,Table Note,Number of enterprises
,792,2014,,Footnote,"For some industries, the number of employees may be less than the number of enterprises owing to the reason that the workforce in those industries consists of personnel such as working proprietors, unpaid family workers, etc. that are not included in the count of employees."
,792,2014,,Footnote,"For the period 2009-2017: except for variables Wages & salaries-T05 and Gross fixed capital formation-T21, data for other variables: (a) Enterprises-T02, (b) Number of employees-T04, (c) Output-T14 and (d) Value added at factor cost-T18 have been revised by data source in 2017. As a result users are advised to use caution in making comparisons between these variables."
,792,2014,,Deviations from ISIC,Data presented in ISIC Revision 4 were originally classified according to NACE revision 2.
,792,2014,,Footnote,"Data were derived from the official website of the Turkish Statistical Institute, Ankara."
,792,2014,,Footnote,A zero (0) indicates that a value is either nil or negligible.
,792,2014,,Footnote,A zero (0) indicates that a value is either nil or negligible.
,792,2014,,Footnote,"For the period 2009-2017: except for variables Wages & salaries-T05 and Gross fixed capital formation-T21, data for other variables: (a) Enterprises-T02, (b) Number of employees-T04, (c) Output-T14 and (d) Value added at factor cost-T18 have been revised by data source in 2017. As a result users are advised to use caution in making comparisons between these variables."
,792,2014,,Footnote,A zero (0) indicates that a value is either nil or negligible.
,792,2014,,Data Supplier,"Turkish Statistical Institute, Ankara."
,792,2015,,Table Note,Number of enterprises
,792,2015,,Deviations from ISIC,Data presented in ISIC Revision 4 were originally classified according to NACE revision 2.
,792,2015,,Footnote,"Data were derived from the official website of the Turkish Statistical Institute, Ankara."
,792,2015,,Footnote,A zero (0) indicates that a value is either nil or negligible.
,792,2015,,Footnote,"For some industries, the number of employees may be less than the number of enterprises owing to the reason that the workforce in those industries consists of personnel such as working proprietors, unpaid family workers, etc. that are not included in the count of employees."
,792,2015,,Footnote,A zero (0) indicates that a value is either nil or negligible.
,792,2015,,Footnote,"For the period 2009-2017: except for variables Wages & salaries-T05 and Gross fixed capital formation-T21, data for other variables: (a) Enterprises-T02, (b) Number of employees-T04, (c) Output-T14 and (d) Value added at factor cost-T18 have been revised by data source in 2017. As a result users are advised to use caution in making comparisons between these variables."
,792,2015,,Footnote,A zero (0) indicates that a value is either nil or negligible.
,792,2015,,Footnote,"For the period 2009-2017: except for variables Wages & salaries-T05 and Gross fixed capital formation-T21, data for other variables: (a) Enterprises-T02, (b) Number of employees-T04, (c) Output-T14 and (d) Value added at factor cost-T18 have been revised by data source in 2017. As a result users are advised to use caution in making comparisons between these variables."
,792,2015,,Data Supplier,"Turkish Statistical Institute, Ankara."
,792,2016,,Table Note,Number of enterprises
,792,2016,,Footnote,"Data were derived from the official website of the Turkish Statistical Institute, Ankara."
,792,2016,,Footnote,A zero (0) indicates that a value is either nil or negligible.
,792,2016,,Footnote,Data refer to personnel cost obtained by adding the gross payments made to personnel and social security costs.
,792,2016,,Footnote,"For the period 2009-2017: except for variables Wages & salaries-T05 and Gross fixed capital formation-T21, data for other variables: (a) Enterprises-T02, (b) Number of employees-T04, (c) Output-T14 and (d) Value added at factor cost-T18 have been revised by data source in 2017. As a result users are advised to use caution in making comparisons between these variables."
,792,2016,,Deviations from ISIC,Data presented in ISIC Revision 4 were originally classified according to NACE revision 2.
,792,2016,,Footnote,"For some industries, the number of employees may be less than the number of enterprises owing to the reason that the workforce in those industries consists of personnel such as working proprietors, unpaid family workers, etc. that are not included in the count of employees."
,792,2016,,Footnote,A zero (0) indicates that a value is either nil or negligible.
,792,2016,,Data Supplier,"Turkish Statistical Institute, Ankara."
,792,2017,,Table Note,Number of enterprises
,792,2017,,Deviations from ISIC,Data presented in ISIC Revision 4 were originally classified according to NACE revision 2.
,792,2017,,Footnote,"For some industries, the number of employees may be less than the number of enterprises owing to the reason that the workforce in those industries consists of personnel such as working proprietors, unpaid family workers, etc. that are not included in the count of employees."
,792,2017,,Footnote,"Data were derived from the official website of the Turkish Statistical Institute, Ankara."
,792,2017,,Footnote,A zero (0) indicates that a value is either nil or negligible.
,792,2017,,Footnote,Data refer to personnel cost obtained by adding the gross payments made to personnel and social security costs.
,792,2017,,Footnote,"For the period 2009-2017: except for variables Wages & salaries-T05 and Gross fixed capital formation-T21, data for other variables: (a) Enterprises-T02, (b) Number of employees-T04, (c) Output-T14 and (d) Value added at factor cost-T18 have been revised by data source in 2017. As a result users are advised to use caution in making comparisons between these variables."
,792,2017,,Footnote,A zero (0) indicates that a value is either nil or negligible.
,792,2017,,Data Supplier,"Turkish Statistical Institute, Ankara."
,792,2018,,Table Note,Number of enterprises
,792,2018,,Deviations from ISIC,Data presented in ISIC Revision 4 were originally classified according to NACE revision 2.
,792,2018,,Footnote,"Data were derived from the official website of the Turkish Statistical Institute, Ankara."
,792,2018,,Footnote,A zero (0) indicates that a value is either nil or negligible.
,792,2018,,Footnote,A zero (0) indicates that a value is either nil or negligible.
,792,2018,,Footnote,Data refer to personnel cost obtained by adding the gross payments made to personnel and social security costs.
,792,2018,,Footnote,"For some industries, the number of employees may be less than the number of enterprises owing to the reason that the workforce in those industries consists of personnel such as working proprietors, unpaid family workers, etc. that are not included in the count of employees."
,792,2018,,Data Supplier,"Turkish Statistical Institute, Ankara."
,792,2019,,Table Note,Number of enterprises
,792,2019,,Footnote,"For some industries, the number of employees may be less than the number of enterprises owing to the reason that the workforce in those industries consists of personnel such as working proprietors, unpaid family workers, etc. that are not included in the count of employees."
,792,2019,,Footnote,A zero (0) indicates that a value is either nil or negligible.
,792,2019,,Footnote,Data refer to personnel cost obtained by adding the gross payments made to personnel and social security costs.
,792,2019,,Deviations from ISIC,Data presented in ISIC Revision 4 were originally classified according to NACE revision 2.
,792,2019,,Footnote,"Data were derived from the official website of the Turkish Statistical Institute, Ankara."
,792,2019,,Footnote,A zero (0) indicates that a value is either nil or negligible.
,792,2019,,Data Supplier,"Turkish Statistical Institute, Ankara."
,792,2020,,Table Note,Number of enterprises
,792,2020,,Deviations from ISIC,Data presented in ISIC Revision 4 were originally classified according to NACE revision 2.
,792,2020,,Footnote,"Data were derived from the official website of the Turkish Statistical Institute, Ankara."
,792,2020,,Footnote,A zero (0) indicates that a value is either nil or negligible.
,792,2020,,Footnote,A zero (0) indicates that a value is either nil or negligible.
,792,2020,,Footnote,Data refer to personnel cost obtained by adding the gross payments made to personnel and social security costs.
,792,2020,,Footnote,"For some industries, the number of employees may be less than the number of enterprises owing to the reason that the workforce in those industries consists of personnel such as working proprietors, unpaid family workers, etc. that are not included in the count of employees."
,792,2020,,Data Supplier,"Turkish Statistical Institute, Ankara."
20,792,2008,,Table Note,Value added at factor values
20,792,2009,,Table Note,Value added at factor values
20,792,2009,,Footnote,A zero (0) indicates that a value is either nil or negligible.
20,792,2010,,Table Note,Value added at factor values
20,792,2010,,Footnote,A zero (0) indicates that a value is either nil or negligible.
20,792,2011,,Table Note,Value added at factor values
20,792,2011,,Footnote,A zero (0) indicates that a value is either nil or negligible.
20,792,2012,,Table Note,Value added at factor values
20,792,2012,,Footnote,A zero (0) indicates that a value is either nil or negligible.
20,792,2013,,Table Note,Value added at factor values
20,792,2013,,Footnote,A zero (0) indicates that a value is either nil or negligible.
20,792,2014,,Table Note,Value added at factor values
20,792,2014,,Footnote,A zero (0) indicates that a value is either nil or negligible.
20,792,2015,,Table Note,Value added at factor values
20,792,2015,,Footnote,A zero (0) indicates that a value is either nil or negligible.
20,792,2016,,Table Note,Value added at factor values
20,792,2016,,Footnote,A zero (0) indicates that a value is either nil or negligible.
20,792,2017,,Table Note,Value added at factor values
20,792,2017,,Footnote,A zero (0) indicates that a value is either nil or negligible.
20,792,2018,,Table Note,Value added at factor values
20,792,2018,,Footnote,A zero (0) indicates that a value is either nil or negligible.
20,792,2019,,Table Note,Value added at factor values
20,792,2019,,Footnote,A zero (0) indicates that a value is either nil or negligible.
20,792,2020,,Table Note,Value added at factor values
20,792,2020,,Footnote,A zero (0) indicates that a value is either nil or negligible.
,804,,,Type of enumeration,Complete enumeration for medium and large enterprises; sample survey for small enterprises.
,804,,,Method of data collection,Mail and e-mail questionnaires.
,804,,,Related national publications,"Statistical Yearbook of Ukraine; Activity of Economic Entities; Activity of Small-Scaled Entities, all published by the State Statistics Service of Ukraine, Kyiv."
,804,,,Deviations from ISIC,None reported.
,804,,,Adjusted for non-response,Yes (response rate: approximately 90 %).
,804,,,Scope,All registered enterprises.
,804,,,Reference Period,Calendar year.
,804,,,Source,Census; sample survey.
,804,,,Concepts and definitions,No deviations from the standard UN concepts and definitions are reported.
,804,,,Data Supplier,"State Statistics Service of Ukraine, Kyiv."
,804,,2731,Footnote,Data suppressed due to confidentiality rules.
,804,,3091,Footnote,Data suppressed due to confidentiality rules.
,804,,3091,Footnote,Data suppressed due to confidentiality rules.
,804,,3091,Footnote,Data suppressed due to confidentiality rules.
,804,,3091,Footnote,Data suppressed due to confidentiality rules.
,804,,3099,Footnote,Data suppressed due to confidentiality rules.
,804,,2733,Footnote,Data suppressed due to confidentiality rules.
,804,2010,,Table Note,Number of enterprises
,804,2010,3099,Footnote,Data suppressed due to confidentiality rules.
,804,2010,3099,Footnote,Data suppressed due to confidentiality rules.
,804,2010,3099,Footnote,Data suppressed due to confidentiality rules.
,804,2010,3099,Footnote,Data suppressed due to confidentiality rules.
,804,2011,,Table Note,Number of enterprises
,804,2012,,Table Note,Number of enterprises
,804,2012,,Table Note,Output at factor values
,804,2013,,Table Note,Number of enterprises
,804,2013,,Table Note,Output at factor values
,804,2014,,Table Note,Number of enterprises
,804,2014,,Table Note,Output at factor values
,804,2014,2731,Footnote,Data suppressed due to confidentiality rules.
,804,2014,3099,Footnote,Data suppressed due to confidentiality rules.
,804,2014,2733,Footnote,Data suppressed due to confidentiality rules.
,804,2015,,Table Note,Number of enterprises
,804,2015,,Table Note,Output at factor values
,804,2015,,Special note,"Statistical data for 2015 and 2016 exclude the temporarily occupied territory of the Autonomous Republic of Crimea, the city of Sevastopol and a part of the temporarily occupied territories in the Donetsk and Luhansk regions."
,804,2015,3099,Footnote,Data suppressed due to confidentiality rules.
,804,2015,2733,Footnote,Data suppressed due to confidentiality rules.
,804,2016,,Table Note,Number of enterprises
,804,2016,,Table Note,Output at factor values
,804,2016,,Special note,"Statistical data for 2015 and 2016 exclude the temporarily occupied territory of the Autonomous Republic of Crimea, the city of Sevastopol and a part of the temporarily occupied territories in the Donetsk and Luhansk regions."
,804,2016,3099,Footnote,Data suppressed due to confidentiality rules.
,804,2017,,Table Note,Number of enterprises
,804,2017,,Table Note,Output at factor values
,804,2017,,Special note,"Statistical data for 2015 and 2016 exclude the temporarily occupied territory of the Autonomous Republic of Crimea, the city of Sevastopol and a part of the temporarily occupied territories in the Donetsk and Luhansk regions."
,804,2017,3091,Footnote,Data suppressed due to confidentiality rules.
,804,2017,3099,Footnote,Data suppressed due to confidentiality rules.
,804,2018,,Table Note,Number of enterprises
,804,2018,,Table Note,Output at factor values
,804,2018,,Special note,"Statistical data for 2015 and 2016 exclude the temporarily occupied territory of the Autonomous Republic of Crimea, the city of Sevastopol and a part of the temporarily occupied territories in the Donetsk and Luhansk regions."
,804,2018,3091,Footnote,Data suppressed due to confidentiality rules.
,804,2018,3099,Footnote,Data suppressed due to confidentiality rules.
,804,2019,,Table Note,Number of enterprises
,804,2019,,Table Note,Output at factor values
,804,2019,,Special note,"Statistical data for 2015 and 2016 exclude the temporarily occupied territory of the Autonomous Republic of Crimea, the city of Sevastopol and a part of the temporarily occupied territories in the Donetsk and Luhansk regions."
,804,2020,,Table Note,Number of enterprises
,804,2020,,Table Note,Output at factor values
,804,2020,,Special note,"Statistical data for 2015 and 2016 exclude the temporarily occupied territory of the Autonomous Republic of Crimea, the city of Sevastopol and a part of the temporarily occupied territories in the Donetsk and Luhansk regions."
,804,2020,2731,Footnote,Data suppressed due to confidentiality rules.
,804,2020,2731,Footnote,Data suppressed due to confidentiality rules.
,804,2020,2731,Footnote,Data suppressed due to confidentiality rules.
,804,2020,2731,Footnote,Data suppressed due to confidentiality rules.
,804,2020,2817,Footnote,Data suppressed due to confidentiality rules.
,804,2020,2817,Footnote,Data suppressed due to confidentiality rules.
,804,2020,2817,Footnote,Data suppressed due to confidentiality rules.
,804,2020,2817,Footnote,Data suppressed due to confidentiality rules.
,804,2020,3099,Footnote,Data suppressed due to confidentiality rules.
,804,2020,2818,Footnote,Data suppressed due to confidentiality rules.
,804,2020,2818,Footnote,Data suppressed due to confidentiality rules.
,804,2020,2818,Footnote,Data suppressed due to confidentiality rules.
,804,2020,2818,Footnote,Data suppressed due to confidentiality rules.
,804,2020,2733,Footnote,Data suppressed due to confidentiality rules.
,804,2020,2733,Footnote,Data suppressed due to confidentiality rules.
,804,2020,2733,Footnote,Data suppressed due to confidentiality rules.
,804,2020,2733,Footnote,Data suppressed due to confidentiality rules.
20,804,,2731,Footnote,Data suppressed due to confidentiality rules.
20,804,,3091,Footnote,Data suppressed due to confidentiality rules.
20,804,,3099,Footnote,Data suppressed due to confidentiality rules.
20,804,,2733,Footnote,Data suppressed due to confidentiality rules.
20,804,2012,,Table Note,Value added at factor values
20,804,2013,,Table Note,Value added at factor values
20,804,2014,,Table Note,Value added at factor values
20,804,2015,,Table Note,Value added at factor values
20,804,2016,,Table Note,Value added at factor values
20,804,2017,,Table Note,Value added at factor values
20,804,2018,,Table Note,Value added at factor values
20,804,2019,,Table Note,Value added at factor values
20,804,2020,,Table Note,Value added at factor values
20,804,2020,2817,Footnote,Data suppressed due to confidentiality rules.
20,804,2020,2818,Footnote,Data suppressed due to confidentiality rules.
,807,2009,,Table Note,Output at basic prices
,807,2009,,Deviations from ISIC,None reported.
,807,2009,,Method of data collection,Not reported.
,807,2009,,Related national publications,None reported.
,807,2009,,Type of enumeration,Not reported.
,807,2009,,Scope,All establishments.
,807,2009,,Source,Annual survey; administrative source.
,807,2009,,Reference Period,Calendar year.
,807,2009,,Concepts and definitions,No deviations from the standard UN concepts and definitions are reported.
,807,2009,,Adjusted for non-response,Not reported.
,807,2009,,Data Supplier,"State Statistical Office of the Republic of North Macedonia, Skopje."
,807,2010,,Table Note,Output at basic prices
,807,2010,,Related national publications,None reported.
,807,2010,,Method of data collection,Not reported.
,807,2010,,Type of enumeration,Not reported.
,807,2010,,Deviations from ISIC,None reported.
,807,2010,,Scope,All establishments.
,807,2010,,Source,Annual survey; administrative source.
,807,2010,,Adjusted for non-response,Not reported.
,807,2010,,Data Supplier,"State Statistical Office of the Republic of North Macedonia, Skopje."
,807,2010,,Reference Period,Calendar year.
,807,2010,,Concepts and definitions,No deviations from the standard UN concepts and definitions are reported.
,807,2011,,Table Note,Output at basic prices
,807,2011,,Type of enumeration,Not reported.
,807,2011,,Deviations from ISIC,None reported.
,807,2011,,Related national publications,None reported.
,807,2011,,Source,Annual survey; administrative source.
,807,2011,,Reference Period,Calendar year.
,807,2011,,Concepts and definitions,No deviations from the standard UN concepts and definitions are reported.
,807,2011,,Method of data collection,Not reported.
,807,2011,,Scope,All establishments.
,807,2011,,Adjusted for non-response,Not reported.
,807,2011,,Data Supplier,"State Statistical Office of the Republic of North Macedonia, Skopje."
,807,2012,,Table Note,Output at basic prices
,807,2012,,Deviations from ISIC,None reported.
,807,2012,,Related national publications,None reported.
,807,2012,,Method of data collection,Not reported.
,807,2012,,Scope,All establishments.
,807,2012,,Adjusted for non-response,Not reported.
,807,2012,,Data Supplier,"State Statistical Office of the Republic of North Macedonia, Skopje."
,807,2012,,Type of enumeration,Not reported.
,807,2012,,Source,Annual survey; administrative source.
,807,2012,,Reference Period,Calendar year.
,807,2012,,Concepts and definitions,No deviations from the standard UN concepts and definitions are reported.
,807,2013,,Table Note,Output at basic prices
,807,2013,,Related national publications,None reported.
,807,2013,,Type of enumeration,Not reported.
,807,2013,,Scope,All establishments.
,807,2013,,Source,Annual survey; administrative source.
,807,2013,,Data Supplier,"State Statistical Office of the Republic of North Macedonia, Skopje."
,807,2013,,Deviations from ISIC,None reported.
,807,2013,,Method of data collection,Not reported.
,807,2013,,Reference Period,Calendar year.
,807,2013,,Concepts and definitions,No deviations from the standard UN concepts and definitions are reported.
,807,2013,,Adjusted for non-response,Not reported.
,807,2013,1910,Footnote,Methodological break: Inconsistencies are due to changed main activity of important business entities and therefore not included in ISIC 19 anymore.
,807,2013,1910,Footnote,Methodological break: Inconsistencies are due to changed main activity of important business entities and therefore not included in ISIC 19 anymore.
,807,2014,,Table Note,Output at basic prices
,807,2014,,Deviations from ISIC,None reported.
,807,2014,,Reference Period,Calendar year.
,807,2014,,Related national publications,None reported.
,807,2014,,Method of data collection,Not reported.
,807,2014,,Type of enumeration,Not reported.
,807,2014,,Concepts and definitions,No deviations from the standard UN concepts and definitions are reported.
,807,2014,,Scope,All establishments.
,807,2014,,Source,Annual survey; administrative source.
,807,2014,,Adjusted for non-response,Not reported.
,807,2014,,Data Supplier,"State Statistical Office of the Republic of North Macedonia, Skopje."
,807,2015,,Table Note,Output at basic prices
,807,2015,,Type of enumeration,Not reported.
,807,2015,,Reference Period,Calendar year.
,807,2015,,Concepts and definitions,No deviations from the standard UN concepts and definitions are reported.
,807,2015,,Scope,All establishments.
,807,2015,,Source,Annual survey; administrative source.
,807,2015,,Deviations from ISIC,None reported.
,807,2015,,Related national publications,None reported.
,807,2015,,Method of data collection,Not reported.
,807,2015,,Adjusted for non-response,Not reported.
,807,2015,,Data Supplier,"State Statistical Office of the Republic of North Macedonia, Skopje."
,807,2016,,Table Note,Output at basic prices
,807,2016,,Type of enumeration,Complete enumeration.
,807,2016,,Deviations from ISIC,None reported.
,807,2016,,Related national publications,None reported.
,807,2016,,Method of data collection,Not reported.
,807,2016,,Scope,All establishments.
,807,2016,,Adjusted for non-response,Not reported.
,807,2016,,Data Supplier,"State Statistical Office of the Republic of North Macedonia, Skopje."
,807,2016,,Concepts and definitions,Number of employees includes home workers.
,807,2016,,Source,Annual survey; administrative source.
,807,2016,,Reference Period,Calendar year.
,807,2016,,Concepts and definitions,Output includes revenue from non-industrial activities.
,807,2016,,Concepts and definitions,"Wages and salaries includes employers' contributions (in respect of their employees) paid to social security, pension and insurance schemes as well as the benefits received by employees under these schemes and severance and termination pay."
,807,2017,,Table Note,Output at basic prices
,807,2017,,Scope,All establishments.
,807,2017,,Source,Annual survey; administrative source.
,807,2017,,Data Supplier,"State Statistical Office of the Republic of North Macedonia, Skopje."
,807,2017,,Type of enumeration,Complete enumeration.
,807,2017,,Deviations from ISIC,None reported.
,807,2017,,Related national publications,None reported.
,807,2017,,Method of data collection,Not reported.
,807,2017,,Reference Period,Calendar year.
,807,2017,,Adjusted for non-response,Not reported.
,807,2017,,Concepts and definitions,Number of employees includes home workers.
,807,2017,,Concepts and definitions,Output includes revenue from non-industrial activities.
,807,2017,,Concepts and definitions,"Wages and salaries includes employers' contributions (in respect of their employees) paid to social security, pension and insurance schemes as well as the benefits received by employees under these schemes and severance and termination pay."
,807,2018,,Table Note,Output at basic prices
,807,2018,,Type of enumeration,Complete enumeration.
,807,2018,,Deviations from ISIC,None reported.
,807,2018,,Reference Period,Calendar year.
,807,2018,,Related national publications,None reported.
,807,2018,,Method of data collection,Not reported.
,807,2018,,Scope,All establishments.
,807,2018,,Source,Annual survey; administrative source.
,807,2018,,Adjusted for non-response,Not reported.
,807,2018,,Data Supplier,"State Statistical Office of the Republic of North Macedonia, Skopje."
,807,2018,,Concepts and definitions,Number of employees includes home workers.
,807,2018,,Concepts and definitions,Output includes revenue from non-industrial activities.
,807,2018,,Concepts and definitions,"Wages and salaries includes employers' contributions (in respect of their employees) paid to social security, pension and insurance schemes as well as the benefits received by employees under these schemes and severance and termination pay."
,807,2019,,Table Note,Output at basic prices
,807,2019,,Type of enumeration,Complete enumeration.
,807,2019,,Deviations from ISIC,None reported.
,807,2019,,Related national publications,None reported.
,807,2019,,Method of data collection,Not reported.
,807,2019,,Scope,All establishments.
,807,2019,,Source,Annual survey; administrative source.
,807,2019,,Adjusted for non-response,Not reported.
,807,2019,,Data Supplier,"State Statistical Office of the Republic of North Macedonia, Skopje."
,807,2019,,Concepts and definitions,Number of employees includes home workers.
,807,2019,,Reference Period,Calendar year.
,807,2019,,Concepts and definitions,Output includes revenue from non-industrial activities.
,807,2019,,Concepts and definitions,"Wages and salaries includes employers' contributions (in respect of their employees) paid to social security, pension and insurance schemes as well as the benefits received by employees under these schemes and severance and termination pay."
20,807,2009,,Table Note,Value added at basic prices
20,807,2010,,Table Note,Value added at basic prices
20,807,2011,,Table Note,Value added at basic prices
20,807,2012,,Table Note,Value added at basic prices
20,807,2013,,Table Note,Value added at basic prices
20,807,2013,1910,Footnote,Methodological break: Inconsistencies are due to changed main activity of important business entities and therefore not included in ISIC 19 anymore.
20,807,2014,,Table Note,Value added at basic prices
20,807,2015,,Table Note,Value added at basic prices
20,807,2016,,Table Note,Value added at basic prices
20,807,2016,,Concepts and definitions,Value added includes cost of non-industrial activities.
20,807,2017,,Table Note,Value added at basic prices
20,807,2017,,Concepts and definitions,Value added includes cost of non-industrial activities.
20,807,2018,,Table Note,Value added at basic prices
20,807,2018,,Concepts and definitions,Value added includes cost of non-industrial activities.
20,807,2019,,Table Note,Value added at basic prices
20,807,2019,,Concepts and definitions,Value added includes cost of non-industrial activities.
,818,,,Method of data collection,Not reported.
,818,2010,,Table Note,Output at factor values
,818,2010,,Related national publications,"Annual Bulletin on Industrial Production; Annual Bulletin on Industrial Statistics; Quarterly Bulletin on Industrial Statistics, all published by Central Agency for Public Mobilisation and Statistics, Cairo."
,818,2010,,Method of data collection,Direct interview in the field.
,818,2010,,Deviations from ISIC,None reported.
,818,2010,,Scope,All public establishments; private establishments with 10 or more employees.
,818,2010,,Source,Annual survey on registered establishments.
,818,2010,,Reference Period,Calendar year for private sector; fiscal year for public sector.
,818,2010,,Data Supplier,"Central Agency for Public Mobilisation and Statistics (CAPMAS), Cairo."
,818,2010,,Adjusted for non-response,Yes (response rate: approximately 90 %).
,818,2010,,Concepts and definitions,"Wages and salaries includes employers' contributions (in respect of their employees) paid to social security, pension and insurance schemes as well as the benefits received by employees under these schemes and severance and termination pay."
,818,2010,,Type of enumeration,Complete enumeration.
,818,2011,,Table Note,Output at factor values
,818,2011,,Data Supplier,"Central Agency for Public Mobilisation and Statistics (CAPMAS), Cairo."
,818,2011,,Scope,All public establishments; private establishments with 10 or more employees.
,818,2011,,Source,Annual survey on registered establishments.
,818,2011,,Reference Period,Calendar year for private sector; fiscal year for public sector.
,818,2011,,Adjusted for non-response,Yes (response rate: approximately 90 %).
,818,2011,,Related national publications,"Annual Bulletin on Industrial Production; Annual Bulletin on Industrial Statistics; Quarterly Bulletin on Industrial Statistics, all published by Central Agency for Public Mobilisation and Statistics, Cairo."
,818,2011,,Type of enumeration,Complete enumeration.
,818,2011,,Method of data collection,Direct interview in the field.
,818,2011,,Deviations from ISIC,None reported.
,818,2011,,Concepts and definitions,"Wages and salaries includes employers' contributions (in respect of their employees) paid to social security, pension and insurance schemes as well as the benefits received by employees under these schemes and severance and termination pay."
,818,2012,,Table Note,Output at factor values
,818,2012,,Source,Annual survey on registered establishments.
,818,2012,,Reference Period,Calendar year for private sector; fiscal year for public sector.
,818,2012,,Adjusted for non-response,Yes (response rate: approximately 90 %).
,818,2012,,Scope,All public establishments; private establishments with 10 or more employees.
,818,2012,,Data Supplier,"Central Agency for Public Mobilisation and Statistics (CAPMAS), Cairo."
,818,2012,,Related national publications,"Annual Bulletin on Industrial Production; Annual Bulletin on Industrial Statistics; Quarterly Bulletin on Industrial Statistics, all published by Central Agency for Public Mobilisation and Statistics, Cairo."
,818,2012,,Type of enumeration,Complete enumeration.
,818,2012,,Method of data collection,Direct interview in the field.
,818,2012,,Deviations from ISIC,None reported.
,818,2012,,Concepts and definitions,"Wages and salaries includes employers' contributions (in respect of their employees) paid to social security, pension and insurance schemes as well as the benefits received by employees under these schemes and severance and termination pay."
,818,2013,,Table Note,Output at factor values
,818,2013,,Scope,All public establishments; private establishments with 10 or more employees.
,818,2013,,Source,Annual survey on registered establishments.
,818,2013,,Reference Period,Calendar year for private sector; fiscal year for public sector.
,818,2013,,Data Supplier,"Central Agency for Public Mobilisation and Statistics (CAPMAS), Cairo."
,818,2013,,Adjusted for non-response,Yes (response rate: approximately 90 %).
,818,2013,,Related national publications,"Annual Bulletin on Industrial Production; Annual Bulletin on Industrial Statistics; Quarterly Bulletin on Industrial Statistics, all published by Central Agency for Public Mobilisation and Statistics, Cairo."
,818,2013,,Method of data collection,Direct interview in the field.
,818,2013,,Deviations from ISIC,None reported.
,818,2013,,Type of enumeration,Complete enumeration.
,818,2013,,Concepts and definitions,"Wages and salaries includes employers' contributions (in respect of their employees) paid to social security, pension and insurance schemes as well as the benefits received by employees under these schemes and severance and termination pay."
,818,2014,,Table Note,Output at factor values
,818,2014,,Reference Period,Calendar year for private sector; fiscal year for public sector.
,818,2014,,Data Supplier,"Central Agency for Public Mobilisation and Statistics (CAPMAS), Cairo."
,818,2014,,Adjusted for non-response,Yes (response rate: approximately 90 %).
,818,2014,,Scope,All public establishments; private establishments with 10 or more employees.
,818,2014,,Source,Annual survey on registered establishments.
,818,2014,,Type of enumeration,Complete enumeration.
,818,2014,,Related national publications,"Annual Bulletin on Industrial Production; Annual Bulletin on Industrial Statistics; Quarterly Bulletin on Industrial Statistics, all published by Central Agency for Public Mobilisation and Statistics, Cairo."
,818,2014,,Method of data collection,Direct interview in the field.
,818,2014,,Deviations from ISIC,None reported.
,818,2014,,Concepts and definitions,"Wages and salaries includes employers' contributions (in respect of their employees) paid to social security, pension and insurance schemes as well as the benefits received by employees under these schemes and severance and termination pay."
,818,2015,,Table Note,Output at factor values
,818,2015,,Scope,All public establishments; private establishments with 10 or more employees.
,818,2015,,Source,Annual survey on registered establishments.
,818,2015,,Reference Period,Calendar year for private sector; fiscal year for public sector.
,818,2015,,Adjusted for non-response,Yes (response rate: approximately 90 %).
,818,2015,,Concepts and definitions,Number of employees includes home workers.
,818,2015,,Data Supplier,"Central Agency for Public Mobilisation and Statistics (CAPMAS), Cairo."
,818,2015,,Deviations from ISIC,None reported.
,818,2015,,Related national publications,"Annual Bulletin on Industrial Production; Annual Bulletin on Industrial Statistics; Quarterly Bulletin on Industrial Statistics, all published by Central Agency for Public Mobilisation and Statistics, Cairo."
,818,2015,,Type of enumeration,Complete enumeration.
,818,2015,,Method of data collection,Direct interview in the field.
,818,2015,,Concepts and definitions,"Wages and salaries includes employers' contributions (in respect of their employees) paid to social security, pension and insurance schemes as well as the benefits received by employees under these schemes and severance and termination pay."
,818,2016,,Table Note,Output at factor values
,818,2016,,Scope,All public establishments; private establishments with 10 or more employees.
,818,2016,,Data Supplier,"Central Agency for Public Mobilisation and Statistics (CAPMAS), Cairo."
,818,2016,,Source,Annual survey on registered establishments.
,818,2016,,Reference Period,Calendar year for private sector; fiscal year for public sector.
,818,2016,,Adjusted for non-response,Yes (response rate: approximately 90 %).
,818,2016,,Concepts and definitions,Number of employees includes home workers.
,818,2016,,Related national publications,"Annual Bulletin on Industrial Production; Annual Bulletin on Industrial Statistics; Quarterly Bulletin on Industrial Statistics, all published by Central Agency for Public Mobilisation and Statistics, Cairo."
,818,2016,,Type of enumeration,Complete enumeration.
,818,2016,,Method of data collection,Direct interview in the field.
,818,2016,,Deviations from ISIC,None reported.
,818,2016,,Concepts and definitions,Output is valued at market prices.
,818,2016,,Concepts and definitions,"Wages and salaries includes employers' contributions (in respect of their employees) paid to social security, pension and insurance schemes as well as the benefits received by employees under these schemes and severance and termination pay."
,818,2017,,Table Note,Output at factor values
,818,2017,,Reference Period,Calendar year for private sector; fiscal year for public sector.
,818,2017,,Data Supplier,"Central Agency for Public Mobilisation and Statistics (CAPMAS), Cairo."
,818,2017,,Adjusted for non-response,Yes (response rate: approximately 90 %).
,818,2017,,Concepts and definitions,Number of employees includes home workers.
,818,2017,,Scope,All public establishments; private establishments with 10 or more employees.
,818,2017,,Source,Annual survey on registered establishments.
,818,2017,,Type of enumeration,Complete enumeration.
,818,2017,,Related national publications,"Annual Bulletin on Industrial Production; Annual Bulletin on Industrial Statistics; Quarterly Bulletin on Industrial Statistics, all published by Central Agency for Public Mobilisation and Statistics, Cairo."
,818,2017,,Method of data collection,Direct interview in the field.
,818,2017,,Deviations from ISIC,None reported.
,818,2017,,Concepts and definitions,Output is valued at market prices.
,818,2017,,Concepts and definitions,"Wages and salaries includes employers' contributions (in respect of their employees) paid to social security, pension and insurance schemes as well as the benefits received by employees under these schemes and severance and termination pay."
20,818,2010,,Table Note,Value added at factor values
20,818,2011,,Table Note,Value added at factor values
20,818,2012,,Table Note,Value added at factor values
20,818,2013,,Table Note,Value added at factor values
20,818,2014,,Table Note,Value added at factor values
20,818,2015,,Table Note,Value added at factor values
20,818,2016,,Table Note,Value added at factor values
20,818,2016,,Concepts and definitions,Value added is valued at market prices.
20,818,2017,,Table Note,Value added at factor values
20,818,2017,,Concepts and definitions,Value added is valued at market prices.
,826,,,Deviations from ISIC,Data presented in ISIC (Revision 4) were originally classified according to the national NACE-related classification system.
,826,,,Concepts and definitions,No deviations from the standard UN concepts and definitions are reported.
,826,,,Adjusted for non-response,Not reported.
,826,,,Reference Period,"Calendar year; however, data given for a financial year are accepted to reduce the burden on survey respondents."
,826,,,Type of enumeration,Complete enumeration for large enterprises; sample survey for smaller enterprises.
,826,,,Related national publications,"Non-financial business economy, UK and regional (Annual Business Survey), published by the Office for National Statistics, Newport."
,826,,,Method of data collection,Not reported.
,826,,,Footnote,Data derived from OECD's or Eurostat's databases refer to Gross investment in tangible goods only.
,826,2005,,Table Note,Number of enterprises
,826,2005,,Data Supplier,"Office for National Statistics, Newport.  
Industrial statistics for the OECD countries are compiled by the OECD secretariat, which supplies them to UNIDO."
,826,2006,,Table Note,Number of enterprises
,826,2006,,Data Supplier,"Office for National Statistics, Newport.  
Industrial statistics for the OECD countries are compiled by the OECD secretariat, which supplies them to UNIDO."
,826,2007,,Table Note,Number of enterprises
,826,2007,,Data Supplier,"Office for National Statistics, Newport.  
Industrial statistics for the OECD countries are compiled by the OECD secretariat, which supplies them to UNIDO."
,826,2008,,Table Note,Number of enterprises
,826,2008,,Source,Annual business inquiry; business register.
,826,2008,,Scope,All businesses that meet the requirements for compulsory VAT registration and are registered for VAT and/or Pay as You Earn (PAYE).
,826,2008,,Data Supplier,"Office for National Statistics, Newport.  
Industrial statistics for the OECD countries are compiled by the OECD secretariat, which supplies them to UNIDO."
,826,2009,,Table Note,Number of enterprises
,826,2009,,Source,Annual business survey; business register.
,826,2009,,Data Supplier,"Office for National Statistics, Newport.  
Industrial statistics for the OECD countries are compiled by the OECD secretariat, which supplies them to UNIDO."
,826,2009,,Scope,All businesses registered for VAT and/or Pay as You Earn (PAYE).
,826,2010,,Table Note,Number of enterprises
,826,2010,,Scope,All businesses registered for VAT and/or Pay as You Earn (PAYE).
,826,2010,,Source,Annual business survey; business register.
,826,2010,,Data Supplier,"Office for National Statistics, Newport.  
Industrial statistics for the OECD countries are compiled by the OECD secretariat, which supplies them to UNIDO."
,826,2011,,Table Note,Number of enterprises
,826,2011,,Scope,All businesses registered for VAT and/or Pay as You Earn (PAYE).
,826,2011,,Source,Annual business survey; business register.
,826,2011,,Data Supplier,"Office for National Statistics, Newport.  
Industrial statistics for the OECD countries are compiled by the OECD secretariat, which supplies them to UNIDO."
,826,2012,,Table Note,Number of enterprises
,826,2012,,Source,Annual business survey; business register.
,826,2012,,Data Supplier,"Office for National Statistics, Newport.  
Industrial statistics for the OECD countries are compiled by the OECD secretariat, which supplies them to UNIDO."
,826,2012,,Scope,All businesses registered for VAT and/or Pay as You Earn (PAYE).
,826,2013,,Table Note,Number of enterprises
,826,2013,,Scope,All businesses registered for VAT and/or Pay as You Earn (PAYE).
,826,2013,,Source,Annual business survey; business register.
,826,2013,,Data Supplier,"Office for National Statistics, Newport.  
Industrial statistics for the OECD countries are compiled by the OECD secretariat, which supplies them to UNIDO."
,826,2014,,Table Note,Number of enterprises
,826,2014,,Source,Annual business survey; business register.
,826,2014,,Data Supplier,"Office for National Statistics, Newport.  
Industrial statistics for the OECD countries are compiled by the OECD secretariat, which supplies them to UNIDO."
,826,2014,,Scope,All businesses registered for VAT and/or Pay as You Earn (PAYE).
,826,2015,,Table Note,Number of enterprises
,826,2015,,Table Note,Output at producers' prices
,826,2015,,Scope,All businesses registered for VAT and/or Pay as You Earn (PAYE).
,826,2015,,Source,Annual business survey; business register.
,826,2015,,Data Supplier,"Office for National Statistics, Newport.  
Data compiled by UNIDO were derived from Eurostat's structural business statistics (SBS) database."
,826,2016,,Table Note,Number of enterprises
,826,2016,,Table Note,Output at producers' prices
,826,2016,,Scope,All businesses registered for VAT and/or Pay as You Earn (PAYE).
,826,2016,,Special note,Methodological break in 2016.
,826,2016,,Source,Annual business survey; business register.
,826,2016,,Data Supplier,"Office for National Statistics, Newport.  
Data compiled by UNIDO were derived from Eurostat's structural business statistics (SBS) database."
,826,2017,,Table Note,Number of enterprises
,826,2017,,Table Note,Output at producers' prices
,826,2017,,Source,Annual business survey; business register.
,826,2017,,Data Supplier,"Office for National Statistics, Newport.  
Data compiled by UNIDO were derived from Eurostat's structural business statistics (SBS) database."
,826,2017,,Scope,All businesses registered for VAT and/or Pay as You Earn (PAYE).
,826,2018,,Table Note,Number of enterprises
,826,2018,,Table Note,Output at producers' prices
,826,2018,,Scope,All businesses registered for VAT and/or Pay as You Earn (PAYE).
,826,2018,,Source,Annual business survey; business register.
,826,2018,,Data Supplier,"Office for National Statistics, Newport.  
Data compiled by UNIDO were derived from Eurostat's structural business statistics (SBS) database."
,826,2019,,Table Note,Number of enterprises
,826,2019,,Table Note,Output at producers' prices
,826,2019,,Data Supplier,"Office for National Statistics, Newport.  
Data compiled by UNIDO were derived from Eurostat's structural business statistics (SBS) database."
,826,2019,,Special note,Data were derived from OECD's databases.
,826,2019,,Scope,All businesses registered for VAT and/or Pay as You Earn (PAYE).
,826,2019,,Source,Annual business survey; business register.
,826,2019,,Data Supplier,"Office for National Statistics, Newport."
,826,2019,,Footnote,Data refer to total wages and salaries for all persons engaged.
,826,2020,,Table Note,Number of enterprises
,826,2020,,Source,Annual business survey; business register.
,826,2020,,Data Supplier,"Office for National Statistics, Newport."
,826,2020,,Special note,Data derived from official website.
,826,2020,,Scope,All businesses registered for VAT and/or Pay as You Earn (PAYE).
20,826,2005,,Table Note,Value added at factor values
20,826,2006,,Table Note,Value added at factor values
20,826,2007,,Table Note,Value added at factor values
20,826,2008,,Table Note,Value added at factor values
20,826,2009,,Table Note,Value added at factor values
20,826,2010,,Table Note,Value added at factor values
20,826,2011,,Table Note,Value added at factor values
20,826,2012,,Table Note,Value added at factor values
20,826,2013,,Table Note,Value added at factor values
20,826,2014,,Table Note,Value added at factor values
20,826,2015,,Table Note,Value added at factor values
20,826,2016,,Table Note,Value added at factor values
20,826,2017,,Table Note,Value added at factor values
20,826,2018,,Table Note,Value added at factor values
20,826,2019,,Table Note,Value added at basic prices
20,826,2020,,Table Note,Value added at basic prices
,834,,,Footnote,A zero (0) indicates that a value is either nil or negligible.
,834,,,Footnote,"For some industries, the number of employees may be less than the number of establishments owing to the reason that the workforce in those industries consists of: a) working proprietors, b) active business partners and, c) home workers that are not included in the count of employees."
,834,2008,,Table Note,Output at factor values
,834,2008,,Reference Period,Calendar year.
,834,2008,,Scope,Establishments with 10 or more employees.
,834,2008,,Data Supplier,"National Bureau of Statistics, Dodoma."
,834,2008,,Adjusted for non-response,Yes (response rate: approximately 90%).
,834,2008,,Related national publications,"Annual Survey of Industrial Production Report, published by the National Bureau of Statistics, Dodoma."
,834,2008,,Type of enumeration,Complete enumeration.
,834,2008,,Source,Annual survey.
,834,2008,,Method of data collection,Direct interview in the field and mail questionnaires.
,834,2008,,Deviations from ISIC,None reported.
,834,2008,,Concepts and definitions,"Gross fixed capital formation excludes Intellectual property products of R&D, computer software, databases, etc."
,834,2008,,Concepts and definitions,"Wages and salaries includes employers' contributions (in respect of their employees) paid to social security, pension and insurance schemes as well as the benefits received by employees under these schemes and severance and termination pay."
,834,2009,,Table Note,Output at factor values
,834,2009,,Source,Annual survey.
,834,2009,,Related national publications,"Annual Survey of Industrial Production Report, published by the National Bureau of Statistics, Dodoma."
,834,2009,,Method of data collection,Direct interview in the field and mail questionnaires.
,834,2009,,Deviations from ISIC,None reported.
,834,2009,,Reference Period,Calendar year.
,834,2009,,Type of enumeration,Complete enumeration.
,834,2009,,Scope,Establishments with 10 or more employees.
,834,2009,,Data Supplier,"National Bureau of Statistics, Dodoma."
,834,2009,,Adjusted for non-response,Yes (response rate: approximately 90%).
,834,2009,,Concepts and definitions,"Wages and salaries includes employers' contributions (in respect of their employees) paid to social security, pension and insurance schemes as well as the benefits received by employees under these schemes and severance and termination pay."
,834,2009,,Concepts and definitions,"Gross fixed capital formation excludes Intellectual property products of R&D, computer software, databases, etc."
,834,2010,,Table Note,Output at factor values
,834,2010,,Reference Period,Calendar year.
,834,2010,,Scope,Establishments with 10 or more employees.
,834,2010,,Data Supplier,"National Bureau of Statistics, Dodoma."
,834,2010,,Type of enumeration,Complete enumeration.
,834,2010,,Related national publications,"Annual Survey of Industrial Production Report, published by the National Bureau of Statistics, Dodoma."
,834,2010,,Method of data collection,Direct interview in the field and mail questionnaires.
,834,2010,,Special note,Methodological break in 2010.
,834,2010,,Deviations from ISIC,None reported.
,834,2010,,Source,Annual survey.
,834,2010,,Adjusted for non-response,Yes (response rate: approximately 85%).
,834,2010,,Concepts and definitions,Output includes revenue from non-industrial activities.
,834,2010,,Concepts and definitions,"Wages and salaries refers to direct wages and salaries, bonuses and gratuities only."
,834,2011,,Table Note,Output at factor values
,834,2011,,Scope,Establishments with 10 or more employees.
,834,2011,,Adjusted for non-response,Yes (response rate: approximately 85%).
,834,2011,,Deviations from ISIC,None reported.
,834,2011,,Concepts and definitions,Output includes revenue from non-industrial activities.
,834,2011,,Related national publications,"Annual Survey of Industrial Production Report, published by the National Bureau of Statistics, Dodoma."
,834,2011,,Type of enumeration,Complete enumeration.
,834,2011,,Method of data collection,Direct interview in the field and mail questionnaires.
,834,2011,,Source,Annual survey.
,834,2011,,Reference Period,Calendar year.
,834,2011,,Data Supplier,"National Bureau of Statistics, Dodoma."
,834,2011,,Concepts and definitions,"Wages and salaries refers to direct wages and salaries, bonuses and gratuities only."
,834,2012,,Table Note,Output at factor values
,834,2012,,Source,Annual survey.
,834,2012,,Adjusted for non-response,Yes (response rate: approximately 85%).
,834,2012,,Related national publications,"Annual Survey of Industrial Production Report, published by the National Bureau of Statistics, Dodoma."
,834,2012,,Method of data collection,Direct interview in the field and mail questionnaires.
,834,2012,,Deviations from ISIC,None reported.
,834,2012,,Concepts and definitions,Output includes revenue from non-industrial activities.
,834,2012,,Type of enumeration,Complete enumeration.
,834,2012,,Reference Period,Calendar year.
,834,2012,,Scope,Establishments with 10 or more employees.
,834,2012,,Data Supplier,"National Bureau of Statistics, Dodoma."
,834,2012,,Concepts and definitions,"Wages and salaries refers to direct wages and salaries, bonuses and gratuities only."
,834,2013,,Table Note,Output at factor values
,834,2013,,Reference Period,Calendar year.
,834,2013,,Type of enumeration,Complete enumeration.
,834,2013,,Scope,Establishments with 10 or more employees.
,834,2013,,Data Supplier,"National Bureau of Statistics, Dodoma."
,834,2013,,Related national publications,"Annual Survey of Industrial Production Report, published by the National Bureau of Statistics, Dodoma."
,834,2013,,Method of data collection,Direct interview in the field and mail questionnaires.
,834,2013,,Deviations from ISIC,None reported.
,834,2013,,Source,Annual survey.
,834,2013,,Adjusted for non-response,Yes (response rate: approximately 85%).
,834,2013,,Concepts and definitions,Output includes revenue from non-industrial activities.
,834,2013,,Concepts and definitions,"Wages and salaries refers to direct wages and salaries, bonuses and gratuities only."
,834,2014,,Table Note,Output at factor values
,834,2014,,Related national publications,"Annual Survey of Industrial Production Report, published by the National Bureau of Statistics, Dodoma."
,834,2014,,Source,Annual survey.
,834,2014,,Adjusted for non-response,Yes (response rate: approximately 85%).
,834,2014,,Concepts and definitions,Output includes revenue from non-industrial activities.
,834,2014,,Method of data collection,Direct interview in the field and mail questionnaires.
,834,2014,,Deviations from ISIC,None reported.
,834,2014,,Type of enumeration,Complete enumeration.
,834,2014,,Reference Period,Calendar year.
,834,2014,,Scope,Establishments with 10 or more employees.
,834,2014,,Data Supplier,"National Bureau of Statistics, Dodoma."
,834,2014,,Concepts and definitions,"Wages and salaries refers to direct wages and salaries, bonuses and gratuities only."
,834,2015,,Table Note,Output at factor values
,834,2015,,Source,Annual survey.
,834,2015,,Reference Period,Calendar year.
,834,2015,,Data Supplier,"National Bureau of Statistics, Dodoma."
,834,2015,,Adjusted for non-response,Yes (response rate: approximately 90%).
,834,2015,,Related national publications,"Annual Survey of Industrial Production Report, published by the National Bureau of Statistics, Dodoma."
,834,2015,,Type of enumeration,Complete enumeration.
,834,2015,,Method of data collection,Direct interview in the field and mail questionnaires.
,834,2015,,Deviations from ISIC,None reported.
,834,2015,,Footnote,Number of female employees is the number of female persons engaged.
,834,2015,,Scope,Establishments with 10 or more employees.
,834,2015,,Concepts and definitions,Output includes revenue from non-industrial activities.
,834,2015,,Concepts and definitions,Wages and salaries refers to direct wages and salaries only.
,834,2016,,Table Note,Output at factor values
,834,2016,,Reference Period,Calendar year.
,834,2016,,Scope,Establishments with 10 or more employees.
,834,2016,,Data Supplier,"National Bureau of Statistics, Dodoma."
,834,2016,,Type of enumeration,Complete enumeration.
,834,2016,,Related national publications,"Annual Survey of Industrial Production Report, published by the National Bureau of Statistics, Dodoma."
,834,2016,,Method of data collection,Direct interview in the field and mail questionnaires.
,834,2016,,Deviations from ISIC,None reported.
,834,2016,,Footnote,Number of female employees is the number of female persons engaged.
,834,2016,,Source,Annual survey.
,834,2016,,Adjusted for non-response,Yes (response rate: approximately 90%).
,834,2016,,Concepts and definitions,Output includes revenue from non-industrial activities.
,834,2016,,Concepts and definitions,Wages and salaries refers to direct wages and salaries only.
,834,2017,,Table Note,Output at factor values
,834,2017,,Source,Annual survey.
,834,2017,,Adjusted for non-response,Yes (response rate: approximately 90%).
,834,2017,,Concepts and definitions,Output includes revenue from non-industrial activities.
,834,2017,,Footnote,Estimated data from Tanzanian National Bureau of Statistics based on the Annual Industrial Production Survey (ASIP) 2015 and 2016.
,834,2017,,Footnote,Estimated data from Tanzanian National Bureau of Statistics based on the Annual Industrial Production Survey (ASIP) 2015 and 2016.
,834,2017,,Related national publications,"Annual Survey of Industrial Production Report, published by the National Bureau of Statistics, Dodoma."
,834,2017,,Method of data collection,Direct interview in the field and mail questionnaires.
,834,2017,,Deviations from ISIC,None reported.
,834,2017,,Footnote,Estimated data from Tanzanian National Bureau of Statistics based on the Annual Industrial Production Survey (ASIP) 2015 and 2016.
,834,2017,,Type of enumeration,Complete enumeration.
,834,2017,,Footnote,Estimated data from Tanzanian National Bureau of Statistics based on the Annual Industrial Production Survey (ASIP) 2015 and 2016.
,834,2017,,Reference Period,Calendar year.
,834,2017,,Scope,Establishments with 10 or more employees.
,834,2017,,Data Supplier,"National Bureau of Statistics, Dodoma."
,834,2017,,Footnote,Estimated data from Tanzanian National Bureau of Statistics based on the Annual Industrial Production Survey (ASIP) 2015 and 2016.
,834,2017,,Concepts and definitions,Wages and salaries refers to direct wages and salaries only.
,834,2017,,Footnote,Estimated data from Tanzanian National Bureau of Statistics based on the Annual Industrial Production Survey (ASIP) 2015 and 2016.
,834,2017,,Footnote,Number of female employees is the number of female persons engaged.
,834,2018,,Table Note,Output at factor values
,834,2018,,Reference Period,Calendar year.
,834,2018,,Scope,Establishments with 10 or more employees.
,834,2018,,Data Supplier,"National Bureau of Statistics, Dodoma."
,834,2018,,Footnote,Estimated data from Tanzanian National Bureau of Statistics based on the Annual Industrial Production Survey (ASIP) 2015 and 2016.
,834,2018,,Footnote,Estimated data from Tanzanian National Bureau of Statistics based on the Annual Industrial Production Survey (ASIP) 2015 and 2016.
,834,2018,,Footnote,Estimated data from Tanzanian National Bureau of Statistics based on the Annual Industrial Production Survey (ASIP) 2015 and 2016.
,834,2018,,Type of enumeration,Complete enumeration.
,834,2018,,Related national publications,"Annual Survey of Industrial Production Report, published by the National Bureau of Statistics, Dodoma."
,834,2018,,Method of data collection,Direct interview in the field and mail questionnaires.
,834,2018,,Deviations from ISIC,None reported.
,834,2018,,Footnote,Estimated data from Tanzanian National Bureau of Statistics based on the Annual Industrial Production Survey (ASIP) 2015 and 2016.
,834,2018,,Footnote,Number of female employees is the number of female persons engaged.
,834,2018,,Footnote,Estimated data from Tanzanian National Bureau of Statistics based on the Annual Industrial Production Survey (ASIP) 2015 and 2016.
,834,2018,,Source,Annual survey.
,834,2018,,Adjusted for non-response,Yes (response rate: approximately 90%).
,834,2018,,Concepts and definitions,Output includes revenue from non-industrial activities.
,834,2018,,Footnote,Estimated data from Tanzanian National Bureau of Statistics based on the Annual Industrial Production Survey (ASIP) 2015 and 2016.
,834,2018,,Concepts and definitions,Wages and salaries refers to direct wages and salaries only.
,834,2019,,Table Note,Output at factor values
,834,2019,,Scope,Establishments with 10 or more employees.
,834,2019,,Concepts and definitions,Output includes revenue from non-industrial activities.
,834,2019,,Footnote,Estimated data from Tanzanian National Bureau of Statistics based on the Annual Industrial Production Survey (ASIP) 2015 and 2016.
,834,2019,,Footnote,Estimated data from Tanzanian National Bureau of Statistics based on the Annual Industrial Production Survey (ASIP) 2015 and 2016.
,834,2019,,Deviations from ISIC,None reported.
,834,2019,,Footnote,Estimated data from Tanzanian National Bureau of Statistics based on the Annual Industrial Production Survey (ASIP) 2015 and 2016.
,834,2019,,Footnote,Estimated data from Tanzanian National Bureau of Statistics based on the Annual Industrial Production Survey (ASIP) 2015 and 2016.
,834,2019,,Related national publications,"Annual Survey of Industrial Production Report, published by the National Bureau of Statistics, Dodoma."
,834,2019,,Type of enumeration,Complete enumeration.
,834,2019,,Method of data collection,Direct interview in the field and mail questionnaires.
,834,2019,,Footnote,Estimated data from Tanzanian National Bureau of Statistics based on the Annual Industrial Production Survey (ASIP) 2015 and 2016.
,834,2019,,Source,Annual survey.
,834,2019,,Reference Period,Calendar year.
,834,2019,,Data Supplier,"National Bureau of Statistics, Dodoma."
,834,2019,,Adjusted for non-response,Yes (response rate: approximately 90%).
,834,2019,,Footnote,Estimated data from Tanzanian National Bureau of Statistics based on the Annual Industrial Production Survey (ASIP) 2015 and 2016.
,834,2019,,Concepts and definitions,Wages and salaries refers to direct wages and salaries only.
,834,2019,,Footnote,Number of female employees is the number of female persons engaged.
20,834,2008,,Table Note,Value added at factor values
20,834,2009,,Table Note,Value added at factor values
20,834,2010,,Table Note,Value added at factor values
20,834,2011,,Table Note,Value added at factor values
20,834,2012,,Table Note,Value added at factor values
20,834,2013,,Table Note,Value added at factor values
20,834,2014,,Table Note,Value added at factor values
20,834,2015,,Table Note,Value added at factor values
20,834,2016,,Table Note,Value added at factor values
20,834,2017,,Table Note,Value added at factor values
20,834,2017,,Footnote,Estimated data from Tanzanian National Bureau of Statistics based on the Annual Industrial Production Survey (ASIP) 2015 and 2016.
20,834,2018,,Table Note,Value added at factor values
20,834,2018,,Footnote,Estimated data from Tanzanian National Bureau of Statistics based on the Annual Industrial Production Survey (ASIP) 2015 and 2016.
20,834,2019,,Table Note,Value added at factor values
20,834,2019,,Footnote,Estimated data from Tanzanian National Bureau of Statistics based on the Annual Industrial Production Survey (ASIP) 2015 and 2016.
,840,,,Scope,All manufacturing establishments with one or more paid employees at any time during the reference year.
,840,,,Reference Period,Calendar year.
,840,,,Deviations from ISIC,Data presented in accordance with ISIC (Revision 4) were originally classified according to the North American Industry Classification System (NAICS).
,840,,,Method of data collection,Questionnaires and administrative source.
,840,,,Special note,The U.S. Census Bureau conducts Annual Survey of Manufactures (ASM) in each of the 4 years between the Econonomic Censuses (years ending in 2 and 7 are Economic Censuus years).
,840,,,Footnote,"Data were derived from the official website of the Census Bureau, U.S. Department of Commerce, Washington, D.C."
,840,,,Data Supplier,"Census Bureau, U.S. Department of Commerce, Washington, D.C."
,840,,,Source,Census; annual survey; administrative data.
,840,,,Concepts and definitions,No deviations from the standard UN concepts and definitions are reported.
,840,,,Type of enumeration,Economic Census (years ending in 2 and 7): a. complete enumeration for large-/medium-size firms and all multi-establishment firms; b. sampling method for small employers (those with paid employees) and single-establishment firms with payroll below a specified cut off; c. data from existing administrative records of other federal agencies are used for very small firms; Annual Survey of Manufactures (years between the Census): sample survey.
,840,,,Footnote,"Data were derived from the official website of the Census Bureau, U.S. Department of Commerce, Washington, D.C."
,840,,,Footnote,"Data were derived from the official website of the Census Bureau, U.S. Department of Commerce, Washington, D.C."
,840,,,Footnote,"Data were derived from the official website of the Census Bureau, U.S. Department of Commerce, Washington, D.C."
,840,2007,,Footnote,Output refers to total value of shipments.
,840,2007,,Footnote,Data were derived from OECD's databases.
,840,2008,,Table Note,Number of enterprises
,840,2008,,Footnote,Output refers to total value of shipments and receipts for services.
,840,2008,,Footnote,Data were derived from OECD's databases.
,840,2009,,Table Note,Number of enterprises
,840,2009,,Footnote,Output refers to total value of shipments and receipts for services.
,840,2009,,Footnote,Data were derived from OECD's databases.
,840,2010,,Table Note,Number of enterprises
,840,2010,,Footnote,Data were derived from OECD's databases.
,840,2010,,Footnote,Output refers to total value of shipments and receipts for services.
,840,2011,,Table Note,Number of enterprises
,840,2011,,Footnote,Output refers to total value of shipments and receipts for services.
,840,2011,,Footnote,Data were derived from OECD's databases.
,840,2012,,Table Note,Number of enterprises
,840,2012,,Footnote,Data were derived from OECD's databases.
,840,2012,,Footnote,Output refers to total value of shipments and receipts for services.
,840,2013,,Table Note,Number of enterprises
,840,2013,,Footnote,Output refers to total value of shipments and receipts for services.
,840,2013,,Footnote,Data were derived from OECD's databases.
,840,2014,,Table Note,Number of enterprises
,840,2014,,Footnote,Output refers to total value of shipments and receipts for services.
,840,2014,,Footnote,Data were derived from OECD's databases.
,840,2015,,Table Note,Number of enterprises
,840,2015,,Footnote,Data were derived from OECD's databases.
,840,2015,,Footnote,Output refers to total value of shipments and receipts for services.
,840,2016,,Footnote,Output refers to total value of shipments and receipts for services.
,840,2017,,Table Note,Number of enterprises
,840,2017,,Footnote,"Data were derived from the official website of the Census Bureau, U.S. Department of Commerce, Washington, D.C."
,840,2017,,Footnote,Output refers to total value of shipments and receipts for services.
,840,2018,,Footnote,Output refers to total value of shipments and receipts for services.
,840,2019,,Footnote,Output refers to total value of shipments and receipts for services.
,840,2020,,Footnote,Output refers to total value of shipments and receipts for services.
20,840,,,Footnote,"Data were derived from the official website of the Census Bureau, U.S. Department of Commerce, Washington, D.C."
,858,,,Concepts and definitions,Output includes revenues from non-industrial activities.
,858,2008,,Table Note,Number of persons engaged
,858,2008,,Related national publications,"Encuesta Anual de Actividad Econ?mica, published by the Instituto Nacional de Estad?stica, Montevideo."
,858,2008,,Deviations from ISIC,None reported.
,858,2008,,Method of data collection,Not reported.
,858,2008,,Concepts and definitions,Output refers to gross output.
,858,2008,,Data Supplier,"Instituto Nacional de Estad?stica, Departamento de Difusi?n y Comunicaci?n, Montevideo."
,858,2008,,Adjusted for non-response,Not reported.
,858,2008,,Reference Period,Not reported.
,858,2008,,Scope,Not reported.
,858,2008,,Type of enumeration,Not reported.
,858,2009,,Table Note,Number of persons engaged
,858,2009,,Related national publications,"Encuesta Anual de Actividad Econ?mica, published by the Instituto Nacional de Estad?stica, Montevideo."
,858,2009,,Adjusted for non-response,Not reported.
,858,2009,,Reference Period,Not reported.
,858,2009,,Scope,Not reported.
,858,2009,,Data Supplier,"Instituto Nacional de Estad?stica, Departamento de Difusi?n y Comunicaci?n, Montevideo."
,858,2009,,Concepts and definitions,Output refers to gross output.
,858,2009,,Deviations from ISIC,None reported.
,858,2009,,Method of data collection,Not reported.
,858,2009,,Type of enumeration,Not reported.
,858,2010,,Table Note,Number of persons engaged
,858,2010,,Source,Annual survey of registered enterprises.
,858,2010,,Scope,Enterprises with 10 or more persons engaged.
,858,2010,,Reference Period,Fiscal year.
,858,2010,,Data Supplier,"Instituto Nacional de Estad?stica, Departamento de Difusi?n y Comunicaci?n, Montevideo."
,858,2010,,Adjusted for non-response,Yes (response rate: approximately 90 %).
,858,2010,,Concepts and definitions,Number of persons engaged includes home workers.
,858,2010,,Concepts and definitions,Output refers to gross output.
,858,2010,,Deviations from ISIC,None reported.
,858,2010,,Related national publications,"Encuesta Anual de Actividad Econ?mica, published by the Instituto Nacional de Estad?stica, Montevideo."
,858,2010,,Method of data collection,Online survey (self entry).
,858,2010,,Type of enumeration,Sample survey.
,858,2010,,Concepts and definitions,"Wages and salaries includes employers' contributions (in respect of their employees) paid to social security, pension and insurance schemes as well as the benefits received by employees under these schemes and severance and termination pay."
,858,2011,,Table Note,Number of enterprises
,858,2011,,Table Note,Number of persons engaged
,858,2011,,Source,Annual survey of registered enterprises.
,858,2011,,Scope,Enterprises with 10 or more persons engaged.
,858,2011,,Reference Period,Fiscal year.
,858,2011,,Data Supplier,"Instituto Nacional de Estad?stica, Departamento de Difusi?n y Comunicaci?n, Montevideo."
,858,2011,,Adjusted for non-response,Yes (response rate: approximately 90 %).
,858,2011,,Related national publications,"Encuesta Anual de Actividad Econ?mica, published by the Instituto Nacional de Estad?stica, Montevideo."
,858,2011,,Deviations from ISIC,None reported.
,858,2011,,Method of data collection,Online survey (self entry).
,858,2011,,Type of enumeration,Sample survey.
,858,2011,,Concepts and definitions,Number of persons engaged includes home workers.
,858,2011,,Concepts and definitions,Output refers to gross output.
,858,2011,,Concepts and definitions,"Wages and salaries includes employers' contributions (in respect of their employees) paid to social security, pension and insurance schemes as well as the benefits received by employees under these schemes and severance and termination pay."
,858,2012,,Table Note,Number of enterprises
,858,2012,,Table Note,Number of persons engaged
,858,2012,,Data Supplier,"Instituto Nacional de Estad?stica, Departamento de Difusi?n y Comunicaci?n, Montevideo."
,858,2012,,Adjusted for non-response,Yes (response rate: approximately 90 %).
,858,2012,,Concepts and definitions,Number of persons engaged includes home workers.
,858,2012,,Source,Annual survey of registered enterprises.
,858,2012,,Scope,Enterprises with 10 or more persons engaged.
,858,2012,,Reference Period,Fiscal year.
,858,2012,,Method of data collection,Online survey (self entry).
,858,2012,,Concepts and definitions,Output refers to gross output.
,858,2012,,Related national publications,"Encuesta Anual de Actividad Econ?mica, published by the Instituto Nacional de Estad?stica, Montevideo."
,858,2012,,Deviations from ISIC,None reported.
,858,2012,,Type of enumeration,Sample survey.
,858,2012,,Concepts and definitions,"Wages and salaries includes employers' contributions (in respect of their employees) paid to social security, pension and insurance schemes as well as the benefits received by employees under these schemes and severance and termination pay."
,858,2013,,Table Note,Number of enterprises
,858,2013,,Table Note,Number of persons engaged
,858,2013,,Table Note,Output at basic prices
,858,2013,,Source,Annual survey of registered enterprises.
,858,2013,,Scope,Enterprises with 10 or more persons engaged.
,858,2013,,Reference Period,Fiscal year.
,858,2013,,Adjusted for non-response,Yes (response rate: approximately 90 %).
,858,2013,,Concepts and definitions,Number of persons engaged includes home workers.
,858,2013,,Data Supplier,"Instituto Nacional de Estad?stica, Departamento de Encuestas de Actividad Econ?mica, Montevideo."
,858,2013,,Related national publications,"Encuesta Anual de Actividad Econ?mica, published by the Instituto Nacional de Estad?stica, Montevideo."
,858,2013,,Deviations from ISIC,None reported.
,858,2013,,Method of data collection,Online survey (self entry).
,858,2013,,Type of enumeration,Sample survey.
,858,2013,,Concepts and definitions,"Wages and salaries includes employers' contributions (in respect of their employees) paid to social security, pension and insurance schemes as well as the benefits received by employees under these schemes and severance and termination pay."
,858,2014,,Table Note,Number of enterprises
,858,2014,,Table Note,Number of persons engaged
,858,2014,,Table Note,Output at basic prices
,858,2014,,Data Supplier,"Instituto Nacional de Estad?stica, Departamento de Encuestas de Actividad Econ?mica, Montevideo."
,858,2014,,Source,Annual survey of registered enterprises.
,858,2014,,Scope,Enterprises with 10 or more persons engaged.
,858,2014,,Reference Period,Fiscal year.
,858,2014,,Adjusted for non-response,Yes (response rate: approximately 90 %).
,858,2014,,Related national publications,"Encuesta Anual de Actividad Econ?mica, published by the Instituto Nacional de Estad?stica, Montevideo."
,858,2014,,Method of data collection,Online survey (self entry).
,858,2014,,Type of enumeration,Sample survey.
,858,2014,,Concepts and definitions,Number of persons engaged includes home workers.
,858,2014,,Deviations from ISIC,None reported.
,858,2014,,Concepts and definitions,"Wages and salaries includes employers' contributions (in respect of their employees) paid to social security, pension and insurance schemes as well as the benefits received by employees under these schemes and severance and termination pay."
,858,2018,,Table Note,Number of enterprises
,858,2018,,Table Note,Output at basic prices
,858,2018,,Source,Annual survey of registered enterprises.
,858,2018,,Scope,Enterprises with 10 or more persons engaged.
,858,2018,,Reference Period,Fiscal year.
,858,2018,,Adjusted for non-response,Yes (response rate: approximately 80%).
,858,2018,,Deviations from ISIC,None reported.
,858,2018,,Data Supplier,"Instituto Nacional de Estad?stica, Departamento de Encuestas de Actividad Econ?mica, Montevideo."
,858,2018,,Concepts and definitions,Number of employees includes home workers.
,858,2018,,Related national publications,"Encuesta Anual de Actividad Econ?mica, published by the Instituto Nacional de Estad?stica, Montevideo."
,858,2018,,Method of data collection,Online survey (self entry).
,858,2018,,Type of enumeration,Sample survey.
,858,2018,,Concepts and definitions,"Wages and salaries includes employers' contributions (in respect of their employees) paid to social security, pension and insurance schemes as well as the benefits received by employees under these schemes and severance and termination pay."
,858,2019,,Table Note,Number of enterprises
,858,2019,,Table Note,Output at basic prices
,858,2019,,Source,Annual survey of registered enterprises.
,858,2019,,Concepts and definitions,Number of employees includes home workers.
,858,2019,,Related national publications,"Encuesta Anual de Actividad Econ?mica, published by the Instituto Nacional de Estad?stica, Montevideo."
,858,2019,,Deviations from ISIC,None reported.
,858,2019,,Method of data collection,Online survey (self entry).
,858,2019,,Type of enumeration,Sample survey.
,858,2019,,Scope,Enterprises with 10 or more persons engaged.
,858,2019,,Reference Period,Fiscal year.
,858,2019,,Data Supplier,"Instituto Nacional de Estad?stica, Departamento de Encuestas de Actividad Econ?mica, Montevideo."
,858,2019,,Adjusted for non-response,Yes (response rate: approximately 80%).
,858,2019,,Concepts and definitions,"Wages and salaries includes employers' contributions (in respect of their employees) paid to social security, pension and insurance schemes as well as the benefits received by employees under these schemes and severance and termination pay."
20,858,2008,,Concepts and definitions,Value added is total value added.
20,858,2009,,Concepts and definitions,Value added is total value added.
20,858,2010,,Concepts and definitions,Value added is total value added.
20,858,2011,,Concepts and definitions,Value added is total value added.
20,858,2012,,Concepts and definitions,Value added is total value added.
20,858,2013,,Table Note,Value added at basic prices
20,858,2014,,Table Note,Value added at basic prices
20,858,2018,,Table Note,Value added at basic prices
20,858,2019,,Table Note,Value added at basic prices
,860,,,Reference Period,Calendar year.
,860,,,Type of enumeration,Complete enumeration.
,860,,,Deviations from ISIC,None reported.
,860,,,Related national publications,None reported.
,860,,,Scope,All enterprises.
,860,,,Adjusted for non-response,No.  (Response rate: approximately 100%)
,860,,,Source,Survey; administrative source.
,860,,,Data Supplier,"The State Committee of the Republic of Uzbekistan on Statistics, Tashkent."
,860,,,Concepts and definitions,Number of employees includes home workers.
,860,,,Method of data collection,Mail questionnaires.
,860,,,Concepts and definitions,Figures for wages and salaries were computed by UNIDO from reported monthly wages and salaries per employee.
,860,2012,,Table Note,Number of enterprises
,860,2013,,Table Note,Number of enterprises
,860,2013,,Table Note,Output at producers' prices
,860,2014,,Table Note,Number of enterprises
,860,2014,,Table Note,Output at producers' prices
,860,2015,,Table Note,Number of enterprises
,860,2015,,Table Note,Output at producers' prices
,860,2016,,Table Note,Number of enterprises
,860,2016,,Table Note,Output at producers' prices
,860,2017,,Table Note,Number of enterprises
,860,2017,,Table Note,Output at producers' prices
,860,2018,,Table Note,Number of enterprises
,860,2018,,Table Note,Output at producers' prices
,860,2019,,Table Note,Number of enterprises
,860,2019,,Table Note,Output at producers' prices
,860,2020,,Table Note,Number of enterprises
,860,2020,,Table Note,Output at producers' prices
20,860,2013,,Table Note,Value added at basic prices
20,860,2014,,Table Note,Value added at basic prices
20,860,2015,,Table Note,Value added at basic prices
20,860,2016,,Table Note,Value added at basic prices
20,860,2017,,Table Note,Value added at basic prices
20,860,2018,,Table Note,Value added at basic prices
20,860,2019,,Table Note,Value added at basic prices
20,860,2020,,Table Note,Value added at basic prices
,894,2010,,Scope,All registered establishments.
,894,2010,,Adjusted for non-response,Not reported.
,894,2010,,Reference Period,Not reported.
,894,2010,,Related national publications,"Gross Domestic Product (GDP) Report, published by the Central Statistical Office (CSO), Lusaka."
,894,2010,,Deviations from ISIC,None reported.
,894,2010,,Source,Annual survey; administrative data.
,894,2010,,Data Supplier,"Central Statistical Office, Lusaka."
,894,2010,,Concepts and definitions,No deviations from the standard UN concepts and definitions are reported.
,894,2010,,Footnote,Data were derived from the official website.
,894,2010,,Method of data collection,Mail questionnaires.
,894,2010,,Type of enumeration,Not reported.
,894,2011,,Scope,All registered establishments.
,894,2011,,Source,Annual survey; administrative data.
,894,2011,,Data Supplier,"Central Statistical Office, Lusaka."
,894,2011,,Related national publications,"Gross Domestic Product (GDP) Report, published by the Central Statistical Office (CSO), Lusaka."
,894,2011,,Concepts and definitions,No deviations from the standard UN concepts and definitions are reported.
,894,2011,,Adjusted for non-response,Not reported.
,894,2011,,Reference Period,Not reported.
,894,2011,,Method of data collection,Mail questionnaires.
,894,2011,,Type of enumeration,Not reported.
,894,2011,,Footnote,Data were derived from the official website.
,894,2011,,Deviations from ISIC,None reported.
,894,2012,,Source,Annual survey; administrative data.
,894,2012,,Data Supplier,"Central Statistical Office, Lusaka."
,894,2012,,Adjusted for non-response,Not reported.
,894,2012,,Scope,All registered establishments.
,894,2012,,Concepts and definitions,No deviations from the standard UN concepts and definitions are reported.
,894,2012,,Reference Period,Not reported.
,894,2012,,Related national publications,"Gross Domestic Product (GDP) Report, published by the Central Statistical Office (CSO), Lusaka."
,894,2012,,Method of data collection,Mail questionnaires.
,894,2012,,Deviations from ISIC,None reported.
,894,2012,,Type of enumeration,Not reported.
,894,2012,,Footnote,Data were derived from the official website.
,894,2013,,Scope,All registered establishments.
,894,2013,,Concepts and definitions,No deviations from the standard UN concepts and definitions are reported.
,894,2013,,Adjusted for non-response,Not reported.
,894,2013,,Reference Period,Not reported.
,894,2013,,Related national publications,"Gross Domestic Product (GDP) Report, published by the Central Statistical Office (CSO), Lusaka."
,894,2013,,Deviations from ISIC,None reported.
,894,2013,,Source,Annual survey; administrative data.
,894,2013,,Data Supplier,"Central Statistical Office, Lusaka."
,894,2013,,Footnote,Data were derived from the official website.
,894,2013,,Method of data collection,Mail questionnaires.
,894,2013,,Type of enumeration,Not reported.
,894,2014,,Source,Annual survey; administrative data.
,894,2014,,Data Supplier,"Central Statistical Office, Lusaka."
,894,2014,,Concepts and definitions,No deviations from the standard UN concepts and definitions are reported.
,894,2014,,Method of data collection,Mail questionnaires.
,894,2014,,Type of enumeration,Not reported.
,894,2014,,Scope,All registered establishments.
,894,2014,,Adjusted for non-response,Not reported.
,894,2014,,Reference Period,Not reported.
,894,2014,,Related national publications,"Gross Domestic Product (GDP) Report, published by the Central Statistical Office (CSO), Lusaka."
,894,2014,,Deviations from ISIC,None reported.
,894,2014,,Footnote,Data were derived from the official website.
,894,2015,,Adjusted for non-response,Not reported.
,894,2015,,Reference Period,Not reported.
,894,2015,,Deviations from ISIC,None reported.
,894,2015,,Scope,All registered establishments.
,894,2015,,Source,Annual survey; administrative data.
,894,2015,,Data Supplier,"Central Statistical Office, Lusaka."
,894,2015,,Concepts and definitions,No deviations from the standard UN concepts and definitions are reported.
,894,2015,,Related national publications,"Gross Domestic Product (GDP) Report, published by the Central Statistical Office (CSO), Lusaka."
,894,2015,,Method of data collection,Mail questionnaires.
,894,2015,,Type of enumeration,Not reported.
,894,2015,,Footnote,Data were derived from the official website.
20,894,2010,,Footnote,Data were derived from the official website.
20,894,2011,,Footnote,Data were derived from the official website.
20,894,2012,,Footnote,Data were derived from the official website.
20,894,2013,,Footnote,Data were derived from the official website.
20,894,2014,,Footnote,Data were derived from the official website.
20,894,2015,,Footnote,Data were derived from the official website.
